# Aspose.3D Wavefront OBJ Exporter
# Copyright 2004-2025 Aspose Pty Ltd.
# File created: 04/01/2025 21:06:49

g obj_60728046

#
# object obj_60728046
#

v -3 35.273697 -3
v -3 32 -3
v -2.921595 35.358376 -3
v -1.9484833 33.82198 -3
v -1.9484833 32 -3
v 39.39037 -3 -3
v 39.18856 -3 -2.7056482
v 40 -3 -3
v 40 -3 3
v 39.39037 -3 3
v 37.43062 -3 -0.05996326
v 39.39037 3 -3
v 39.18856 2.7056482 -3
v 40 3 -3
v 37.43062 0.05996326 -3
v 39.39037 3 3
v 39.18856 3 2.7056482
v 40 3 3
v 37.43062 3 0.05996326
v 39.18856 -2.7056482 3
v 37.43062 -0.05996326 3
v -3 -3 39.518097
v -2.6853886 -3 39.336456
v -3 -1.7916625 39.518097
v -2.4807425 -2.795354 39.218304
v -2 -2.3690126 38.94075
v -2 -2.9469934 38.94075
v -2.4388163 -3 39.336456
v -2 -2.3690126 38.51091
v -3 -3 40
v 1.7916625 -3 39.518097
v 3 -3 40
v 3 -3 39.518097
v 1.7916625 -3 35.9016
v 3 -2.6853886 39.336456
v 2.795354 -2.4807425 39.218304
v 2.3690126 -2 38.94075
v 2.9469934 -2 38.94075
v 3 -2.4388163 39.336456
v 2.3690126 -2 38.51091
v 3 1.7916625 39.518097
v 3 3 40
v 3 3 39.518097
v 3 1.7916625 35.9016
v 2 2.9469934 38.94075
v 2 2.3690126 38.51091
v 2 2.3690126 38.94075
v 2.6853886 3 39.336456
v 2.4807425 2.795354 39.218304
v 2.4388163 3 39.336456
v -1.7916625 3 39.518097
v -3 3 40
v -3 3 39.518097
v -1.7916625 3 35.9016
v -2.9469934 2 38.94075
v -2.3690126 2 38.51091
v -2.3690126 2 38.94075
v -3 2.6853886 39.336456
v -2.795354 2.4807425 39.218304
v -3 2.4388163 39.336456
v -3 -1.7916625 35.9016
v 38.523483 -2 2.716951
v 36.74129 -2 -0.06576709
v 38.026505 -2 -2
v 38.523483 -2.716951 -2
v 36.74129 0.06576709 -2
v 38.026505 2 -2
v 38.523483 2 -2.716951
v 36.74129 2 0.06576709
v 38.026505 2 2
v 38.523483 2.716951 2
v 36.74129 -0.06576709 2
v 38.026505 -2 2
v -2.6391487 -2 35.46408
v -2.6391487 -2 38.75542
v 2 -2.6391487 35.46408
v 2 -2 34.988754
v 2 -2.6391487 38.75542
v 2.6391487 2 35.46408
v 2 2 34.988754
v 2.6391487 2 38.75542
v -2 2 34.988754
v -2 2.6391487 35.46408
v -2 2.6391487 38.75542
v -2 -2 34.988754
v 31.948973 -2 2
v 33.247738 -2 -0.00536288
v 31.948973 -2 -2
v 31.791885 -2 -2.2283711
v 33.247738 0.00536288 -2
v 31.948973 2 -2
v 31.791885 2.2283711 -2
v 31.948973 2 2
v 33.247738 2 0.00536288
v 31.791885 2 2.2283711
v 33.247738 -0.00536288 2
v 31.791885 -2.2283711 2
v -2 -2.5339634 31.009014
v -2 -2.2870705 31.151558
v -1.7841442 -2.6609437 30.935701
v -2 -2.2870705 34.338814
v -1.58839 -3 33.47593
v -1.58839 -3 31.508211
v -1.1920156 -3 31.008982
v 0.92483544 -3 30.74251
v -0.8211475 -3 30.65561
v 0.56678444 -3 30.483768
v -0.4670814 -3 30.432985
v 0.22007713 -3 30.34874
v -0.12230217 -3 30.332031
v 1.302021 -3 31.135637
v -2 -2 34.55207
v 2.2308109 -2.288476 30.912191
v 1.9433515 -2.5524886 30.948812
v 1.6330395 -2.7902112 31.023466
v 2.493429 -2 30.913857
v 2 -2 34.55207
v 2.2870705 -2 31.151558
v 2.5339634 -2 31.009014
v 2.2870705 -2 34.338814
v 2.6609437 -1.7841442 30.935701
v 3 -1.58839 33.47593
v 3 -1.58839 31.508211
v 3 -1.1920156 31.008982
v 3 0.92483544 30.74251
v 3 -0.8211475 30.65561
v 3 0.56678444 30.483768
v 3 -0.4670814 30.432985
v 3 0.22007713 30.34874
v 3 -0.12230217 30.332031
v 3 1.302021 31.135637
v 2.288476 2.2308109 30.912191
v 2.5524886 1.9433515 30.948812
v 2.7902112 1.6330395 31.023466
v 2 2.493429 30.913857
v 2 2 34.55207
v 2 2.2870705 31.151558
v 2 2.5339634 31.009014
v 2 2.2870705 34.338814
v 1.7841442 2.6609437 30.935701
v 1.58839 3 33.47593
v 1.58839 3 31.508211
v 1.1920156 3 31.008982
v -0.92483544 3 30.74251
v 0.8211475 3 30.65561
v -0.56678444 3 30.483768
v 0.4670814 3 30.432985
v -0.22007713 3 30.34874
v 0.12230217 3 30.332031
v -1.302021 3 31.135637
v -2.2308109 2.288476 30.912191
v -1.9433515 2.5524886 30.948812
v -1.6330395 2.7902112 31.023466
v -2.493429 2 30.913857
v -2 2 34.55207
v -2.2870705 2 31.151558
v -2.5339634 2 31.009014
v -2.2870705 2 34.338814
v -2.6609437 1.7841442 30.935701
v -3 1.58839 33.47593
v -3 1.58839 31.508211
v -3 1.1920156 31.008982
v -3 -0.92483544 30.74251
v -3 0.8211475 30.65561
v -3 -0.56678444 30.483768
v -3 0.4670814 30.432985
v -3 -0.22007713 30.34874
v -3 0.12230217 30.332031
v -3 -1.302021 31.135637
v -2.288476 -2.2308109 30.912191
v -2.5524886 -1.9433515 30.948812
v -2.7902112 -1.6330395 31.023466
v -2 -2.493429 30.913857
v 32.558743 -3 -0.0036077304
v 31.46268 -2.77731 1.9252865
v 31.521551 -3 1.5978713
v 31.43696 -2.5266047 2.2312717
v 31.227192 -3 1.3768803
v 30.979248 -3 1.1649075
v 30.774433 -3 0.96033424
v 30.771715 -3 -0.9573587
v 30.610123 -3 0.76170635
v 30.607988 -3 -0.7588085
v 30.395369 -3 0.37707433
v 30.394327 -3 -0.3742765
v 30.342337 -3 0.18867588
v 30.341818 -3 -0.18590245
v 30.324556 -3 0.0013826753
v 31.516844 -3 -1.5945309
v 31.223198 -3 -1.373686
v 30.975914 -3 -1.1618339
v 31.43696 -2.2312717 -2.5266047
v 31.437706 -2.6472976 -2.087054
v 32.558743 0.0036077304 -3
v 31.46268 -1.9252865 -2.77731
v 31.521551 -1.5978713 -3
v 31.227192 -1.3768803 -3
v 30.979248 -1.1649075 -3
v 30.774433 -0.96033424 -3
v 30.771715 0.9573587 -3
v 30.610123 -0.76170635 -3
v 30.607988 0.7588085 -3
v 30.395369 -0.37707433 -3
v 30.394327 0.3742765 -3
v 30.342337 -0.18867588 -3
v 30.341818 0.18590245 -3
v 30.324556 -0.0013826753 -3
v 31.516844 1.5945309 -3
v 31.223198 1.373686 -3
v 30.975914 1.1618339 -3
v 31.43696 2.5266047 -2.2312717
v 31.437706 2.087054 -2.6472976
v 32.558743 3 0.0036077304
v 31.46268 2.77731 -1.9252865
v 31.521551 3 -1.5978713
v 31.227192 3 -1.3768803
v 30.979248 3 -1.1649075
v 30.774433 3 -0.96033424
v 30.771715 3 0.9573587
v 30.610123 3 -0.76170635
v 30.607988 3 0.7588085
v 30.395369 3 -0.37707433
v 30.394327 3 0.3742765
v 30.342337 3 -0.18867588
v 30.341818 3 0.18590245
v 30.324556 3 -0.0013826753
v 31.516844 3 1.5945309
v 31.223198 3 1.373686
v 30.975914 3 1.1618339
v 31.43696 2.2312717 2.5266047
v 31.437706 2.6472976 2.087054
v 32.558743 -0.0036077304 3
v 31.46268 1.9252865 2.77731
v 31.521551 1.5978713 3
v 31.227192 1.3768803 3
v 30.979248 1.1649075 3
v 30.774433 0.96033424 3
v 30.771715 -0.9573587 3
v 30.610123 0.76170635 3
v 30.607988 -0.7588085 3
v 30.395369 0.37707433 3
v 30.394327 -0.3742765 3
v 30.342337 0.18867588 3
v 30.341818 -0.18590245 3
v 30.324556 0.0013826753 3
v 31.516844 -1.5945309 3
v 31.223198 -1.373686 3
v 30.975914 -1.1618339 3
v 31.437706 -2.087054 2.6472976
v -1.0987931 -1.2935994 26.416384
v -0.79477865 -1.4996909 26.416384
v -0.4540694 -1.6354102 26.416384
v -0.091888666 -1.6947868 26.416384
v 0.2745887 -1.674917 26.416384
v 0.6282266 -1.5767299 26.416384
v 0.9524893 -1.4048166 26.416384
v 1.2322147 -1.1672157 26.416384
v 1.454323 -0.8750372 26.416384
v 0.76604444 -0.64278764 24.324554
v 0.9396926 -0.34202015 24.324554
v 1.608429 -0.54194283 26.416384
v 1.6873264 -0.18350782 26.416384
v 1.6873264 0.18350782 26.416384
v 1.608429 0.54194283 26.416384
v 1.454323 0.8750372 26.416384
v 1.2322147 1.1672157 26.416384
v 0.9524893 1.4048166 26.416384
v 0.62775886 1.5769161 26.416384
v 0.5 0.8660254 24.324554
v 0.17364818 0.9848077 24.324554
v 0.2745887 1.674917 26.416384
v -0.091888666 1.6947868 26.416384
v -0.4540694 1.6354102 26.416384
v -0.17364818 0.9848077 24.324554
v -0.5 0.8660254 24.324554
v -0.7950184 1.4995638 26.416384
v -1.0987931 1.2935994 26.416384
v -1.3511896 1.0271477 26.416384
v -1.540406 0.7126677 26.416384
v -0.76604444 0.64278764 24.324554
v -0.9396926 0.34202015 24.324554
v -1.6575946 0.36486417 26.416384
v -1 1.2246469E-16 24.324554
v -1.697276 2.0785635E-16 26.416384
v -1.6575946 -0.36486417 26.416384
v -1.540406 -0.7126677 26.416384
v -0.9396926 -0.34202015 24.324554
v -0.76604444 -0.64278764 24.324554
v -1.3509481 -1.0274653 26.416384
v 0.76604444 0.64278764 24.324554
v 0.9396926 0.34202015 24.324554
v 1 0 24.324554
v 0.5 -0.8660254 24.324554
v 0.17364818 -0.9848077 24.324554
v -0.17364818 -0.9848077 24.324554
v -0.5 -0.8660254 24.324554
v 26.423054 -1.0284932 1.3529596
v 26.423054 -0.7136013 1.5424238
v 26.423054 -0.36534214 1.6597661
v 26.423054 2.0812865E-16 1.6994994
v 26.423054 0.36534214 1.6597661
v 26.423054 0.7136013 1.5424238
v 26.423054 1.0284932 1.3529596
v 26.423054 1.2952939 1.1002326
v 26.423054 1.5012846 0.79651916
v 26.423054 1.6375526 0.45466426
v 26.423054 1.697007 0.092009045
v 26.423054 1.677111 -0.2749484
v 26.423054 1.5787953 -0.62904954
v 26.423054 1.406657 -0.9537371
v 26.423054 1.1687448 -1.2338289
v 26.423054 0.87618345 -1.4562283
v 26.423054 0.5426527 -1.610536
v 26.423054 0.1837482 -1.6895368
v 26.423054 -0.1837482 -1.6895368
v 26.423054 -0.5426527 -1.610536
v 26.423054 -0.87618345 -1.4562283
v 26.423054 -1.1687448 -1.2338289
v 26.423054 -1.406657 -0.9537371
v 26.423054 -1.5787953 -0.62904954
v 26.423054 -1.677111 -0.2749484
v 26.423054 -1.697007 0.092009045
v 26.423054 -1.6375526 0.45466426
v 26.423054 -1.5010831 0.79689866
v 26.423054 -1.2952939 1.1002326
v 24.324554 0.34202015 0.9396926
v 24.324554 1.2246469E-16 1
v 24.324554 0.64278764 0.76604444
v 24.324554 0.8660254 0.5
v 24.324554 0.9848077 0.17364818
v 24.324554 0.9848077 -0.17364818
v 24.324554 0.8660254 -0.5
v 24.324554 0.64278764 -0.76604444
v 24.324554 0.34202015 -0.9396926
v 24.324554 0 -1
v 24.324554 -0.34202015 -0.9396926
v 24.324554 -0.64278764 -0.76604444
v 24.324554 -0.8660254 -0.5
v 24.324554 -0.9848077 -0.17364818
v 24.324554 -0.9848077 0.17364818
v 24.324554 -0.8660254 0.5
v 24.324554 -0.64278764 0.76604444
v 24.324554 -0.34202015 0.9396926
v -0.9396926 0.34202015 11.9667
v -0.9396926 0.34202015 12.162277
v -1 1.2246469E-16 11.9667
v -1 -1.2246469E-16 12.162277
v -0.9396926 -0.34202015 11.9667
v -0.9396926 -0.34202015 12.162277
v -0.76604444 -0.64278764 11.9667
v -0.76604444 -0.64278764 12.162277
v -0.5 -0.8660254 11.9667
v -0.5 -0.8660254 12.162277
v -0.17364818 -0.9848077 11.9667
v -0.17364818 -0.9848077 12.162277
v 0.17364818 -0.9848077 11.9667
v 0.17364818 -0.9848077 12.162277
v 0.5 -0.8660254 11.9667
v 0.5 -0.8660254 12.162277
v 0.76604444 -0.64278764 11.9667
v 0.76604444 -0.64278764 12.162277
v 0.9396926 -0.34202015 11.9667
v 0.9396926 -0.34202015 12.162277
v 1 0 11.9667
v 1 0 12.162277
v 0.9396926 0.34202015 11.9667
v 0.9396926 0.34202015 12.162277
v 0.76604444 0.64278764 11.9667
v 0.76604444 0.64278764 12.162277
v 0.5 0.8660254 11.9667
v 0.5 0.8660254 12.162277
v 0.17364818 0.9848077 11.9667
v 0.17364818 0.9848077 12.162277
v -0.17364818 0.9848077 11.9667
v -0.17364818 0.9848077 12.162277
v -0.5 0.8660254 11.9667
v -0.5 0.8660254 12.162277
v -0.76604444 0.64278764 11.9667
v -0.76604444 0.64278764 12.162277
v -0.9396926 -0.34202015 18.243416
v -1 -1.2246469E-16 18.243416
v -0.9396926 0.34202015 18.243416
v -0.76604444 0.64278764 18.243416
v -0.5 0.8660254 18.243416
v -0.17364818 0.9848077 18.243416
v 0.17364818 0.9848077 18.243416
v 0.5 0.8660254 18.243416
v 0.76604444 0.64278764 18.243416
v 0.9396926 0.34202015 18.243416
v 1 0 18.243416
v 0.9396926 -0.34202015 18.243416
v 0.76604444 -0.64278764 18.243416
v 0.5 -0.8660254 18.243416
v 0.17364818 -0.9848077 18.243416
v -0.17364818 -0.9848077 18.243416
v -0.5 -0.8660254 18.243416
v -0.76604444 -0.64278764 18.243416
v 11.9667 0.34202015 0.9396926
v 12.162277 0.34202015 0.9396926
v 11.9667 1.2246469E-16 1
v 12.162277 -1.2246469E-16 1
v 11.9667 -0.34202015 0.9396926
v 12.162277 -0.34202015 0.9396926
v 11.9667 -0.64278764 0.76604444
v 12.162277 -0.64278764 0.76604444
v 11.9667 -0.8660254 0.5
v 12.162277 -0.8660254 0.5
v 11.9667 -0.9848077 0.17364818
v 12.162277 -0.9848077 0.17364818
v 11.9667 -0.9848077 -0.17364818
v 12.162277 -0.9848077 -0.17364818
v 11.9667 -0.8660254 -0.5
v 12.162277 -0.8660254 -0.5
v 11.9667 -0.64278764 -0.76604444
v 12.162277 -0.64278764 -0.76604444
v 11.9667 -0.34202015 -0.9396926
v 12.162277 -0.34202015 -0.9396926
v 11.9667 0 -1
v 12.162277 0 -1
v 11.9667 0.34202015 -0.9396926
v 12.162277 0.34202015 -0.9396926
v 11.9667 0.64278764 -0.76604444
v 12.162277 0.64278764 -0.76604444
v 11.9667 0.8660254 -0.5
v 12.162277 0.8660254 -0.5
v 11.9667 0.9848077 -0.17364818
v 12.162277 0.9848077 -0.17364818
v 11.9667 0.9848077 0.17364818
v 12.162277 0.9848077 0.17364818
v 11.9667 0.8660254 0.5
v 12.162277 0.8660254 0.5
v 11.9667 0.64278764 0.76604444
v 12.162277 0.64278764 0.76604444
v 18.243416 -0.34202015 0.9396926
v 18.243416 -1.2246469E-16 1
v 18.243416 0.34202015 0.9396926
v 18.243416 0.64278764 0.76604444
v 18.243416 0.8660254 0.5
v 18.243416 0.9848077 0.17364818
v 18.243416 0.9848077 -0.17364818
v 18.243416 0.8660254 -0.5
v 18.243416 0.64278764 -0.76604444
v 18.243416 0.34202015 -0.9396926
v 18.243416 0 -1
v 18.243416 -0.34202015 -0.9396926
v 18.243416 -0.64278764 -0.76604444
v 18.243416 -0.8660254 -0.5
v 18.243416 -0.9848077 -0.17364818
v 18.243416 -0.9848077 0.17364818
v 18.243416 -0.8660254 0.5
v 18.243416 -0.64278764 0.76604444
v -4.1524596 -0.800321 6.790918
v -4.228881 -5.1788854E-16 6.790918
v -4.1524596 0.800321 6.790918
v -3.5575612 -2.2863057 6.790918
v -3.9259574 -1.5717163 6.790918
v -2.4529917 -3.4447448 6.790918
v -3.060585 -2.918262 6.790918
v -1.7567407 -3.8467255 6.790918
v -0.99699646 -4.1096754 6.790918
v -0.20121826 -4.224091 6.790918
v 0.6018325 -4.1858373 6.790918
v 1.3831315 -3.996296 6.790918
v 2.1144404 -3.6623185 6.790918
v 2.769328 -3.195975 6.790918
v 3.324125 -2.6141207 6.790918
v 3.7587793 -1.9377854 6.790918
v 4.0575814 -1.1914134 6.790918
v 4.2097325 -0.4019807 6.790918
v 4.2097325 0.4019807 6.790918
v 4.0575814 1.1914134 6.790918
v 3.7587793 1.9377854 6.790918
v 3.324125 2.6141207 6.790918
v 2.769328 3.195975 6.790918
v 2.1144404 3.6623185 6.790918
v 1.3831315 3.996296 6.790918
v 0.6018325 4.1858373 6.790918
v -0.20121826 4.224091 6.790918
v -0.99699646 4.1096754 6.790918
v -1.7567407 3.8467255 6.790918
v -2.4529917 3.4447448 6.790918
v -3.060585 2.918262 6.790918
v -3.5575612 2.2863057 6.790918
v -3.9259574 1.5717163 6.790918
v 6.790918 -0.800321 4.1524596
v 6.790918 -5.1788854E-16 4.228881
v 6.790918 0.800321 4.1524596
v 6.790918 -2.2863057 3.5575612
v 6.790918 -1.5717163 3.9259574
v 6.790918 -3.4447448 2.4529917
v 6.790918 -2.918262 3.060585
v 6.790918 -3.8467255 1.7567407
v 6.790918 -4.1096754 0.99699646
v 6.790918 -4.224091 0.20121826
v 6.790918 -4.1858373 -0.6018325
v 6.790918 -3.996296 -1.3831315
v 6.790918 -3.6623185 -2.1144404
v 6.790918 -3.195975 -2.769328
v 6.790918 -2.6141207 -3.324125
v 6.790918 -1.9377854 -3.7587793
v 6.790918 -1.1914134 -4.0575814
v 6.790918 -0.4019807 -4.2097325
v 6.790918 0.4019807 -4.2097325
v 6.790918 1.1914134 -4.0575814
v 6.790918 1.9377854 -3.7587793
v 6.790918 2.6141207 -3.324125
v 6.790918 3.195975 -2.769328
v 6.790918 3.6623185 -2.1144404
v 6.790918 3.996296 -1.3831315
v 6.790918 4.1858373 -0.6018325
v 6.790918 4.224091 0.20121826
v 6.790918 4.1096754 0.99699646
v 6.790918 3.8467255 1.7567407
v 6.790918 3.4447448 2.4529917
v 6.790918 2.918262 3.060585
v 6.790918 2.2863057 3.5575612
v 6.790918 1.5717163 3.9259574
v -5.6136184 -2.890077 -4.912712
v -5.970713 -2.6583328 -4.6134424
v -5.8863497 -3.0579224 -4.472136
v -6.488988 -2.8890836 -3.6805203
v -6.054195 -3.3306534 -4.0315595
v -6.104706 -3.6880429 -3.623659
v -6.8863854 -3.0660164 -2.6790369
v -6.3926606 -3.9945776 -2.6790369
v -7.155503 -3.185835 -1.6276481
v -6.642483 -4.1506844 -1.6276481
v -7.291326 -3.2463076 -0.5459393
v -6.768569 -4.229471 -0.5459393
v -7.291326 -3.2463076 0.5459393
v -6.768569 -4.229471 0.5459393
v -7.155503 -3.185835 1.6276481
v -6.642483 -4.1506844 1.6276481
v -6.8863854 -3.0660164 2.6790369
v -6.3926606 -3.9945776 2.6790369
v -6.488988 -2.8890836 3.6805203
v -6.023755 -3.7640598 3.6805203
v -5.970713 -2.6583328 4.6134424
v -5.5426383 -3.4634247 4.6134424
v -5.341215 -2.3780622 5.4604254
v -4.9582725 -3.0982726 5.4604254
v -4.6122203 -2.0534928 6.2056904
v -4.2815433 -2.6754053 6.2056904
v -3.8675313 -3.245244 6.2056904
v -3.378242 -3.7519178 6.2056904
v -2.8231993 -4.185565 6.2056904
v -2.213206 -4.5377445 6.2056904
v -1.5601352 -4.8016024 6.2056904
v -1.8067259 -5.5605307 5.4604254
v -1.0152667 -5.7578635 5.4604254
v -1.1349226 -6.436466 4.6134424
v -0.22809471 -6.531778 4.6134424
v -0.24789397 -7.098755 3.6805203
v 0.7424742 -7.0641704 3.6805203
v 0.7879447 -7.496793 2.6790369
v 1.8236284 -7.314174 2.6790369
v 1.8948951 -7.600009 1.6276481
v 2.9341707 -7.2623277 1.6276481
v 2.9898665 -7.400179 0.5459393
v 3.990675 -6.912052 0.5459393
v 3.990675 -6.912052 -0.5459393
v 4.91381 -6.2893896 -0.5459393
v 4.8222747 -6.1722302 -1.6276481
v 5.634353 -5.4410315 -1.6276481
v 5.4224463 -5.2363954 -2.6790369
v 6.0984406 -4.4307766 -2.6790369
v 5.746514 -4.1750865 -3.6805203
v 6.271649 -3.3346949 -3.6805203
v 5.770733 -3.0683532 -4.6134424
v 6.1416044 -2.2353613 -4.6134424
v 5.494089 -1.9996849 -5.4604254
v 5.7189236 -1.2155948 -5.4604254
v 4.9383774 -1.0496845 -6.2056904
v 5.036405 -0.35217977 -6.2056904
v 4.1465464 -0.28995475 -6.8353553
v 4.1465464 0.28995475 -6.8353553
v 3.1794448 0.22232844 -7.3376904
v 3.1175606 0.662658 -7.3376904
v 2.1112084 0.4487512 -7.703338
v 2.0282083 0.73820746 -7.703338
v 1.0236384 0.37257388 -7.9254875
v 0.9618241 0.51141095 -7.9254875
v -4.8985874E-16 5.999039E-32 -8
v 0.88130236 0.64027566 -7.9254875
v -5.256229 -2.839566 -5.320613
v -5.2131305 -2.647079 -5.4604254
v -5.341215 -2.3780622 -5.4604254
v -6.282575 -1.8014994 -4.6134424
v -6.8279204 -1.9578747 -3.6805203
v -7.033955 -0.98855793 -3.6805203
v -7.4647274 -1.049099 -2.6790369
v -7.5380874 9.231494E-16 -2.6790369
v -7.8326726 9.592257E-16 -1.6276481
v -7.756446 1.0900973 -1.6276481
v -7.903676 1.1107893 -0.5459393
v -7.6721663 2.1999583 -0.5459393
v -7.6721663 2.1999583 0.5459393
v -7.291326 3.2463076 0.5459393
v -7.155503 3.185835 1.6276481
v -6.642483 4.1506844 1.6276481
v -6.3926606 3.9945776 2.6790369
v -5.77451 4.8453894 2.6790369
v -5.441276 4.565773 3.6805203
v -4.7528896 5.2786183 3.6805203
v -4.3732767 4.8570156 4.6134424
v -3.65475 5.41839 4.6134424
v -3.2694263 4.8471236 5.4604254
v -2.5630193 5.254968 5.4604254
v -2.213206 4.5377445 6.2056904
v -1.5601352 4.8016024 6.2056904
v -0.8766982 4.9720025 6.2056904
v -0.17619722 5.045628 6.2056904
v 0.5277332 5.021046 6.2056904
v -0.20404646 5.8431263 5.4604254
v 0.61114526 5.814659 5.4604254
v -0.22809471 6.531778 4.6134424
v 0.6831729 6.4999557 4.6134424
v 0.6018325 6.790918 4.1858373
v 1.3831315 6.790918 3.996296
v -4.840687 -2.910135 -5.665586
v -4.520871 -2.2474723 -6.2056904
v -4.6122203 -2.0534928 -6.2056904
v -5.620197 -1.6115656 -5.4604254
v -4.8531256 -1.3916113 -6.2056904
v -5.7897882 -0.8137017 -5.4604254
v -4.99957 -0.70264375 -6.2056904
v -5.846688 7.160127E-16 -5.4604254
v -5.0487037 6.182879E-16 -6.2056904
v -5.7897882 0.8137017 -5.4604254
v -4.99957 0.70264375 -6.2056904
v -5.620197 1.6115656 -5.4604254
v -4.8531256 1.3916113 -6.2056904
v -5.341215 2.3780622 -5.4604254
v -4.6122203 2.0534928 -6.2056904
v -4.9582725 3.0982726 -5.4604254
v -4.2815433 2.6754053 -6.2056904
v -4.4788227 3.7581785 -5.4604254
v -3.8675313 3.245244 -6.2056904
v -3.9121976 4.344936 -5.4604254
v -3.378242 3.7519178 -6.2056904
v -3.2694263 4.8471236 -5.4604254
v -2.8231993 4.185565 -6.2056904
v -2.5630193 5.254968 -5.4604254
v -2.213206 4.5377445 -6.2056904
v -1.8067259 5.5605307 -5.4604254
v -1.5601352 4.8016024 -6.2056904
v -1.0152667 5.7578635 -5.4604254
v -0.8766982 4.9720025 -6.2056904
v -0.20404646 5.8431263 -5.4604254
v -0.17619722 5.045628 -6.2056904
v 0.61114526 5.814659 -5.4604254
v 0.5277332 5.021046 -6.2056904
v 1.4144418 5.673016 -5.4604254
v 1.2213919 4.8987355 -6.2056904
v 2.1902077 5.420954 -5.4604254
v 1.8912777 4.6810765 -6.2056904
v 2.923344 5.0633802 -5.4604254
v 2.5243518 4.3723054 -6.2056904
v 3.5995803 4.6072526 -5.4604254
v 3.1082923 3.9784327 -6.2056904
v 3.6327236 3.5060985 -6.2056904
v 2.9907115 2.8867912 -6.8353553
v 3.363021 2.4429507 -6.8353553
v 2.5786228 1.8732336 -7.3376904
v 2.8141382 1.4963039 -7.3376904
v 1.9057313 1.0132953 -7.703338
v 2.9949965 1.0900896 -7.3376904
v -4.2815433 -2.6754053 -6.2056904
v -4.397811 -3.0965505 -5.9220467
v -3.8675313 -3.245244 -6.2056904
v -3.9604473 -3.3849869 -6.0709734
v -3.5610335 -3.7540522 -6.101322
v -3.378242 -3.7519178 -6.2056904
v -3.2291918 -4.1763744 -6.0108414
v -2.8231993 -4.185565 -6.2056904
v -2.9895337 -4.620632 -5.806242
v -2.213206 -4.5377445 -6.2056904
v -2.8598335 -5.0538764 -5.5026984
v -2.5630193 -5.254968 -5.4604254
v -2.8497102 -5.4439754 -5.122722
v -2.8650882 -5.8743014 -4.6134424
v -2.959915 -5.7619977 -4.694495
v -3.182274 -5.984357 -4.249777
v -3.113786 -6.3842077 -3.6805203
v -3.5002964 -6.0945616 -3.8215497
v -3.8903956 -6.0844383 -3.4415736
v -4.32364 -5.954738 -3.1380298
v -4.215245 -6.2493577 -2.6790369
v -3.30448 -6.775188 -2.6790369
v -2.194973 -6.755432 -3.6805203
v -2.0196607 -6.215876 -4.6134424
v -1.1349226 -6.436466 -4.6134424
v -1.0152667 -5.7578635 -5.4604254
v -0.20404646 -5.8431263 -5.4604254
v -0.17619722 -5.045628 -6.2056904
v 0.5277332 -5.021046 -6.2056904
v 0.4344905 -4.133901 -6.8353553
v 1.0055898 -4.0332007 -6.8353553
v 0.7710556 -3.092535 -7.3376904
v 1.1939493 -2.9551284 -7.3376904
v 0.8085412 -2.0012097 -7.703338
v 1.079187 -1.8692069 -7.703338
v 0.5446666 -0.9433902 -7.9254875
v 0.6706605 -0.85840625 -7.9254875
v -4.7678976 -5.7150803 -2.9334302
v -5.043965 -5.6018906 -2.6790369
v -5.241081 -5.8208103 -1.6276481
v -6.0001755 -5.0347447 -1.6276481
v -6.114069 -5.130313 -0.5459393
v -5.19022 -5.3832383 -2.8429496
v -5.77451 -4.8453894 -2.6790369
v -5.559285 -4.9838247 -2.8732984
v -5.8477216 -4.546461 -3.0222254
v -6.034137 -4.1035852 -3.2786858
v 2.890077 5.6136184 4.912712
v 2.4483385 6.05985 4.6134424
v 3.0579224 5.8863497 4.472136
v 2.6608613 6.5858626 3.6805203
v 3.3306534 6.054195 4.0315595
v 3.5515409 6.151449 3.6805203
v 3.6880429 6.104706 3.623659
v 3.7690437 6.5281754 2.6790369
v 4.1035852 6.034137 3.2786858
v 4.193822 6.2637544 2.6790369
v 4.546461 5.8477216 3.0222254
v 4.64091 5.940094 2.6790369
v 4.9838247 5.559285 2.8732984
v 5.4265847 5.2321067 2.6790369
v 5.3832383 5.19022 2.8429496
v 5.7150803 4.7678976 2.9334302
v 6.099729 4.429003 2.6790369
v 5.954738 4.32364 3.1380298
v 6.6556997 3.5389862 2.6790369
v 6.0844383 3.8903956 3.4415736
v 6.271545 3.3348901 3.6805203
v 6.0945616 3.5002964 3.8215497
v 5.984357 3.182274 4.249777
v 6.326012 3.2303777 3.6805203
v 6.6747136 2.429397 3.6805203
v 2.1902077 5.420954 5.4604254
v 2.839566 5.256229 5.320613
v 2.910135 4.840687 5.665586
v 2.5243518 4.3723054 6.2056904
v 3.0965505 4.397811 5.9220467
v 3.1082923 3.9784327 6.2056904
v 3.3849869 3.9604473 6.0709734
v 3.6317334 3.5071242 6.2056904
v 3.7540522 3.5610335 6.101322
v 4.1763744 3.2291918 6.0108414
v 4.084487 2.9675534 6.2056904
v 4.620632 2.9895337 5.806242
v 4.457741 2.3702228 6.2056904
v 5.0538764 2.8598335 5.5026984
v 5.1623187 2.7448537 5.4604254
v 5.4439754 2.8497102 5.122722
v 5.494089 1.9996849 5.4604254
v 6.1416044 2.2353613 4.6134424
v 5.7189236 1.2155948 5.4604254
v 6.392937 1.3588607 4.6134424
v 5.8324456 0.4078443 5.4604254
v 6.5198383 0.45591152 4.6134424
v 5.8324456 -0.4078443 5.4604254
v 6.5198383 -0.45591152 4.6134424
v 5.7189236 -1.2155948 5.4604254
v 6.392937 -1.3588607 4.6134424
v 5.494089 -1.9996849 5.4604254
v 6.1416044 -2.2353613 4.6134424
v 5.1623187 -2.7448537 5.4604254
v 5.770733 -3.0683532 4.6134424
v 5.396764 -3.6866095 4.6134424
v 5.904708 -3.9481888 3.6805203
v 5.746514 -4.1750865 3.6805203
v 6.0984406 -4.4307766 2.6790369
v 5.1095295 -4.934215 3.6805203
v 5.4224463 -5.2363954 2.6790369
v 4.3730936 -5.597305 3.6805203
v 4.64091 -5.940094 2.6790369
v 3.5515409 -6.151449 3.6805203
v 3.7690437 -6.5281754 2.6790369
v 2.6608613 -6.5858626 3.6805203
v 2.8238173 -6.989193 2.6790369
v 1.718391 -6.89209 3.6805203
v 5.7619977 2.959915 4.694495
v 5.814167 2.985232 4.6134424
v 6.6747136 -2.429397 3.6805203
v 6.271649 -3.3346949 3.6805203
v 6.3076134 -4.1275625 2.6790369
v 6.3367653 -4.6039295 1.6276481
v 5.634353 -5.4410315 1.6276481
v 4.8222747 -6.1722302 1.6276481
v 3.9163363 -6.7832937 1.6276481
v 6.655736 -3.5389178 2.6790369
v 6.59637 -4.2235837 1.6276481
v 6.457048 -4.69132 0.5459393
v 5.741303 -5.5443115 0.5459393
v 4.91381 -6.2893896 0.5459393
v 6.7639785 -4.236809 0.5459393
v 6.457048 -4.69132 -0.5459393
v 5.741303 -5.5443115 -0.5459393
v 6.3367653 -4.6039295 -1.6276481
v 6.655736 -3.5389178 -2.6790369
v 6.6747136 -2.429397 -3.6805203
v 6.392937 -1.3588607 -4.6134424
v 5.8324456 -0.4078443 -5.4604254
v 5.036405 0.35217977 -6.2056904
v 4.0658383 0.8642206 -6.8353553
v 6.5198383 -0.45591152 -4.6134424
v 5.8324456 0.4078443 -5.4604254
v 4.9383774 1.0496845 -6.2056904
v 3.9059937 1.4216654 -6.8353553
v 6.5198383 0.45591152 -4.6134424
v 6.392937 1.3588607 -4.6134424
v 6.1416044 2.2353613 -4.6134424
v 6.6747136 2.429397 -3.6805203
v 5.770733 3.0683532 -4.6134424
v 6.271649 3.3346949 -3.6805203
v 5.7472076 4.174132 -3.6805203
v 6.099269 4.4296365 -2.6790369
v 5.425107 5.233639 -2.6790369
v 5.6374254 5.4378486 -1.6276481
v 4.8222747 6.1722302 -1.6276481
v 4.91381 6.2893896 -0.5459393
v 4.0575814 6.790918 -1.1914134
v 4.2097325 6.790918 -0.4019807
v 4.276974 6.7386527 0.5459393
v 4.2097325 6.790918 0.4019807
v 4.0575814 6.790918 1.1914134
v 4.277828 6.561322 1.6276481
v 3.9163363 6.7832937 1.6276481
v 3.7587793 6.790918 1.9377854
v 6.655736 3.5389178 -2.6790369
v 6.3377213 4.602613 -1.6276481
v 6.45812 4.689844 -0.5459393
v 6.458217 4.68971 0.5459393
v 6.3380084 4.602218 1.6276481
v 6.7209935 3.4133575 2.6790369
v -4.99957 -0.70264375 6.2056904
v -5.0487037 6.182879E-16 6.2056904
v -4.99957 0.70264375 6.2056904
v -5.846688 7.160127E-16 5.4604254
v -5.7897882 0.8137017 5.4604254
v -6.535759 8.0039965E-16 4.6134424
v -6.4721537 0.90960187 4.6134424
v -7.1030817 8.6987663E-16 3.6805203
v -7.033955 0.98855793 3.6805203
v -7.5380874 9.231494E-16 2.6790369
v -7.4647274 1.049099 2.6790369
v -7.8326726 9.592257E-16 1.6276481
v -7.756446 1.0900973 1.6276481
v -7.98135 9.774335E-16 0.5459393
v -7.903676 1.1107893 0.5459393
v -7.98135 9.774335E-16 -0.5459393
v -4.8531256 -1.3916113 6.2056904
v -0.8766982 -4.9720025 6.2056904
v -0.20404646 -5.8431263 5.4604254
v 0.6831729 -6.4999557 4.6134424
v -0.17619722 -5.045628 6.2056904
v 0.61114526 -5.814659 5.4604254
v 1.5811433 -6.341619 4.6134424
v 0.5277332 -5.021046 6.2056904
v 1.2213919 -4.8987355 6.2056904
v 1.8912777 -4.6810765 6.2056904
v 2.5243518 -4.3723054 6.2056904
v 3.1082923 -3.9784327 6.2056904
v 3.5995803 -4.6072526 5.4604254
v 4.205755 -4.0614505 5.4604254
v 4.7014318 -4.5401196 4.6134424
v 5.2875404 -3.8416228 4.6134424
v 3.6317334 -3.5071242 6.2056904
v 4.7300696 -3.4365969 5.4604254
v 4.794797 -3.3456957 5.4604254
v 4.084487 -2.9675534 6.2056904
v 4.111492 -2.9300234 6.2056904
v 4.457741 -2.3702228 6.2056904
v 4.7442293 -1.7267584 6.2056904
v 4.9383774 -1.0496845 6.2056904
v 5.036405 -0.35217977 6.2056904
v 5.036405 0.35217977 6.2056904
v 4.9383774 1.0496845 6.2056904
v 4.7442293 1.7267584 6.2056904
v 1.8912777 4.6810765 6.2056904
v 1.2213919 4.8987355 6.2056904
v -2.8231993 4.185565 6.2056904
v -3.9121976 4.344936 5.4604254
v -5.006682 4.201105 4.6134424
v -6.023755 3.7640598 3.6805203
v -6.8863854 3.0660164 2.6790369
v -7.529248 2.1589773 1.6276481
v -3.378242 3.7519178 6.2056904
v -3.8675313 3.245244 6.2056904
v -4.2815433 2.6754053 6.2056904
v -4.6122203 2.0534928 6.2056904
v -5.341215 2.3780622 5.4604254
v -5.620197 1.6115656 5.4604254
v -6.282575 1.8014994 4.6134424
v -4.8531256 1.3916113 6.2056904
v -4.1524596 6.790918 0.800321
v -4.4631143 6.616839 0.5459393
v -4.228881 6.790918 -5.1788854E-16
v -4.4631143 6.616839 -0.5459393
v -4.1524596 6.790918 -0.800321
v -4.379975 6.49358 -1.6276481
v -3.9259574 6.790918 -1.5717163
v -3.5575612 6.790918 -2.2863057
v -4.215245 6.2493577 -2.6790369
v -3.30448 6.775188 -2.6790369
v -3.971993 5.8887215 -3.6805203
v -3.113786 6.3842077 -3.6805203
v -3.65475 5.41839 -4.6134424
v -2.8650882 5.8743014 -4.6134424
v -4.379975 6.49358 1.6276481
v -3.9259574 6.790918 1.5717163
v -3.5575612 6.790918 2.2863057
v -3.060585 6.790918 2.918262
v -3.30448 6.775188 2.6790369
v -4.215245 6.2493577 2.6790369
v -5.241081 5.8208103 1.6276481
v -5.3405657 5.931299 0.5459393
v -6.114069 5.130313 0.5459393
v -6.114069 5.130313 -0.5459393
v -6.768569 4.229471 -0.5459393
v -6.642483 4.1506844 -1.6276481
v -7.155503 3.185835 -1.6276481
v -6.8863854 3.0660164 -2.6790369
v -7.2460747 2.0777786 -2.6790369
v -6.8279204 1.9578747 -3.6805203
v -7.033955 0.98855793 -3.6805203
v -6.4721537 0.90960187 -4.6134424
v -6.535759 8.0039965E-16 -4.6134424
v -3.113786 6.3842077 3.6805203
v -2.4529917 6.790918 3.4447448
v -2.194973 6.755432 3.6805203
v -1.7567407 6.790918 3.8467255
v -2.0196607 6.215876 4.6134424
v -1.1349226 6.436466 4.6134424
v -1.0152667 5.7578635 5.4604254
v -0.99699646 6.790918 4.1096754
v -0.20121826 6.790918 4.224091
v 1.5811433 6.341619 4.6134424
v 2.1144404 6.790918 3.6623185
v 2.769328 6.790918 3.195975
v 3.324125 6.790918 2.6141207
v 3.9163363 6.7832937 -1.6276481
v 3.7587793 6.790918 -1.9377854
v 3.7690437 6.5281754 -2.6790369
v 3.324125 6.790918 -2.6141207
v 2.769328 6.790918 -3.195975
v 2.1144404 6.790918 -3.6623185
v 2.6608613 6.5858626 -3.6805203
v 3.5515409 6.151449 -3.6805203
v 4.64091 5.940094 -2.6790369
v 1.3831315 6.790918 -3.996296
v 1.5811433 6.341619 -4.6134424
v 2.4483385 6.05985 -4.6134424
v 0.6831729 6.4999557 -4.6134424
v 0.6018325 6.790918 -4.1858373
v -0.22809471 6.531778 -4.6134424
v -0.20121826 6.790918 -4.224091
v -0.99699646 6.790918 -4.1096754
v -1.1349226 6.436466 -4.6134424
v -1.7567407 6.790918 -3.8467255
v -2.0196607 6.215876 -4.6134424
v -2.194973 6.755432 -3.6805203
v -2.4529917 6.790918 -3.4447448
v -3.060585 6.790918 -2.918262
v -1.0893332 1.3340484E-16 -7.9254875
v -1.0787319 0.15160587 -7.9254875
v -1.0471343 0.30026093 -7.9254875
v -0.9951554 0.44307172 -7.9254875
v -0.92380697 0.57725865 -7.9254875
v -0.83447766 0.70020986 -7.9254875
v -0.72890615 0.80953234 -7.9254875
v -0.60914737 0.90309817 -7.9254875
v -0.47753224 0.97908616 -7.9254875
v -0.33662248 1.0360174 -7.9254875
v -0.18916072 1.0727838 -7.9254875
v -0.03801718 1.0886697 -7.9254875
v 0.11386632 1.0833657 -7.9254875
v 0.26353356 1.0569754 -7.9254875
v 0.4080714 1.0100121 -7.9254875
v 0.5446666 0.9433902 -7.9254875
v 0.6706605 0.85840625 -7.9254875
v 0.7836435 0.7566702 -7.9254875
v 1.0655286 0.2264851 -7.9254875
v 1.0866796 0.07598804 -7.9254875
v 1.0866796 -0.07598804 -7.9254875
v 1.0655286 -0.2264851 -7.9254875
v 1.0236384 -0.37257388 -7.9254875
v 0.9618241 -0.51141095 -7.9254875
v 0.88128906 -0.64029396 -7.9254875
v 0.78360075 -0.7567144 -7.9254875
v 0.4080714 -1.0100121 -7.9254875
v 0.26353356 -1.0569754 -7.9254875
v 0.11386632 -1.0833657 -7.9254875
v -0.03801718 -1.0886697 -7.9254875
v -0.18916072 -1.0727838 -7.9254875
v -0.33662248 -1.0360174 -7.9254875
v -0.47753224 -0.97908616 -7.9254875
v -0.60914737 -0.90309817 -7.9254875
v -0.72890615 -0.80953234 -7.9254875
v -0.83447766 -0.70020986 -7.9254875
v -0.92380697 -0.57725865 -7.9254875
v -0.9913559 -0.45150888 -7.9254875
v -1.0471343 -0.30026093 -7.9254875
v -1.0787319 -0.15160587 -7.9254875
v -5.7897882 -0.8137017 5.4604254
v -5.620197 -1.6115656 5.4604254
v -6.4721537 -0.90960187 4.6134424
v -6.282575 -1.8014994 4.6134424
v -7.033955 -0.98855793 3.6805203
v -6.8279204 -1.9578747 3.6805203
v -7.4647274 -1.049099 2.6790369
v -7.2460747 -2.0777786 2.6790369
v -7.756446 -1.0900973 1.6276481
v -7.529248 -2.1589773 1.6276481
v -7.903676 -1.1107893 0.5459393
v -7.6721663 -2.1999583 0.5459393
v -7.903676 -1.1107893 -0.5459393
v -7.6721663 -2.1999583 -0.5459393
v -7.756446 -1.0900973 -1.6276481
v -7.529248 -2.1589773 -1.6276481
v -7.1030817 8.6987663E-16 -3.6805203
v -7.4647274 1.049099 -2.6790369
v -6.4721537 -0.90960187 -4.6134424
v -4.1566715 5.0904547E-16 -6.8353553
v -4.116219 0.5784969 -6.8353553
v -3.995649 1.145734 -6.8353553
v -3.7973084 1.6906706 -6.8353553
v -3.5250576 2.2027004 -6.8353553
v -3.1841953 2.671857 -6.8353553
v -2.781356 3.089009 -6.8353553
v -2.3243814 3.4460368 -6.8353553
v -1.8221649 3.7359917 -6.8353553
v -1.2844821 3.9532297 -6.8353553
v -0.7217984 4.0935225 -6.8353553
v -0.14506574 4.1541395 -6.8353553
v 0.4344905 4.133901 -6.8353553
v 1.0055898 4.0332007 -6.8353553
v 1.5571166 3.853999 -6.8353553
v 2.0783358 3.5997832 -6.8353553
v 2.5591025 3.275502 -6.8353553
v 2.2930613 2.2136328 -7.3376904
v 1.746214 1.268588 -7.703338
v -3.1872087 3.9032048E-16 -7.3376904
v -3.156191 0.4435737 -7.3376904
v -3.0637417 0.8785138 -7.3376904
v -2.91166 1.2963545 -7.3376904
v -2.7029064 1.6889633 -7.3376904
v -2.4415436 2.0486982 -7.3376904
v -2.132659 2.3685577 -7.3376904
v -1.7822645 2.6423159 -7.3376904
v -1.3971803 2.8646443 -7.3376904
v -0.98490167 3.0312157 -7.3376904
v -0.55345297 3.1387877 -7.3376904
v -0.11123198 3.1852672 -7.3376904
v 0.33315402 3.1697488 -7.3376904
v 0.7710556 3.092535 -7.3376904
v 1.1939493 2.9551284 -7.3376904
v 1.5936043 2.7602036 -7.3376904
v 1.9622416 2.5115547 -7.3376904
v 1.5527738 1.4991573 -7.703338
v -4.116219 -0.5784969 -6.8353553
v -3.995649 -1.145734 -6.8353553
v -3.7973084 -1.6906706 -6.8353553
v -3.7376828 -1.8186935 -6.8353553
v -3.5250576 -2.2027004 -6.8353553
v -3.1841953 -2.671857 -6.8353553
v -2.781356 -3.089009 -6.8353553
v -2.3243814 -3.4460368 -6.8353553
v -1.8221649 -3.7359917 -6.8353553
v -1.2844821 -3.9532297 -6.8353553
v -1.5601352 -4.8016024 -6.2056904
v -0.7217984 -4.0935225 -6.8353553
v -0.8766982 -4.9720025 -6.2056904
v -0.14506574 -4.1541395 -6.8353553
v -2.158374 2.643246E-16 -7.703338
v -2.137369 0.30038762 -7.703338
v -2.0747623 0.59492856 -7.703338
v -1.9717729 0.8778899 -7.703338
v -1.8304051 1.143764 -7.703338
v -1.6534106 1.3873762 -7.703338
v -1.4442343 1.6039846 -7.703338
v -1.2069476 1.7893733 -7.703338
v -0.94616896 1.9399339 -7.703338
v -0.6669743 2.0527358 -7.703338
v -0.37479773 2.1255836 -7.703338
v -0.075326174 2.1570594 -7.703338
v 0.22561154 2.1465504 -7.703338
v 0.52215797 2.0942612 -7.703338
v 0.8085412 2.0012097 -7.703338
v 1.079187 1.8692069 -7.703338
v 1.3288279 1.7008221 -7.703338
v -3.156191 -0.4435737 -7.3376904
v -3.0637417 -0.8785138 -7.3376904
v -2.91166 -1.2963545 -7.3376904
v -2.877683 -1.3701241 -7.3376904
v -2.7029064 -1.6889633 -7.3376904
v -2.4415436 -2.0486982 -7.3376904
v -2.132659 -2.3685577 -7.3376904
v -1.7822645 -2.6423159 -7.3376904
v -1.3971803 -2.8646443 -7.3376904
v -0.98490167 -3.0312157 -7.3376904
v -0.55345297 -3.1387877 -7.3376904
v -0.11123198 -3.1852672 -7.3376904
v 0.33315402 -3.1697488 -7.3376904
v -2.137369 -0.30038762 -7.703338
v -2.0747623 -0.59492856 -7.703338
v -1.9717729 -0.8778899 -7.703338
v -1.9565748 -0.91125965 -7.703338
v -1.8304051 -1.143764 -7.703338
v -1.6534106 -1.3873762 -7.703338
v -1.4442343 -1.6039846 -7.703338
v -1.2069476 -1.7893733 -7.703338
v -0.94616896 -1.9399339 -7.703338
v -0.6669743 -2.0527358 -7.703338
v -0.37479773 -2.1255836 -7.703338
v -0.075326174 -2.1570594 -7.703338
v 0.22561154 -2.1465504 -7.703338
v 0.52215797 -2.0942612 -7.703338
v -0.9951554 -0.44307172 -7.9254875
v -7.2460747 -2.0777786 -2.6790369
v -4.4788227 -3.7581785 5.4604254
v -3.9121976 -4.344936 5.4604254
v -3.2694263 -4.8471236 5.4604254
v -2.5630193 -5.254968 5.4604254
v -5.006682 -4.201105 4.6134424
v -4.3732767 -4.8570156 4.6134424
v -3.65475 -5.41839 4.6134424
v -2.8650882 -5.8743014 4.6134424
v -2.0196607 -6.215876 4.6134424
v -5.441276 -4.565773 3.6805203
v -4.7528896 -5.2786183 3.6805203
v -3.971993 -5.8887215 3.6805203
v -3.113786 -6.3842077 3.6805203
v -2.194973 -6.755432 3.6805203
v -1.2334372 -6.99517 3.6805203
v -5.77451 -4.8453894 2.6790369
v -5.043965 -5.6018906 2.6790369
v -4.215245 -6.2493577 2.6790369
v -3.30448 -6.775188 2.6790369
v -2.3293972 -7.169147 2.6790369
v -1.3089751 -7.423567 2.6790369
v -0.26307544 -7.5334954 2.6790369
v -6.0001755 -5.0347447 1.6276481
v -5.241081 -5.8208103 1.6276481
v -4.379975 -6.49358 1.6276481
v -3.4336178 -7.0399594 1.6276481
v -2.420429 -7.4493146 1.6276481
v -1.3601294 -7.713677 1.6276481
v -0.27335635 -7.8279014 1.6276481
v 0.81873727 -7.7897644 1.6276481
v -6.114069 -5.130313 0.5459393
v -5.3405657 -5.931299 0.5459393
v -4.4631143 -6.616839 0.5459393
v -3.4987936 -7.17359 0.5459393
v -2.4663727 -7.590715 0.5459393
v -1.3859469 -7.8600955 0.5459393
v -0.2785451 -7.976488 0.5459393
v 0.8342783 -7.9376273 0.5459393
v 1.9308634 -7.74427 0.5459393
v -3.4987936 -7.17359 -0.5459393
v -4.4631143 -6.616839 -0.5459393
v -5.3405657 -5.931299 -0.5459393
v -3.4336178 -7.0399594 -1.6276481
v -4.379975 -6.49358 -1.6276481
v -2.4663727 -7.590715 -0.5459393
v -1.3859469 -7.8600955 -0.5459393
v -0.2785451 -7.976488 -0.5459393
v 0.8342783 -7.9376273 -0.5459393
v 1.9308634 -7.74427 -0.5459393
v 2.9898665 -7.400179 -0.5459393
v -2.420429 -7.4493146 -1.6276481
v -1.3601294 -7.713677 -1.6276481
v -0.27335635 -7.8279014 -1.6276481
v 0.81873727 -7.7897644 -1.6276481
v 1.8948951 -7.600009 -1.6276481
v 2.9341707 -7.2623277 -1.6276481
v 3.9163363 -6.7832937 -1.6276481
v -2.3293972 -7.169147 -2.6790369
v -1.3089751 -7.423567 -2.6790369
v -0.26307544 -7.5334954 -2.6790369
v 0.7879447 -7.496793 -2.6790369
v 1.8236284 -7.314174 -2.6790369
v 2.8238173 -6.989193 -2.6790369
v 3.7690437 -6.5281754 -2.6790369
v 4.64091 -5.940094 -2.6790369
v -1.8067259 -5.5605307 -5.4604254
v 1.4144418 5.673016 5.4604254
v 4.8222747 6.1722302 1.6276481
v 5.6383467 5.4368935 1.6276481
v 3.670123 1.9514391 -6.8353553
v 4.084795 2.9671292 -6.2056904
v 4.2071314 4.060025 -5.4604254
v 4.023815 5.1502485 -4.6134424
v 3.2678795 5.6601334 -4.6134424
v 4.457741 2.3702228 -6.2056904
v 4.730498 3.4360073 -5.4604254
v 4.703226 4.538261 -4.6134424
v 4.3730936 5.597305 -3.6805203
v 4.7442293 1.7267584 -6.2056904
v 5.494089 1.9996849 -5.4604254
v 5.1623187 2.7448537 -5.4604254
v 5.288099 3.840854 -4.6134424
v 5.111758 4.931906 -3.6805203
v 5.745059 5.5404196 0.5459393
v 5.744746 5.540744 -0.5459393
v 4.91381 6.2893896 0.5459393
v 1.7461613 -1.2686605 -7.703338
v 1.9057313 -1.0132953 -7.703338
v 2.0282083 -0.73820746 -7.703338
v 2.1112084 -0.4487512 -7.703338
v 2.1531165 -0.15056057 -7.703338
v 2.1531165 0.15056057 -7.703338
v 2.578506 -1.8733943 -7.3376904
v 2.8141382 -1.4963039 -7.3376904
v 2.9949965 -1.0900896 -7.3376904
v 3.1175606 -0.662658 -7.3376904
v 3.1794448 -0.22232844 -7.3376904
v 1.5526044 -1.4993327 -7.703338
v 1.3288279 -1.7008221 -7.703338
v 3.362818 -2.4432302 -6.8353553
v 3.670123 -1.9514391 -6.8353553
v 3.9059937 -1.4216654 -6.8353553
v 4.0658383 -0.8642206 -6.8353553
v 2.292686 -2.2140212 -7.3376904
v 1.9622416 -2.5115547 -7.3376904
v 1.5936043 -2.7602036 -7.3376904
v 4.084487 -2.9675534 -6.2056904
v 4.457741 -2.3702228 -6.2056904
v 4.7442293 -1.7267584 -6.2056904
v 2.9900594 -2.8874667 -6.8353553
v 2.5591025 -3.275502 -6.8353553
v 2.0783358 -3.5997832 -6.8353553
v 1.5571166 -3.853999 -6.8353553
v 4.7300696 -3.4365969 -5.4604254
v 5.1623187 -2.7448537 -5.4604254
v 3.6317334 -3.5071242 -6.2056904
v 3.1082923 -3.9784327 -6.2056904
v 2.5243518 -4.3723054 -6.2056904
v 1.8912777 -4.6810765 -6.2056904
v 1.2213919 -4.8987355 -6.2056904
v 5.2875404 -3.8416228 -4.6134424
v 4.205755 -4.0614505 -5.4604254
v 3.5995803 -4.6072526 -5.4604254
v 2.923344 -5.0633802 -5.4604254
v 2.1902077 -5.420954 -5.4604254
v 1.4144418 -5.673016 -5.4604254
v 0.61114526 -5.814659 -5.4604254
v 5.1095295 -4.934215 -3.6805203
v 4.7014318 -4.5401196 -4.6134424
v 4.023815 -5.1502485 -4.6134424
v 3.2678795 -5.6601334 -4.6134424
v 2.4483385 -6.05985 -4.6134424
v 1.5811433 -6.341619 -4.6134424
v 0.6831729 -6.4999557 -4.6134424
v -0.22809471 -6.531778 -4.6134424
v 5.7189236 1.2155948 -5.4604254
v -1.2334372 -6.99517 -3.6805203
v -0.24789397 -7.098755 -3.6805203
v 0.7424742 -7.0641704 -3.6805203
v 1.718391 -6.89209 -3.6805203
v 2.6608613 -6.5858626 -3.6805203
v 3.5515409 -6.151449 -3.6805203
v 4.3730936 -5.597305 -3.6805203
v 1.4144418 -5.673016 5.4604254
v 2.4483385 -6.05985 4.6134424
v 2.1902077 -5.420954 5.4604254
v 2.923344 -5.0633802 5.4604254
v 3.2678795 -5.6601334 4.6134424
v 4.023815 -5.1502485 4.6134424
v -1.8067259 5.5605307 5.4604254
v -2.8650882 5.8743014 4.6134424
v -3.971993 5.8887215 3.6805203
v -5.043965 5.6018906 2.6790369
v -6.0001755 5.0347447 1.6276481
v -6.768569 4.229471 0.5459393
v -7.291326 3.2463076 -0.5459393
v -7.529248 2.1589773 -1.6276481
v -4.4788227 3.7581785 5.4604254
v -5.5426383 3.4634247 4.6134424
v -6.488988 2.8890836 3.6805203
v -7.2460747 2.0777786 2.6790369
v -5.3405657 5.931299 -0.5459393
v -5.241081 5.8208103 -1.6276481
v -6.0001755 5.0347447 -1.6276481
v -5.043965 5.6018906 -2.6790369
v -5.77451 4.8453894 -2.6790369
v -6.3926606 3.9945776 -2.6790369
v -4.7528896 5.2786183 -3.6805203
v -5.441276 4.565773 -3.6805203
v -6.023755 3.7640598 -3.6805203
v -6.488988 2.8890836 -3.6805203
v -4.3732767 4.8570156 -4.6134424
v -5.006682 4.201105 -4.6134424
v -5.5426383 3.4634247 -4.6134424
v -5.970713 2.6583328 -4.6134424
v -6.282575 1.8014994 -4.6134424
v -4.9582725 3.0982726 5.4604254
v -5.970713 2.6583328 4.6134424
v -6.8279204 1.9578747 3.6805203
v 3 40 -1.1167661
v 3 38.02063 0.036727976
v 3 40 1.2141111
v 1.1167661 40 3
v -0.036727976 38.02063 3
v -1.2141111 40 3
v -0.9396926 11.9667 0.34202015
v -1 11.9667 -1.2246469E-16
v -0.76604444 11.9667 0.64278764
v -0.5 11.9667 0.8660254
v -0.17364818 11.9667 0.9848077
v 0.17364818 11.9667 0.9848077
v 0.5 11.9667 0.8660254
v 0.76604444 11.9667 0.64278764
v 0.9396926 11.9667 0.34202015
v 1 11.9667 0
v 0.9396926 11.9667 -0.34202015
v 0.76604444 11.9667 -0.64278764
v 0.5 11.9667 -0.8660254
v 0.17364818 11.9667 -0.9848077
v -0.17364818 11.9667 -0.9848077
v -0.5 11.9667 -0.8660254
v -0.76604444 11.9667 -0.64278764
v -0.9396926 11.9667 -0.34202015
v -3 35.273697 3
v -2.0894334 33.834084 3
v -3 32 3
v -2.0894334 32 3
v 3 35.273697 3
v 3 32 3
v 2.921595 35.358376 3
v 1.9484833 33.82198 3
v 1.9484833 32 3
v 3 33.834084 2.0894334
v 3 32 2.0894334
v 3 35.273697 -3
v 2.0894334 33.834084 -3
v 3 32 -3
v 2.0894334 32 -3
v 3 35.358376 -2.921595
v 3 33.82198 -1.9484833
v 3 32 -1.9484833
v 2.483981 40 2.483981
v 2.483981 40 1.5607568
v 2 39.720573 2
v 2 39.720573 1.7196693
v 2 36.88271 0.03162886
v 2.483981 40 -1.4615874
v 2 39.720573 -1.6221614
v 2 34.897312 2.0787873
v 2 34.00135 1.5120832
v 2.483981 40 -2.483981
v 2 39.720573 -2
v -1.1167661 40 -3
v 0.036727976 38.02063 -3
v 1.2141111 40 -3
v -3 35.358376 2.921595
v -3 33.82198 1.9484833
v -3 32 1.9484833
v -3 40 1.1167661
v -3 38.02063 -0.036727976
v -3 40 -1.2141111
v -2.483981 40 2.483981
v -1.5607568 40 2.483981
v -2 39.720573 2
v -1.7196693 39.720573 2
v -0.03162886 36.88271 2
v 1.4615874 40 2.483981
v 1.6221614 39.720573 2
v 2 34.982323 2
v 1.3711331 33.989437 2
v -2.0787873 34.897312 2
v -1.5120832 34.00135 2
v -0.9396926 12.162277 -0.34202015
v -1 12.162277 1.2246469E-16
v -0.9396926 12.162277 0.34202015
v -0.76604444 12.162277 0.64278764
v -0.5 12.162277 0.8660254
v -0.17364818 12.162277 0.9848077
v 0.17364818 12.162277 0.9848077
v 0.5 12.162277 0.8660254
v 0.76604444 12.162277 0.64278764
v 0.9396926 12.162277 0.34202015
v 1 12.162277 0
v 0.9396926 12.162277 -0.34202015
v 0.76604444 12.162277 -0.64278764
v 0.5 12.162277 -0.8660254
v 0.17364818 12.162277 -0.9848077
v -0.17364818 12.162277 -0.9848077
v -0.5 12.162277 -0.8660254
v -0.76604444 12.162277 -0.64278764
v -0.9396926 24.324554 0.34202015
v -0.9396926 18.243416 0.34202015
v -1 24.324554 -1.2246469E-16
v -1 18.243416 1.2246469E-16
v -0.9396926 24.324554 -0.34202015
v -0.9396926 18.243416 -0.34202015
v -0.76604444 24.324554 -0.64278764
v -0.76604444 18.243416 -0.64278764
v -0.5 24.324554 -0.8660254
v -0.5 18.243416 -0.8660254
v -0.17364818 24.324554 -0.9848077
v -0.17364818 18.243416 -0.9848077
v 0.17364818 24.324554 -0.9848077
v 0.17364818 18.243416 -0.9848077
v 0.5 24.324554 -0.8660254
v 0.5 18.243416 -0.8660254
v 0.76604444 24.324554 -0.64278764
v 0.76604444 18.243416 -0.64278764
v 0.9396926 24.324554 -0.34202015
v 0.9396926 18.243416 -0.34202015
v 1 24.324554 0
v 1 18.243416 0
v 0.9396926 24.324554 0.34202015
v 0.9396926 18.243416 0.34202015
v 0.76604444 24.324554 0.64278764
v 0.76604444 18.243416 0.64278764
v 0.5 24.324554 0.8660254
v 0.5 18.243416 0.8660254
v 0.17364818 24.324554 0.9848077
v 0.17364818 18.243416 0.9848077
v -0.17364818 24.324554 0.9848077
v -0.17364818 18.243416 0.9848077
v -0.5 24.324554 0.8660254
v -0.5 18.243416 0.8660254
v -0.76604444 24.324554 0.64278764
v -0.76604444 18.243416 0.64278764
v -2.9837394 32 1.9390953
v -2.7119448 32 2.3039415
v -2.3958209 32 2.6311278
v -2.0405352 32 2.9153056
v -1.8468622 30.842903 2.5798542
v -1.5120832 29.976028 2
v -1.6744068 29.813705 2.2811527
v 1.5682617 29.7789 2.3414369
v 1.1830672 29.67588 2.5198722
v 1.3711331 29.976028 2
v 0.77878284 29.602423 2.6471064
v 0.36193225 29.55971 2.7210865
v -0.06075843 29.548433 2.740619
v -0.4824687 29.568773 2.7053883
v -0.89639395 29.620401 2.6159635
v -1.2958552 29.702488 2.4737868
v 1.9390953 32 2.9837394
v 1.7427534 30.823788 2.6436653
v 2.3039415 32 2.7119448
v 2.6311278 32 2.3958209
v 2.9153056 32 2.0405352
v 2.5798542 30.842903 1.8468622
v 2 29.976028 1.5120832
v 2.2811527 29.813705 1.6744068
v 2.3414369 29.7789 -1.5682617
v 2.5198722 29.67588 -1.1830672
v 2 29.976028 -1.3711331
v 2.6471064 29.602423 -0.77878284
v 2.7210865 29.55971 -0.36193225
v 2.740619 29.548433 0.06075843
v 2.7053883 29.568773 0.4824687
v 2.6159635 29.620401 0.89639395
v 2.4737868 29.702488 1.2958552
v 2.9837394 32 -1.9390953
v 2 33.989437 -1.3711331
v 2.6436653 30.823788 -1.7427534
v 2.7119448 32 -2.3039415
v 2.3958209 32 -2.6311278
v 2.0405352 32 -2.9153056
v 1.5120832 34.00135 -2
v 1.8468622 30.842903 -2.5798542
v 1.5120832 29.976028 -2
v 1.6744068 29.813705 -2.2811527
v 2.0787873 34.897312 -2
v 2 34.982323 -2
v 1.5607568 40 -2.483981
v 1.7196693 39.720573 -2
v 0.03162886 36.88271 -2
v -1.4615874 40 -2.483981
v -1.6221614 39.720573 -2
v -2.483981 40 -2.483981
v -2 39.720573 -2
v -2 34.982323 2
v -2 33.989437 1.3711331
v -2.6436653 30.823788 1.7427534
v -2.3414369 29.7789 1.5682617
v -2 29.976028 1.3711331
v -2.483981 40 -1.5607568
v -2 39.720573 -1.7196693
v -2 36.88271 -0.03162886
v -2.483981 40 1.4615874
v -2 39.720573 1.6221614
v -2.5198722 29.67588 1.1830672
v -2.6471064 29.602423 0.77878284
v -2.7210865 29.55971 0.36193225
v -2.740619 29.548433 -0.06075843
v -2.7053883 29.568773 -0.4824687
v -2.6159635 29.620401 -0.89639395
v -2.4737868 29.702488 -1.2958552
v -2 29.976028 -1.5120832
v -2.2811527 29.813705 -1.6744068
v -1.4394361 26.662277 1.0458115
v -1.1905445 26.662277 1.3222336
v -0.88962036 26.662277 1.5408677
v -0.54981565 26.662277 1.6921586
v -0.1859813 26.662277 1.7694939
v 0.1859813 26.662277 1.7694939
v 0.54981565 26.662277 1.6921586
v 0.88962036 26.662277 1.5408677
v 1.1905445 26.662277 1.3222336
v 1.4394361 26.662277 1.0458115
v 1.6254174 26.662277 0.7236824
v 1.7403601 26.662277 0.36992496
v 1.7792407 26.662277 0
v 1.7403601 26.662277 -0.36992496
v 1.6254174 26.662277 -0.7236824
v 1.4394361 26.662277 -1.0458115
v 1.1905445 26.662277 -1.3222336
v 0.88962036 26.662277 -1.5408677
v 0.54981565 26.662277 -1.6921586
v 1.2958552 29.702488 -2.4737868
v 0.89639395 29.620401 -2.6159635
v 0.4824687 29.568773 -2.7053883
v 0.1859813 26.662277 -1.7694939
v -0.1859813 26.662277 -1.7694939
v -0.54981565 26.662277 -1.6921586
v -0.88962036 26.662277 -1.5408677
v -1.1905445 26.662277 -1.3222336
v -1.5682617 29.7789 -2.3414369
v -2.3039415 32 -2.7119448
v -1.9390953 32 -2.9837394
v -1.7427534 30.823788 -2.6436653
v 0.06075843 29.548433 -2.740619
v -0.36193225 29.55971 -2.7210865
v -0.77878284 29.602423 -2.6471064
v -1.1830672 29.67588 -2.5198722
v -2.6311278 32 -2.3958209
v -1.4394361 26.662277 -1.0458115
v -1.6254174 26.662277 -0.7236824
v -1.7403601 26.662277 -0.36992496
v -1.7792407 26.662277 -2.1789416E-16
v -2.9153056 32 -2.0405352
v -2.5798542 30.842903 -1.8468622
v -1.7403601 26.662277 0.36992496
v -1.6254174 26.662277 0.7236824
v -1.3711331 29.976028 -2
v -2 34.982323 -2
v -1.3711331 33.989437 -2
v -2 34.00135 -1.5120832
v -2 34.897312 -2.0787873
v -3 32 -2.0894334
v -3 33.834084 -2.0894334
v 4.0747952 6.798337 6.0974307
v 4.2426405 7.071068 5.656854
v 4.515372 7.238913 5.216278
v 4.8727612 7.2894244 4.8083773
v 5.2883034 7.2188554 4.463404
v 5.731179 7.0324397 4.206944
v 6.168543 6.7440033 4.058017
v 6.567957 6.374938 4.027668
v 6.8997984 5.9526157 4.118149
v 7.1394563 5.5083585 4.322748
v 7.269157 5.075114 4.6262918
v 7.27928 4.6850147 5.006268
v 7.1690755 4.3669925 5.434495
v 6.9467163 4.1446333 5.8792133
v 6.6286936 4.0344286 6.3074403
v 6.2385945 4.044552 6.6874166
v 5.8053503 4.174252 6.9909606
v 5.3610926 4.41391 7.19556
v 4.9387703 4.745752 7.2860403
v 4.569705 5.145166 7.255692
v 4.2812686 5.582529 7.106765
v 4.0948534 6.025405 6.8503046
v 4.0242844 6.440947 6.5053315
v -7.238913 -4.515372 -5.216278
v -7.071068 -4.2426405 -5.656854
v -6.798337 -4.0747952 -6.0974307
v -6.440947 -4.0242844 -6.5053315
v -6.025405 -4.0948534 -6.8503046
v -5.582529 -4.2812686 -7.106765
v -5.145166 -4.569705 -7.255692
v -4.745752 -4.9387703 -7.2860403
v -4.41391 -5.3610926 -7.19556
v -4.174252 -5.8053503 -6.9909606
v -4.044552 -6.2385945 -6.6874166
v -4.0344286 -6.6286936 -6.3074403
v -4.1446333 -6.9467163 -5.8792133
v -4.3669925 -7.1690755 -5.434495
v -4.6850147 -7.27928 -5.006268
v -5.075114 -7.269157 -4.6262918
v -5.5083585 -7.1394563 -4.322748
v -5.9526157 -6.8997984 -4.118149
v -6.374938 -6.567957 -4.027668
v -6.7440033 -6.168543 -4.058017
v -7.0324397 -5.731179 -4.206944
v -7.2188554 -5.2883034 -4.463404
v -7.2894244 -4.8727612 -4.8083773
v 24 -0.6675628 2.9247837
v 30 -0.8682409 4.924039
v 24 -3.6739403E-16 3
v 30 0 5
v 30 0.8682409 4.924039
v 30 -1.7101008 4.698463
v 24 -1.3016512 2.7029066
v 30 -2.5 4.3301272
v 24 -1.8704695 2.3454945
v 30 -3.213938 3.8302221
v 24 -2.3454945 1.8704695
v 30 -3.8302221 3.213938
v 30 -4.3301272 2.5
v 24 -2.7029066 1.3016512
v 30 -4.698463 1.7101008
v 24 -2.9247837 0.6675628
v 30 -4.924039 0.8682409
v 24 -3 -1.8369701E-16
v 30 -5 0
v 30 -4.924039 -0.8682409
v 24 -2.9247837 -0.6675628
v 30 -4.698463 -1.7101008
v 24 -2.7029066 -1.3016512
v 30 -4.3301272 -2.5
v 24 -2.3454945 -1.8704695
v 30 -3.8302221 -3.213938
v 24 -1.8704695 -2.3454945
v 30 -3.213938 -3.8302221
v 30 -2.5 -4.3301272
v 24 -1.3016512 -2.7029066
v 30 -1.7101008 -4.698463
v 24 -0.6675628 -2.9247837
v 30 -0.8682409 -4.924039
v 24 0 -3
v 30 0 -5
v 30 0.8682409 -4.924039
v 24 0.6675628 -2.9247837
v 30 1.7101008 -4.698463
v 24 1.3016512 -2.7029066
v 30 2.5 -4.3301272
v 24 1.8704695 -2.3454945
v 30 3.213938 -3.8302221
v 24 2.3454945 -1.8704695
v 30 3.8302221 -3.213938
v 30 4.3301272 -2.5
v 24 2.7029066 -1.3016512
v 30 4.698463 -1.7101008
v 24 2.9247837 -0.6675628
v 30 4.924039 -0.8682409
v 24 3 -1.8369701E-16
v 30 5 0
v 30 4.924039 0.8682409
v 24 2.9247837 0.6675628
v 30 4.698463 1.7101008
v 24 2.7029066 1.3016512
v 30 4.3301272 2.5
v 24 2.3454945 1.8704695
v 30 3.8302221 3.213938
v 24 1.8704695 2.3454945
v 30 3.213938 3.8302221
v 30 2.5 4.3301272
v 24 1.3016512 2.7029066
v 30 1.7101008 4.698463
v 24 0.6675628 2.9247837
v 30 5 -5
v 30 5 5
v 30 -5 5
v 30 -5 -5
v 12.539392 -0.6675628 2.9247837
v 16 -0.6675628 2.9247837
v 12.539392 3.6739403E-16 3
v 16 3.6739403E-16 3
v 12.539392 0.6675628 2.9247837
v 16 0.6675628 2.9247837
v 12.539392 1.3016512 2.7029066
v 16 1.3016512 2.7029066
v 12.539392 1.8704695 2.3454945
v 16 1.8704695 2.3454945
v 12.539392 2.3454945 1.8704695
v 16 2.3454945 1.8704695
v 12.539392 2.7029066 1.3016512
v 16 2.7029066 1.3016512
v 12.539392 2.9247837 0.6675628
v 16 2.9247837 0.6675628
v 12.539392 3 -1.8369701E-16
v 16 3 -1.8369701E-16
v 12.539392 2.9247837 -0.6675628
v 16 2.9247837 -0.6675628
v 12.539392 2.7029066 -1.3016512
v 16 2.7029066 -1.3016512
v 12.539392 2.3454945 -1.8704695
v 16 2.3454945 -1.8704695
v 12.539392 1.8704695 -2.3454945
v 16 1.8704695 -2.3454945
v 12.539392 1.3016512 -2.7029066
v 16 1.3016512 -2.7029066
v 12.539392 0.6675628 -2.9247837
v 16 0.6675628 -2.9247837
v 12.539392 0 -3
v 16 0 -3
v 12.539392 -0.6675628 -2.9247837
v 16 -0.6675628 -2.9247837
v 12.539392 -1.3016512 -2.7029066
v 16 -1.3016512 -2.7029066
v 12.539392 -1.8704695 -2.3454945
v 16 -1.8704695 -2.3454945
v 12.539392 -2.3454945 -1.8704695
v 16 -2.3454945 -1.8704695
v 12.539392 -2.7029066 -1.3016512
v 16 -2.7029066 -1.3016512
v 12.539392 -2.9247837 -0.6675628
v 16 -2.9247837 -0.6675628
v 12.539392 -3 -1.8369701E-16
v 16 -3 -1.8369701E-16
v 12.539392 -2.9247837 0.6675628
v 16 -2.9247837 0.6675628
v 12.539392 -2.7029066 1.3016512
v 16 -2.7029066 1.3016512
v 12.539392 -2.3454945 1.8704695
v 16 -2.3454945 1.8704695
v 12.539392 -1.8704695 2.3454945
v 16 -1.8704695 2.3454945
v 12.539392 -1.3016512 2.7029066
v 16 -1.3016512 2.7029066
v -2.9247837 24 0.6675628
v -4.924039 30 0.8682409
v -3 24 3.6739403E-16
v -5 30 0
v -4.924039 30 -0.8682409
v -4.698463 30 1.7101008
v -2.7029066 24 1.3016512
v -4.3301272 30 2.5
v -2.3454945 24 1.8704695
v -3.8302221 30 3.213938
v -1.8704695 24 2.3454945
v -3.213938 30 3.8302221
v -2.5 30 4.3301272
v -1.3016512 24 2.7029066
v -1.7101008 30 4.698463
v -0.6675628 24 2.9247837
v -0.8682409 30 4.924039
v 1.8369701E-16 24 3
v 0 30 5
v 0.8682409 30 4.924039
v 0.6675628 24 2.9247837
v 1.7101008 30 4.698463
v 1.3016512 24 2.7029066
v 2.5 30 4.3301272
v 1.8704695 24 2.3454945
v 3.213938 30 3.8302221
v 2.3454945 24 1.8704695
v 3.8302221 30 3.213938
v 4.3301272 30 2.5
v 2.7029066 24 1.3016512
v 4.698463 30 1.7101008
v 2.9247837 24 0.6675628
v 4.924039 30 0.8682409
v 3 24 0
v 5 30 0
v 4.924039 30 -0.8682409
v 2.9247837 24 -0.6675628
v 4.698463 30 -1.7101008
v 2.7029066 24 -1.3016512
v 4.3301272 30 -2.5
v 2.3454945 24 -1.8704695
v 3.8302221 30 -3.213938
v 1.8704695 24 -2.3454945
v 3.213938 30 -3.8302221
v 2.5 30 -4.3301272
v 1.3016512 24 -2.7029066
v 1.7101008 30 -4.698463
v 0.6675628 24 -2.9247837
v 0.8682409 30 -4.924039
v 1.8369701E-16 24 -3
v 0 30 -5
v -0.8682409 30 -4.924039
v -0.6675628 24 -2.9247837
v -1.7101008 30 -4.698463
v -1.3016512 24 -2.7029066
v -2.5 30 -4.3301272
v -1.8704695 24 -2.3454945
v -3.213938 30 -3.8302221
v -2.3454945 24 -1.8704695
v -3.8302221 30 -3.213938
v -4.3301272 30 -2.5
v -2.7029066 24 -1.3016512
v -4.698463 30 -1.7101008
v -2.9247837 24 -0.6675628
v 5 30 -5
v -5 30 -5
v -5 30 5
v 5 30 5
v -2.9247837 12.539392 0.6675628
v -2.9247837 16 0.6675628
v -3 12.539392 -3.6739403E-16
v -3 16 -3.6739403E-16
v -2.9247837 12.539392 -0.6675628
v -2.9247837 16 -0.6675628
v -2.7029066 12.539392 -1.3016512
v -2.7029066 16 -1.3016512
v -2.3454945 12.539392 -1.8704695
v -2.3454945 16 -1.8704695
v -1.8704695 12.539392 -2.3454945
v -1.8704695 16 -2.3454945
v -1.3016512 12.539392 -2.7029066
v -1.3016512 16 -2.7029066
v -0.6675628 12.539392 -2.9247837
v -0.6675628 16 -2.9247837
v 1.8369701E-16 12.539392 -3
v 1.8369701E-16 16 -3
v 0.6675628 12.539392 -2.9247837
v 0.6675628 16 -2.9247837
v 1.3016512 12.539392 -2.7029066
v 1.3016512 16 -2.7029066
v 1.8704695 12.539392 -2.3454945
v 1.8704695 16 -2.3454945
v 2.3454945 12.539392 -1.8704695
v 2.3454945 16 -1.8704695
v 2.7029066 12.539392 -1.3016512
v 2.7029066 16 -1.3016512
v 2.9247837 12.539392 -0.6675628
v 2.9247837 16 -0.6675628
v 3 12.539392 0
v 3 16 0
v 2.9247837 12.539392 0.6675628
v 2.9247837 16 0.6675628
v 2.7029066 12.539392 1.3016512
v 2.7029066 16 1.3016512
v 2.3454945 12.539392 1.8704695
v 2.3454945 16 1.8704695
v 1.8704695 12.539392 2.3454945
v 1.8704695 16 2.3454945
v 1.3016512 12.539392 2.7029066
v 1.3016512 16 2.7029066
v 0.6675628 12.539392 2.9247837
v 0.6675628 16 2.9247837
v 1.8369701E-16 12.539392 3
v 1.8369701E-16 16 3
v -0.6675628 12.539392 2.9247837
v -0.6675628 16 2.9247837
v -1.3016512 12.539392 2.7029066
v -1.3016512 16 2.7029066
v -1.8704695 12.539392 2.3454945
v -1.8704695 16 2.3454945
v -2.3454945 12.539392 1.8704695
v -2.3454945 16 1.8704695
v -2.7029066 12.539392 1.3016512
v -2.7029066 16 1.3016512
v -2.9247837 -0.6675628 24
v -4.924039 -0.8682409 30
v -3 -3.6739403E-16 24
v -5 0 30
v -4.924039 0.8682409 30
v -4.698463 -1.7101008 30
v -2.7029066 -1.3016512 24
v -4.3301272 -2.5 30
v -2.3454945 -1.8704695 24
v -3.8302221 -3.213938 30
v -1.8704695 -2.3454945 24
v -3.213938 -3.8302221 30
v -2.5 -4.3301272 30
v -1.3016512 -2.7029066 24
v -1.7101008 -4.698463 30
v -0.6675628 -2.9247837 24
v -0.8682409 -4.924039 30
v 1.8369701E-16 -3 24
v 0 -5 30
v 0.8682409 -4.924039 30
v 0.6675628 -2.9247837 24
v 1.7101008 -4.698463 30
v 1.3016512 -2.7029066 24
v 2.5 -4.3301272 30
v 1.8704695 -2.3454945 24
v 3.213938 -3.8302221 30
v 2.3454945 -1.8704695 24
v 3.8302221 -3.213938 30
v 4.3301272 -2.5 30
v 2.7029066 -1.3016512 24
v 4.698463 -1.7101008 30
v 2.9247837 -0.6675628 24
v 4.924039 -0.8682409 30
v 3 0 24
v 5 0 30
v 4.924039 0.8682409 30
v 2.9247837 0.6675628 24
v 4.698463 1.7101008 30
v 2.7029066 1.3016512 24
v 4.3301272 2.5 30
v 2.3454945 1.8704695 24
v 3.8302221 3.213938 30
v 1.8704695 2.3454945 24
v 3.213938 3.8302221 30
v 2.5 4.3301272 30
v 1.3016512 2.7029066 24
v 1.7101008 4.698463 30
v 0.6675628 2.9247837 24
v 0.8682409 4.924039 30
v 1.8369701E-16 3 24
v 0 5 30
v -0.8682409 4.924039 30
v -0.6675628 2.9247837 24
v -1.7101008 4.698463 30
v -1.3016512 2.7029066 24
v -2.5 4.3301272 30
v -1.8704695 2.3454945 24
v -3.213938 3.8302221 30
v -2.3454945 1.8704695 24
v -3.8302221 3.213938 30
v -4.3301272 2.5 30
v -2.7029066 1.3016512 24
v -4.698463 1.7101008 30
v -2.9247837 0.6675628 24
v 5 5 30
v -5 5 30
v -5 -5 30
v 5 -5 30
v -2.9247837 -0.6675628 12.539392
v -2.9247837 -0.6675628 16
v -3 3.6739403E-16 12.539392
v -3 3.6739403E-16 16
v -2.9247837 0.6675628 12.539392
v -2.9247837 0.6675628 16
v -2.7029066 1.3016512 12.539392
v -2.7029066 1.3016512 16
v -2.3454945 1.8704695 12.539392
v -2.3454945 1.8704695 16
v -1.8704695 2.3454945 12.539392
v -1.8704695 2.3454945 16
v -1.3016512 2.7029066 12.539392
v -1.3016512 2.7029066 16
v -0.6675628 2.9247837 12.539392
v -0.6675628 2.9247837 16
v 1.8369701E-16 3 12.539392
v 1.8369701E-16 3 16
v 0.6675628 2.9247837 12.539392
v 0.6675628 2.9247837 16
v 1.3016512 2.7029066 12.539392
v 1.3016512 2.7029066 16
v 1.8704695 2.3454945 12.539392
v 1.8704695 2.3454945 16
v 2.3454945 1.8704695 12.539392
v 2.3454945 1.8704695 16
v 2.7029066 1.3016512 12.539392
v 2.7029066 1.3016512 16
v 2.9247837 0.6675628 12.539392
v 2.9247837 0.6675628 16
v 3 0 12.539392
v 3 0 16
v 2.9247837 -0.6675628 12.539392
v 2.9247837 -0.6675628 16
v 2.7029066 -1.3016512 12.539392
v 2.7029066 -1.3016512 16
v 2.3454945 -1.8704695 12.539392
v 2.3454945 -1.8704695 16
v 1.8704695 -2.3454945 12.539392
v 1.8704695 -2.3454945 16
v 1.3016512 -2.7029066 12.539392
v 1.3016512 -2.7029066 16
v 0.6675628 -2.9247837 12.539392
v 0.6675628 -2.9247837 16
v 1.8369701E-16 -3 12.539392
v 1.8369701E-16 -3 16
v -0.6675628 -2.9247837 12.539392
v -0.6675628 -2.9247837 16
v -1.3016512 -2.7029066 12.539392
v -1.3016512 -2.7029066 16
v -1.8704695 -2.3454945 12.539392
v -1.8704695 -2.3454945 16
v -2.3454945 -1.8704695 12.539392
v -2.3454945 -1.8704695 16
v -2.7029066 -1.3016512 12.539392
v -2.7029066 -1.3016512 16
v -5.616774 8.220302 -0.93727386
v -5.694439 8.220302 6.973676E-16
v -5.616774 8.220302 0.93727386
v -5.3858986 8.220302 -1.8489813
v -5.0081096 8.220302 -2.7102535
v -4.4937124 8.220302 -3.4975967
v -3.8567386 8.220302 -4.189535
v -3.114563 8.220302 -4.7671933
v -2.28743 8.220302 -5.214815
v -1.3979021 8.220302 -5.5201907
v -0.47024304 8.220302 -5.6749897
v 0.47024304 8.220302 -5.6749897
v 1.3979021 8.220302 -5.5201907
v 2.28743 8.220302 -5.214815
v 3.114563 8.220302 -4.7671933
v 3.8567386 8.220302 -4.189535
v 4.4937124 8.220302 -3.4975967
v 5.0081096 8.220302 -2.7102535
v 5.3858986 8.220302 -1.8489813
v 5.616774 8.220302 -0.93727386
v 5.694439 8.220302 0
v 5.616774 8.220302 0.93727386
v 5.3858986 8.220302 1.8489813
v 5.0081096 8.220302 2.7102535
v 4.4937124 8.220302 3.4975967
v 3.8567386 8.220302 4.189535
v 3.114563 8.220302 4.7671933
v 2.28743 8.220302 5.214815
v 1.3979021 8.220302 5.5201907
v 0.47024304 8.220302 5.6749897
v -0.47024304 8.220302 5.6749897
v -1.3979021 8.220302 5.5201907
v -2.28743 8.220302 5.214815
v -3.114563 8.220302 4.7671933
v -3.8567386 8.220302 4.189535
v -4.4937124 8.220302 3.4975967
v -5.0081096 8.220302 2.7102535
v -5.3858986 8.220302 1.8489813
v -7.398902 -4.0675807 -5.358268
v -7.92906 -4.3590374 -4.257793
v -7.3202047 -5.31844 -4.257793
v -7.6942086 -5.59017 -3.09017
v -6.932904 -6.51043 -3.09017
v -6.0622625 -7.3280163 -3.09017
v -4.8483057 -7.6397076 -4.257793
v -5.0960155 -8.030036 -3.09017
v -5.263358 -8.293726 -1.8738132
v -6.2613344 -7.5686536 -1.8738132
v -5.3476944 -8.426619 -0.6279052
v -6.361662 -7.689928 -0.6279052
v -5.3476944 -8.426619 0.6279052
v -6.361662 -7.689928 0.6279052
v -5.263358 -8.293726 1.8738132
v -6.2613344 -7.5686536 1.8738132
v -5.0960155 -8.030036 3.09017
v -6.0622625 -7.3280163 3.09017
v -4.8483057 -7.6397076 4.257793
v -5.767585 -6.9718122 4.257793
v -4.524135 -7.128896 5.358268
v -5.381949 -6.5056586 5.358268
v -4.1286163 -6.5056586 6.37424
v -4.911436 -5.9369063 6.37424
v -3.6679869 -5.7798223 7.289686
v -4.3634677 -5.274526 7.289686
v -3.1495109 -4.962835 8.09017
v -3.7466843 -4.528963 8.09017
v -3.114563 -4.7671933 8.220302
v -3.8567386 -4.189535 8.220302
v -3.8525662 -8.1871195 -4.257793
v -3.5949736 -7.6397076 -5.358268
v -2.7960694 -8.605416 -4.257793
v -2.6091168 -8.030036 -5.358268
v -1.6954768 -8.8880005 -4.257793
v -1.5821128 -8.293726 -5.358268
v -0.56814563 -9.030416 -4.257793
v -0.53015786 -8.426619 -5.358268
v 0.56814563 -9.030416 -4.257793
v 0.53015786 -8.426619 -5.358268
v 1.6954768 -8.8880005 -4.257793
v 1.5821128 -8.293726 -5.358268
v 2.7960694 -8.605416 -4.257793
v 2.6091168 -8.030036 -5.358268
v 3.8525662 -8.1871195 -4.257793
v 3.5949736 -7.6397076 -5.358268
v 4.8483057 -7.6397076 -4.257793
v 4.524135 -7.128896 -5.358268
v 5.767585 -6.9718122 -4.257793
v 5.381949 -6.5056586 -5.358268
v 6.5959053 -6.1939673 -4.257793
v 6.154886 -5.7798223 -5.358268
v 7.3202047 -5.31844 -4.257793
v 6.830756 -4.962835 -5.358268
v 7.92906 -4.3590374 -4.257793
v 7.398902 -4.0675807 -5.358268
v 8.220302 -3.4975967 -4.4937124
v 7.8503623 -3.1081784 -5.358268
v 8.220302 -2.7102535 -5.0081096
v 8.178019 -2.0997581 -5.358268
v 8.220302 -1.8489813 -5.3858986
v 7.4630613 -1.9161885 -6.37424
v 7.6443753 -0.96570915 -6.37424
v 6.630408 -1.7023994 -7.289686
v 6.7914925 -0.85796505 -7.289686
v 5.693189 -1.4617624 -8.09017
v 5.831504 -0.7366903 -8.09017
v 4.666185 -1.1980727 -8.763067
v 4.779549 -0.60379744 -8.763067
v 3.5655925 -0.91548854 -9.297765
v 3.6522179 -0.46138242 -9.297765
v 2.4087684 -0.6184666 -9.685832
v 2.467289 -0.31169108 -9.685832
v 1.2139566 -0.31169108 -9.921147
v 1.2434494 -0.1570842 -9.921147
v -6.123234E-16 -7.498799E-32 -10
v -3.280686 -6.9718122 -6.37424
v -2.381017 -7.3280163 -6.37424
v -1.4437978 -7.5686536 -6.37424
v -0.48380926 -7.689928 -6.37424
v 0.48380926 -7.689928 -6.37424
v 1.4437978 -7.5686536 -6.37424
v 2.381017 -7.3280163 -6.37424
v 3.280686 -6.9718122 -6.37424
v 4.1286163 -6.5056586 -6.37424
v 4.911436 -5.9369063 -6.37424
v 5.6168 -5.274526 -6.37424
v 6.233583 -4.528963 -6.37424
v 6.752059 -3.7119758 -6.37424
v 7.164051 -2.8364484 -6.37424
v -2.9146597 -6.1939673 -7.289686
v -3.6679869 -5.7798223 -7.289686
v -3.1495109 -4.962835 -8.09017
v -3.7466843 -4.528963 -8.09017
v -3.0708134 -3.7119758 -8.763067
v -3.5118332 -3.2978308 -8.763067
v -2.6835124 -2.519986 -9.297765
v -2.9781902 -2.163782 -9.297765
v -2.0119433 -1.4617624 -9.685832
v -3.1982603 -1.8228273 -9.297765
v -2.166895 -1.2203412 -9.685832
v -3.2259 -1.7734536 -9.297765
v -2.179286 -1.1980727 -9.685832
v -2.3122602 -0.91548854 -9.685832
v -1.165319 -0.46138242 -9.921147
v -1.2139566 -0.31169108 -9.921147
v -4.3634677 -5.274526 -7.289686
v -4.28477 -4.023667 -8.09017
v -4.990134 -4.6860476 -7.289686
v -4.7552824 -3.454915 -8.09017
v -5.5381026 -4.023667 -7.289686
v -5.8945317 -3.4806564 -7.289686
v -6.614613 -3.9517038 -6.37424
v -6.752059 -3.7119758 -6.37424
v -5.998732 -3.2978308 -7.289686
v -6.364758 -2.519986 -7.289686
v -5.465089 -2.163782 -8.09017
v -5.693189 -1.4617624 -8.09017
v -4.666185 -1.1980727 -8.763067
v -4.779549 -0.60379744 -8.763067
v -3.6522179 -0.46138242 -9.297765
v -3.6812456 -4.5082254E-16 -9.297765
v -2.486899 -3.045573E-16 -9.685832
v -2.467289 0.31169108 -9.685832
v -1.2434494 0.1570842 -9.921147
v -1.2139566 0.31169108 -9.921147
v 3.5884395 7.642779 5.358268
v 3.2765992 6.973734 6.37424
v 2.9126954 6.1948915 7.289686
v 3.6679869 5.7798223 7.289686
v 2.5024118 5.3185606 8.09017
v 3.1495109 4.962835 8.09017
v 3.114563 4.7671933 8.220302
v 3.7466843 4.528963 8.09017
v 3.8567386 4.189535 8.220302
v 4.28477 4.023667 8.09017
v 4.4937124 3.4975967 8.220302
v 4.7552824 3.454915 8.09017
v 5.0081096 2.7102535 8.220302
v 5.1508017 2.831677 8.09017
v 5.465089 2.163782 8.09017
v 6.364758 2.519986 7.289686
v 6.630408 1.7023994 7.289686
v 7.4630613 1.9161885 6.37424
v 7.6443753 0.96570915 6.37424
v 8.220302 1.8489813 5.3858986
v 8.220302 0.93727386 5.616774
v 7.7051325 -4.983711E-16 6.37424
v 8.220302 -6.973676E-16 5.694439
v 8.220302 -0.93727386 5.616774
v 7.6443753 -0.96570915 6.37424
v 8.220302 -1.8489813 5.3858986
v 7.4630613 -1.9161885 6.37424
v 8.178019 -2.0997581 5.358268
v 7.8503623 -3.1081784 5.358268
v 8.220302 -2.7102535 5.0081096
v 8.220302 -3.4975967 4.4937124
v 7.398902 -4.0675807 5.358268
v 7.92906 -4.3590374 4.257793
v 7.3928046 -5.2170525 4.257793
v 8.220302 -4.7671933 3.114563
v 7.7885604 -5.4579463 3.09017
v 8.220302 -5.214815 2.28743
v 7.6942086 -5.59017 3.09017
v 7.946871 -5.77374 1.8738132
v 7.160566 -6.724219 1.8738132
v 7.275302 -6.831963 0.6279052
v 6.361662 -7.689928 0.6279052
v 6.361662 -7.689928 -0.6279052
v 5.3476944 -8.426619 -0.6279052
v 5.263358 -8.293726 -1.8738132
v 4.182376 -8.8880005 -1.8738132
v 4.0494018 -8.605416 -3.09017
v 2.9389262 -9.045085 -3.09017
v 4.8483057 7.6397076 4.257793
v 3.843361 8.191445 4.257793
v 2.6091168 8.030036 5.358268
v 5.337657 7.306204 4.257793
v 5.5551143 7.7195563 3.09017
v 6.0622625 7.3280163 3.09017
v 6.932904 6.51043 3.09017
v 7.6942086 5.59017 3.09017
v 7.3202047 5.31844 4.257793
v 7.801396 4.5836034 4.257793
v 7.92906 4.3590374 4.257793
v 7.398902 4.0675807 5.358268
v 8.220302 3.4975967 4.4937124
v 7.8503623 3.1081784 5.358268
v 8.220302 2.7102535 5.0081096
v 8.178019 2.0997581 5.358268
v 7.2605143 4.3097444 5.358268
v 6.752059 3.7119758 6.37424
v 5.998732 3.2978308 7.289686
v 7.164051 2.8364484 6.37424
v 5.5381026 4.023667 7.289686
v 4.990134 4.6860476 7.289686
v 4.3634677 5.274526 7.289686
v 8.220302 4.189535 3.8567386
v 8.220302 4.7671933 3.114563
v 8.220302 5.214815 2.28743
v 7.946871 5.77374 1.8738132
v 7.160566 6.724219 1.8738132
v 6.2613344 7.5686536 1.8738132
v 5.6801686 8.014019 1.8738132
v 6.361662 7.689928 0.6279052
v 5.712603 8.183636 0.6279052
v 8.220302 5.5201907 1.3979021
v 8.074205 5.866254 0.6279052
v 7.275302 6.831963 0.6279052
v 8.220302 5.6749897 0.47024304
v 8.220302 5.6749897 -0.47024304
v 8.074205 5.866254 -0.6279052
v 8.220302 5.5201907 -1.3979021
v 7.946871 5.77374 -1.8738132
v 8.220302 5.214815 -2.28743
v 7.6942086 5.59017 -3.09017
v 8.220302 4.7671933 -3.114563
v 7.3202047 5.31844 -4.257793
v 7.92906 4.3590374 -4.257793
v 7.398902 4.0675807 -5.358268
v 8.220302 3.4975967 -4.4937124
v 7.8503623 3.1081784 -5.358268
v 8.220302 2.7102535 -5.0081096
v 8.178019 2.0997581 -5.358268
v 8.220302 1.8489813 -5.3858986
v 7.4630613 1.9161885 -6.37424
v 7.6443753 0.96570915 -6.37424
v 6.7914925 0.85796505 -7.289686
v 6.845471 6.6467967E-16 -7.289686
v 5.8778524 9.106536E-16 -8.09017
v 8.220302 4.189535 -3.8567386
v 8.220302 0.93727386 -5.616774
v 7.7051325 3.0254828E-16 -6.37424
v 8.220302 0 -5.694439
v 8.220302 -0.93727386 -5.616774
v 8.220302 -4.189535 -3.8567386
v 8.220302 -4.7671933 -3.114563
v 7.6942086 -5.59017 -3.09017
v 6.932904 -6.51043 -3.09017
v 6.0622625 -7.3280163 -3.09017
v 5.0960155 -8.030036 -3.09017
v 8.220302 -5.214815 -2.28743
v 7.946871 -5.77374 -1.8738132
v 7.160566 -6.724219 -1.8738132
v 6.2613344 -7.5686536 -1.8738132
v 8.220302 -5.5201907 -1.3979021
v 8.074205 -5.866254 -0.6279052
v 7.275302 -6.831963 -0.6279052
v 8.220302 -5.6749897 -0.47024304
v 8.220302 -5.6749897 0.47024304
v 8.074205 -5.866254 0.6279052
v 8.210816 -5.6734667 0.6279052
v 8.220302 -5.5201907 1.3979021
v 8.062868 -5.610614 1.8738132
v 8.220302 -4.189535 3.8567386
v -5.616774 0.93727386 8.220302
v -5.831504 0.7366903 8.09017
v -5.694439 -6.973676E-16 8.220302
v -5.8778524 -7.1982935E-16 8.09017
v -5.831504 -0.7366903 8.09017
v -6.845471 -8.383284E-16 7.289686
v -6.7914925 -0.85796505 7.289686
v -7.7051325 -9.436066E-16 6.37424
v -7.6443753 -0.96570915 6.37424
v -8.443279 -1.0340035E-15 5.358268
v -8.376701 -1.0582235 5.358268
v -9.04827 -1.1080936E-15 4.257793
v -8.976922 -1.134049 4.257793
v -9.510565 -1.1647083E-15 3.09017
v -9.435572 -1.1919899 3.09017
v -9.822872 -1.2029549E-15 1.8738132
v -9.745417 -1.2311324 1.8738132
v -9.980268 -1.2222302E-15 0.6279052
v -9.90157 -1.2508591 0.6279052
v -9.980268 -1.2222302E-15 -0.6279052
v -9.90157 -1.2508591 -0.6279052
v -9.822872 -1.2029549E-15 -1.8738132
v -9.745417 -1.2311324 -1.8738132
v -9.510565 -1.1647083E-15 -3.09017
v -9.435572 -1.1919899 -3.09017
v -9.04827 -1.1080936E-15 -4.257793
v -8.976922 -1.134049 -4.257793
v -8.443279 -1.0340035E-15 -5.358268
v -8.376701 -1.0582235 -5.358268
v -7.7051325 -9.436066E-16 -6.37424
v -7.6443753 -0.96570915 -6.37424
v -6.845471 -8.383284E-16 -7.289686
v -6.7914925 -0.85796505 -7.289686
v -5.8778524 -7.1982935E-16 -8.09017
v -5.831504 -0.7366903 -8.09017
v -4.817537 -5.899781E-16 -8.763067
v -5.693189 1.4617624 8.09017
v -5.3858986 1.8489813 8.220302
v -5.465089 2.163782 8.09017
v -5.0081096 2.7102535 8.220302
v -5.1508017 2.831677 8.09017
v -4.7552824 3.454915 8.09017
v -5.5381026 4.023667 7.289686
v -4.990134 4.6860476 7.289686
v -5.6168 5.274526 6.37424
v -4.911436 5.9369063 6.37424
v -5.381949 6.5056586 5.358268
v -4.524135 7.128896 5.358268
v -4.8483057 7.6397076 4.257793
v -3.5884395 7.642779 5.358268
v -3.843361 8.191445 4.257793
v -4.4937124 3.4975967 8.220302
v -4.28477 4.023667 8.09017
v -4.3634677 5.274526 7.289686
v -4.1286163 6.5056586 6.37424
v -3.2765992 6.973734 6.37424
v -2.381017 7.3280163 6.37424
v -2.6091168 8.030036 5.358268
v -3.8567386 4.189535 8.220302
v -3.7466843 4.528963 8.09017
v -3.6679869 5.7798223 7.289686
v -2.9126954 6.1948915 7.289686
v -2.115367 6.51043 7.289686
v -1.4437978 7.5686536 6.37424
v -0.48380926 7.689928 6.37424
v 0.48380926 7.689928 6.37424
v 1.4437978 7.5686536 6.37424
v 2.381017 7.3280163 6.37424
v 1.2827134 6.724219 7.289686
v 2.115367 6.51043 7.289686
v 1.1013998 5.77374 8.09017
v 1.8163563 5.59017 8.09017
v 1.3979021 5.5201907 8.220302
v 2.28743 5.214815 8.220302
v -3.114563 4.7671933 8.220302
v -3.1495109 4.962835 8.09017
v -2.5024118 5.3185606 8.09017
v -1.8163563 5.59017 8.09017
v -1.2827134 6.724219 7.289686
v -2.28743 5.214815 8.220302
v -1.3979021 5.5201907 8.220302
v -1.1013998 5.77374 8.09017
v -0.47024304 5.6749897 8.220302
v -0.36907342 5.866254 8.09017
v 0.47024304 5.6749897 8.220302
v 0.36907342 5.866254 8.09017
v 5.3858986 1.8489813 8.220302
v 5.693189 1.4617624 8.09017
v 6.7914925 0.85796505 7.289686
v 5.616774 0.93727386 8.220302
v 5.831504 0.7366903 8.09017
v 6.845471 -2.395668E-16 7.289686
v 5.694439 0 8.220302
v 5.8778524 -3.1225396E-17 8.09017
v 6.7914925 -0.85796505 7.289686
v 5.831504 -0.7366903 8.09017
v 5.616774 -0.93727386 8.220302
v 5.693189 -1.4617624 8.09017
v 5.3858986 -1.8489813 8.220302
v 5.465089 -2.163782 8.09017
v 5.0081096 -2.7102535 8.220302
v 5.1508017 -2.831677 8.09017
v 4.757321 -3.452108 8.09017
v 5.5537047 -4.002104 7.289686
v 5.5381026 -4.023667 7.289686
v 6.233583 -4.528963 6.37424
v 5.6168 -5.274526 6.37424
v 6.154886 -5.7798223 5.358268
v 5.381949 -6.5056586 5.358268
v 5.767585 -6.9718122 4.257793
v 4.8483057 -7.6397076 4.257793
v 5.0960155 -8.030036 3.09017
v 4.0494018 -8.605416 3.09017
v 4.182376 -8.8880005 1.8738132
v 3.0354345 -9.342107 1.8738132
v 3.084072 -9.491798 0.6279052
v 1.8701156 -9.80349 0.6279052
v 1.8701156 -9.80349 -0.6279052
v 0.6266662 -9.960573 -0.6279052
v 0.61678326 -9.80349 -1.8738132
v -0.61678326 -9.80349 -1.8738132
v -0.59717333 -9.491798 -3.09017
v -1.7821022 -9.342107 -3.09017
v 4.4937124 -3.4975967 8.220302
v 4.7552824 -3.454915 8.09017
v 4.990134 -4.6860476 7.289686
v 4.911436 -5.9369063 6.37424
v 4.524135 -7.128896 5.358268
v 3.8525662 -8.1871195 4.257793
v 2.9389262 -9.045085 3.09017
v 1.8406228 -9.648883 1.8738132
v 0.6266662 -9.960573 0.6279052
v -0.6266662 -9.960573 -0.6279052
v -1.8406228 -9.648883 -1.8738132
v -2.9389262 -9.045085 -3.09017
v 4.28477 -4.023667 8.09017
v 3.8567386 -4.189535 8.220302
v 3.7466843 -4.528963 8.09017
v 3.114563 -4.7671933 8.220302
v 3.1495109 -4.962835 8.09017
v 2.502668 -5.31844 8.09017
v 2.9146597 -6.1939673 7.289686
v 2.115367 -6.51043 7.289686
v 2.381017 -7.3280163 6.37424
v 1.4437978 -7.5686536 6.37424
v 1.5821128 -8.293726 5.358268
v 0.53015786 -8.426619 5.358268
v 0.56814563 -9.030416 4.257793
v -0.56814563 -9.030416 4.257793
v -0.59717333 -9.491798 3.09017
v -1.7821022 -9.342107 3.09017
v -1.8406228 -9.648883 1.8738132
v -3.0354345 -9.342107 1.8738132
v -3.084072 -9.491798 0.6279052
v -4.249391 -9.030416 0.6279052
v -4.249391 -9.030416 -0.6279052
v 2.28743 -5.214815 8.220302
v 1.8163563 -5.59017 8.09017
v 1.2827134 -6.724219 7.289686
v 0.48380926 -7.689928 6.37424
v -0.53015786 -8.426619 5.358268
v -1.6954768 -8.8880005 4.257793
v -2.9389262 -9.045085 3.09017
v -4.182376 -8.8880005 1.8738132
v 1.3979021 -5.5201907 8.220302
v 1.1013998 -5.77374 8.09017
v 0.42983067 -6.831963 7.289686
v -0.48380926 -7.689928 6.37424
v -1.5821128 -8.293726 5.358268
v -2.7960694 -8.605416 4.257793
v -4.0494018 -8.605416 3.09017
v 0.47024304 -5.6749897 8.220302
v 0.36907342 -5.866254 8.09017
v -0.42983067 -6.831963 7.289686
v -1.4437978 -7.5686536 6.37424
v -2.6091168 -8.030036 5.358268
v -3.8525662 -8.1871195 4.257793
v -0.47024304 -5.6749897 8.220302
v -0.36907342 -5.866254 8.09017
v -1.2827134 -6.724219 7.289686
v -2.381017 -7.3280163 6.37424
v -3.5949736 -7.6397076 5.358268
v -1.1013998 -5.77374 8.09017
v -1.3979021 -5.5201907 8.220302
v -1.8163563 -5.59017 8.09017
v -2.28743 -5.214815 8.220302
v -2.502668 -5.31844 8.09017
v -4.28477 -4.023667 8.09017
v -4.4937124 -3.4975967 8.220302
v -4.7552824 -3.454915 8.09017
v -5.0081096 -2.7102535 8.220302
v -5.1508017 -2.831677 8.09017
v -5.465089 -2.163782 8.09017
v -6.364758 -2.519986 7.289686
v -6.630408 -1.7023994 7.289686
v -7.4630613 -1.9161885 6.37424
v -5.3858986 -1.8489813 8.220302
v -5.693189 -1.4617624 8.09017
v -5.616774 -0.93727386 8.220302
v -6.361662 7.689928 -0.6279052
v -6.361662 7.689928 0.6279052
v -6.2613344 7.5686536 1.8738132
v -6.0622625 7.3280163 3.09017
v -5.0960155 8.030036 3.09017
v -5.767585 6.9718122 4.257793
v -6.2613344 7.5686536 -1.8738132
v -5.0960155 8.030036 -3.09017
v -6.0622625 7.3280163 -3.09017
v -7.160566 6.724219 -1.8738132
v -7.275302 6.831963 -0.6279052
v -8.074205 5.866254 -0.6279052
v -8.074205 5.866254 0.6279052
v -8.745775 4.8080306 0.6279052
v -8.607849 4.732205 1.8738132
v -9.133076 3.6160405 1.8738132
v -8.8427 3.5010726 3.09017
v -9.211773 2.3651814 3.09017
v -8.764003 2.2502134 4.257793
v -8.976922 1.134049 4.257793
v -8.376701 1.0582235 5.358268
v -3.8432906 8.191479 -4.257793
v -4.8483057 7.6397076 -4.257793
v -3.58728 7.643323 -5.358268
v -4.524135 7.128896 -5.358268
v -5.767585 6.9718122 -4.257793
v -5.381949 6.5056586 -5.358268
v -6.5959053 6.1939673 -4.257793
v -6.154886 5.7798223 -5.358268
v -7.3202047 5.31844 -4.257793
v -6.830756 4.962835 -5.358268
v -7.92906 4.3590374 -4.257793
v -7.398902 4.0675807 -5.358268
v -8.412869 3.3308907 -4.257793
v -7.8503623 3.1081784 -5.358268
v -8.764003 2.2502134 -4.257793
v -8.178019 2.0997581 -5.358268
v -8.976922 1.134049 -4.257793
v -8.376701 1.0582235 -5.358268
v -2.6091168 8.030036 -5.358268
v -0.48380926 7.689928 -6.37424
v -1.4437978 7.5686536 -6.37424
v -2.381017 7.3280163 -6.37424
v -3.2745428 6.9746995 -6.37424
v -4.1286163 6.5056586 -6.37424
v -4.911436 5.9369063 -6.37424
v -5.6168 5.274526 -6.37424
v -6.233583 4.528963 -6.37424
v -6.752059 3.7119758 -6.37424
v -7.164051 2.8364484 -6.37424
v -7.4630613 1.9161885 -6.37424
v -7.6443753 0.96570915 -6.37424
v 0.48380926 7.689928 -6.37424
v 1.4437978 7.5686536 -6.37424
v 2.381017 7.3280163 -6.37424
v 2.6091168 8.030036 -5.358268
v 3.58728 7.643323 -5.358268
v 3.8432906 8.191479 -4.257793
v 5.0960155 8.030036 -3.09017
v 4.8483057 7.6397076 -4.257793
v 6.0622625 7.3280163 -3.09017
v 5.767585 6.9718122 -4.257793
v 6.5959053 6.1939673 -4.257793
v 6.154886 5.7798223 -5.358268
v 6.830756 4.962835 -5.358268
v 6.233583 4.528963 -6.37424
v 6.752059 3.7119758 -6.37424
v 5.998732 3.2978308 -7.289686
v 6.364758 2.519986 -7.289686
v 5.465089 2.163782 -8.09017
v 5.693189 1.4617624 -8.09017
v 4.666185 1.1980727 -8.763067
v 4.779549 0.60379744 -8.763067
v 3.6522179 0.46138242 -9.297765
v 3.6812456 9.96121E-16 -9.297765
v 2.486899 8.1676073E-16 -9.685832
v 6.2613344 7.5686536 -1.8738132
v 6.361662 7.689928 -0.6279052
v 5.0960155 8.030036 3.09017
v -1.2533324 -1.5348895E-16 -9.921147
v -1.2434494 -0.1570842 -9.921147
v -1.0983036 -0.60379744 -9.921147
v -1.0139672 -0.7366903 -9.921147
v -0.91363996 -0.85796505 -9.921147
v -0.7989041 -0.96570915 -9.921147
v -0.67156905 -1.0582235 -9.921147
v -0.53364295 -1.134049 -9.921147
v -0.387301 -1.1919899 -9.921147
v -0.23485106 -1.2311324 -9.921147
v -0.07869739 -1.2508591 -9.921147
v 0.07869739 -1.2508591 -9.921147
v 0.23485106 -1.2311324 -9.921147
v 0.387301 -1.1919899 -9.921147
v 0.53364295 -1.134049 -9.921147
v 0.67156905 -1.0582235 -9.921147
v 0.7989041 -0.96570915 -9.921147
v 0.91363996 -0.85796505 -9.921147
v 1.0139672 -0.7366903 -9.921147
v 1.0983036 -0.60379744 -9.921147
v 1.165319 -0.46138242 -9.921147
v 1.2533324 4.8410876E-16 -9.921147
v 1.2434494 0.1570842 -9.921147
v 1.2139566 0.31169108 -9.921147
v 1.165319 0.46138242 -9.921147
v 1.0983036 0.60379744 -9.921147
v 1.0139672 0.7366903 -9.921147
v 0.91363996 0.85796505 -9.921147
v 0.7989041 0.96570915 -9.921147
v 0.67156905 1.0582235 -9.921147
v 0.387301 1.1919899 -9.921147
v 0.23485106 1.2311324 -9.921147
v 0.07869739 1.2508591 -9.921147
v -0.07869739 1.2508591 -9.921147
v -0.23485106 1.2311324 -9.921147
v -0.387301 1.1919899 -9.921147
v -0.53350025 1.1341162 -9.921147
v -0.67156905 1.0582235 -9.921147
v -0.7989041 0.96570915 -9.921147
v -0.91363996 0.85796505 -9.921147
v -1.0139672 0.7366903 -9.921147
v -1.0983036 0.60379744 -9.921147
v -1.165319 0.46138242 -9.921147
v -6.7914925 0.85796505 7.289686
v -6.630408 1.7023994 7.289686
v -6.364758 2.519986 7.289686
v -5.998732 3.2978308 7.289686
v -7.6443753 0.96570915 6.37424
v -7.4630613 1.9161885 6.37424
v -7.164051 2.8364484 6.37424
v -6.752059 3.7119758 6.37424
v -6.233583 4.528963 6.37424
v -9.435572 1.1919899 3.09017
v -9.745417 1.2311324 1.8738132
v -9.90157 1.2508591 0.6279052
v -9.90157 1.2508591 -0.6279052
v -9.745417 1.2311324 -1.8738132
v -9.435572 1.1919899 -3.09017
v -6.7914925 0.85796505 -7.289686
v -6.630408 1.7023994 -7.289686
v -6.364758 2.519986 -7.289686
v -5.998732 3.2978308 -7.289686
v -5.5381026 4.023667 -7.289686
v -4.990134 4.6860476 -7.289686
v -4.3634677 5.274526 -7.289686
v -3.6679869 5.7798223 -7.289686
v -2.909982 6.1961665 -7.289686
v -2.115367 6.51043 -7.289686
v -1.2827134 6.724219 -7.289686
v -0.42983067 6.831963 -7.289686
v 0.42983067 6.831963 -7.289686
v 1.2827134 6.724219 -7.289686
v 2.115367 6.51043 -7.289686
v 3.2745428 6.9746995 -6.37424
v 4.524135 7.128896 -5.358268
v 5.381949 6.5056586 -5.358268
v -5.831504 0.7366903 -8.09017
v -5.693189 1.4617624 -8.09017
v -5.465089 2.163782 -8.09017
v -5.1508017 2.831677 -8.09017
v -4.7552824 3.454915 -8.09017
v -4.28477 4.023667 -8.09017
v -3.7466843 4.528963 -8.09017
v -3.1495109 4.962835 -8.09017
v -2.4993207 5.3200135 -8.09017
v -1.8163563 5.59017 -8.09017
v -1.1013998 5.77374 -8.09017
v -0.36907342 5.866254 -8.09017
v 0.36907342 5.866254 -8.09017
v 1.1013998 5.77374 -8.09017
v 1.8163563 5.59017 -8.09017
v 2.909982 6.1961665 -7.289686
v 4.1286163 6.5056586 -6.37424
v 4.911436 5.9369063 -6.37424
v 5.6168 5.274526 -6.37424
v -4.779549 0.60379744 -8.763067
v -4.666185 1.1980727 -8.763067
v -4.4792323 1.7734536 -8.763067
v -4.2216396 2.320866 -8.763067
v -3.897469 2.831677 -8.763067
v -3.5118332 3.2978308 -8.763067
v -3.0708134 3.7119758 -8.763067
v -2.5813653 4.0675807 -8.763067
v -2.049013 4.3600698 -8.763067
v -1.4887007 4.58175 -8.763067
v -0.90271634 4.732205 -8.763067
v -0.30249563 4.8080306 -8.763067
v 0.30249563 4.8080306 -8.763067
v 0.90271634 4.732205 -8.763067
v 1.4887007 4.58175 -8.763067
v 2.4993207 5.3200135 -8.09017
v 3.6679869 5.7798223 -7.289686
v 4.3634677 5.274526 -7.289686
v 4.990134 4.6860476 -7.289686
v 5.5381026 4.023667 -7.289686
v -3.6522179 0.46138242 -9.297765
v -3.5655925 0.91548854 -9.297765
v -3.4227355 1.3551569 -9.297765
v -3.2259 1.7734536 -9.297765
v -2.9781902 2.163782 -9.297765
v -2.6835124 2.519986 -9.297765
v -2.3465142 2.8364484 -9.297765
v -1.97251 3.1081784 -9.297765
v -1.5661404 3.3314822 -9.297765
v -1.1375674 3.5010726 -9.297765
v -0.6897966 3.6160405 -9.297765
v -0.23114732 3.6739814 -9.297765
v 0.23114732 3.6739814 -9.297765
v 0.6897966 3.6160405 -9.297765
v 1.1375674 3.5010726 -9.297765
v 2.049013 4.3600698 -8.763067
v 3.1495109 4.962835 -8.09017
v 3.7466843 4.528963 -8.09017
v 4.28477 4.023667 -8.09017
v 4.7552824 3.454915 -8.09017
v 5.1508017 2.831677 -8.09017
v -2.467289 -0.31169108 -9.685832
v -2.4087684 -0.6184666 -9.685832
v -1.0951954 -0.60941684 -9.921147
v 0.53350025 1.1341162 -9.921147
v 1.3325471 2.0997581 -9.685832
v 1.585209 1.9161885 -9.685832
v 1.8128712 1.7023994 -9.685832
v 2.0119433 1.4617624 -9.685832
v 2.179286 1.1980727 -9.685832
v 2.3122602 0.91548854 -9.685832
v 2.4087684 0.6184666 -9.685832
v 2.467289 0.31169108 -9.685832
v -5.998732 -3.2978308 7.289686
v -5.5381026 -4.023667 7.289686
v -4.990134 -4.6860476 7.289686
v -6.752059 -3.7119758 6.37424
v -6.233583 -4.528963 6.37424
v -5.6168 -5.274526 6.37424
v -7.164051 -2.8364484 6.37424
v -7.8503623 -3.1081784 5.358268
v -7.398902 -4.0675807 5.358268
v -8.412869 -3.3308907 4.257793
v -7.92906 -4.3590374 4.257793
v -8.8427 -3.5010726 3.09017
v -8.334172 -4.58175 3.09017
v -9.133076 -3.6160405 1.8738132
v -8.607849 -4.732205 1.8738132
v -9.279418 -3.6739814 0.6279052
v -8.745775 -4.8080306 0.6279052
v -9.279418 -3.6739814 -0.6279052
v -8.745775 -4.8080306 -0.6279052
v -9.133076 -3.6160405 -1.8738132
v -8.607849 -4.732205 -1.8738132
v -8.8427 -3.5010726 -3.09017
v -8.334172 -4.58175 -3.09017
v -8.412869 -3.3308907 -4.257793
v -7.8503623 -3.1081784 -5.358268
v -7.164051 -2.8364484 -6.37424
v -6.830756 -4.962835 5.358268
v -6.154886 -5.7798223 5.358268
v -7.3202047 -5.31844 4.257793
v -6.5959053 -6.1939673 4.257793
v -7.6942086 -5.59017 3.09017
v -6.932904 -6.51043 3.09017
v -7.946871 -5.77374 1.8738132
v -7.160566 -6.724219 1.8738132
v -8.074205 -5.866254 0.6279052
v -7.275302 -6.831963 0.6279052
v -8.074205 -5.866254 -0.6279052
v -7.275302 -6.831963 -0.6279052
v -7.946871 -5.77374 -1.8738132
v -7.160566 -6.724219 -1.8738132
v -5.1508017 -2.831677 -8.09017
v -5.076576 -2.9626882 -8.09017
v -4.173191 -2.4068935 -8.763067
v -3.897469 -2.831677 -8.763067
v -4.2216396 -2.320866 -8.763067
v -4.4792323 -1.7734536 -8.763067
v -3.4227355 -1.3551569 -9.297765
v -4.0494018 -8.605416 -3.09017
v -4.182376 -8.8880005 -1.8738132
v -3.0354345 -9.342107 -1.8738132
v -3.280686 -6.9718122 6.37424
v -2.9146597 -6.1939673 7.289686
v -1.0588701 -2.2502134 -9.685832
v -1.3325471 -2.0997581 -9.685832
v -1.585209 -1.9161885 -9.685832
v -1.8128712 -1.7023994 -9.685832
v -1.5673981 -3.3308907 -9.297765
v -1.97251 -3.1081784 -9.297765
v -2.3465142 -2.8364484 -9.297765
v -0.768494 -2.3651814 -9.685832
v -0.46599838 -2.4428492 -9.685832
v -0.15615368 -2.4819915 -9.685832
v 0.15615368 -2.4819915 -9.685832
v 0.46599838 -2.4428492 -9.685832
v 0.768494 -2.3651814 -9.685832
v 1.0588701 -2.2502134 -9.685832
v 1.3325471 -2.0997581 -9.685832
v 1.585209 -1.9161885 -9.685832
v 1.8128712 -1.7023994 -9.685832
v 2.0119433 -1.4617624 -9.685832
v 2.179286 -1.1980727 -9.685832
v 2.3122602 -0.91548854 -9.685832
v -2.0512073 -4.3590374 -8.763067
v -2.5813653 -4.0675807 -8.763067
v -1.1375674 -3.5010726 -9.297765
v -0.6897966 -3.6160405 -9.297765
v -0.23114732 -3.6739814 -9.297765
v 0.23114732 -3.6739814 -9.297765
v 0.6897966 -3.6160405 -9.297765
v 1.1375674 -3.5010726 -9.297765
v 1.5673981 -3.3308907 -9.297765
v 1.97251 -3.1081784 -9.297765
v 2.3465142 -2.8364484 -9.297765
v 2.6835124 -2.519986 -9.297765
v 2.9781902 -2.163782 -9.297765
v 3.2259 -1.7734536 -9.297765
v 3.4227355 -1.3551569 -9.297765
v -2.502668 -5.31844 -8.09017
v -1.4887007 -4.58175 -8.763067
v -0.90271634 -4.732205 -8.763067
v -0.30249563 -4.8080306 -8.763067
v 0.30249563 -4.8080306 -8.763067
v 0.90271634 -4.732205 -8.763067
v 1.4887007 -4.58175 -8.763067
v 2.0512073 -4.3590374 -8.763067
v 2.5813653 -4.0675807 -8.763067
v 3.0708134 -3.7119758 -8.763067
v 3.5118332 -3.2978308 -8.763067
v 3.897469 -2.831677 -8.763067
v 4.2216396 -2.320866 -8.763067
v 4.4792323 -1.7734536 -8.763067
v -2.115367 -6.51043 -7.289686
v -1.8163563 -5.59017 -8.09017
v -1.1013998 -5.77374 -8.09017
v -0.36907342 -5.866254 -8.09017
v 0.36907342 -5.866254 -8.09017
v 1.1013998 -5.77374 -8.09017
v 1.8163563 -5.59017 -8.09017
v 2.502668 -5.31844 -8.09017
v 3.1495109 -4.962835 -8.09017
v 3.7466843 -4.528963 -8.09017
v 4.28477 -4.023667 -8.09017
v 4.7552824 -3.454915 -8.09017
v 5.1508017 -2.831677 -8.09017
v 5.465089 -2.163782 -8.09017
v -3.084072 -9.491798 -0.6279052
v -1.8701156 -9.80349 0.6279052
v -0.61678326 -9.80349 1.8738132
v 0.59717333 -9.491798 3.09017
v 1.6954768 -8.8880005 4.257793
v 2.6091168 -8.030036 5.358268
v 3.280686 -6.9718122 6.37424
v 3.6679869 -5.7798223 7.289686
v -2.115367 -6.51043 7.289686
v 1.97251 3.1081784 -9.297765
v 2.3465142 2.8364484 -9.297765
v 2.6835124 2.519986 -9.297765
v 2.9781902 2.163782 -9.297765
v 3.2259 1.7734536 -9.297765
v 3.4227355 1.3551569 -9.297765
v 3.5655925 0.91548854 -9.297765
v 2.5813653 4.0675807 -8.763067
v 3.0708134 3.7119758 -8.763067
v 3.5118332 3.2978308 -8.763067
v 3.897469 2.831677 -8.763067
v 4.2216396 2.320866 -8.763067
v 4.4792323 1.7734536 -8.763067
v 1.0583036 2.25048 -9.685832
v 1.5661404 3.3314822 -9.297765
v 0.768494 2.3651814 -9.685832
v 0.46599838 2.4428492 -9.685832
v 0.15615368 2.4819915 -9.685832
v -0.15615368 2.4819915 -9.685832
v -0.46599838 2.4428492 -9.685832
v -0.768494 2.3651814 -9.685832
v -1.0583036 2.25048 -9.685832
v -1.3325471 2.0997581 -9.685832
v -1.585209 1.9161885 -9.685832
v -1.8128712 1.7023994 -9.685832
v -2.0119433 1.4617624 -9.685832
v -2.179286 1.1980727 -9.685832
v -2.3122602 0.91548854 -9.685832
v -2.4087684 0.6184666 -9.685832
v 7.275302 6.831963 -0.6279052
v 7.160566 6.724219 -1.8738132
v 6.932904 6.51043 -3.09017
v 7.164051 2.8364484 -6.37424
v 6.630408 1.7023994 -7.289686
v 5.831504 0.7366903 -8.09017
v 4.817537 1.0249866E-15 -8.763067
v 6.364758 -2.519986 -7.289686
v 5.998732 -3.2978308 -7.289686
v 5.5381026 -4.023667 -7.289686
v 4.990134 -4.6860476 -7.289686
v 4.3634677 -5.274526 -7.289686
v 3.6679869 -5.7798223 -7.289686
v 2.9146597 -6.1939673 -7.289686
v 2.115367 -6.51043 -7.289686
v 1.2827134 -6.724219 -7.289686
v 0.42983067 -6.831963 -7.289686
v -0.42983067 -6.831963 -7.289686
v -1.2827134 -6.724219 -7.289686
v 6.830756 -4.962835 5.358268
v 6.265967 -4.484052 6.37424
v 6.88241 -4.8909507 5.358268
v 6.752059 -3.7119758 6.37424
v 7.164051 -2.8364484 6.37424
v 7.3202047 -5.31844 4.257793
v 6.5959053 -6.1939673 4.257793
v 6.932904 -6.51043 3.09017
v 5.998732 -3.2978308 7.289686
v 6.364758 -2.519986 7.289686
v 6.630408 -1.7023994 7.289686
v -8.178019 2.0997581 5.358268
v -8.412869 3.3308907 4.257793
v -8.334172 4.58175 3.09017
v -7.946871 5.77374 1.8738132
v -7.275302 6.831963 0.6279052
v -9.514269 2.4428492 1.8738132
v -9.6667185 2.4819915 0.6279052
v -9.6667185 2.4819915 -0.6279052
v -9.514269 2.4428492 -1.8738132
v -9.211773 2.3651814 -3.09017
v -7.8503623 3.1081784 5.358268
v -7.398902 4.0675807 5.358268
v -6.830756 4.962835 5.358268
v -6.154886 5.7798223 5.358268
v -9.279418 3.6739814 0.6279052
v -9.279418 3.6739814 -0.6279052
v -9.133076 3.6160405 -1.8738132
v -8.8427 3.5010726 -3.09017
v -7.92906 4.3590374 4.257793
v -7.6942086 5.59017 3.09017
v -7.160566 6.724219 1.8738132
v -8.745775 4.8080306 -0.6279052
v -8.607849 4.732205 -1.8738132
v -8.334172 4.58175 -3.09017
v -7.3202047 5.31844 4.257793
v -6.5959053 6.1939673 4.257793
v -7.946871 5.77374 -1.8738132
v -7.6942086 5.59017 -3.09017
v -6.932904 6.51043 3.09017
v -6.932904 6.51043 -3.09017
v -0.42983067 6.831963 7.289686
v 0.42983067 6.831963 7.289686
v 4.3634677 -5.274526 7.289686
v 4.1286163 -6.5056586 6.37424
v 3.5949736 -7.6397076 5.358268
v 2.7960694 -8.605416 4.257793
v 1.7821022 -9.342107 3.09017
v 0.61678326 -9.80349 1.8738132
v -0.6266662 -9.960573 0.6279052
v -1.8701156 -9.80349 -0.6279052
v 6.0622625 -7.3280163 3.09017
v 6.2613344 -7.5686536 1.8738132
v 5.263358 -8.293726 1.8738132
v 5.3476944 -8.426619 0.6279052
v 4.249391 -9.030416 0.6279052
v 4.249391 -9.030416 -0.6279052
v 3.084072 -9.491798 -0.6279052
v 3.0354345 -9.342107 -1.8738132
v 1.8406228 -9.648883 -1.8738132
v 1.7821022 -9.342107 -3.09017
v 0.59717333 -9.491798 -3.09017
v -8.178019 -2.0997581 5.358268
v -8.764003 -2.2502134 4.257793
v -9.211773 -2.3651814 3.09017
v -9.514269 -2.4428492 1.8738132
v -9.6667185 -2.4819915 0.6279052
v -9.6667185 -2.4819915 -0.6279052
v -9.514269 -2.4428492 -1.8738132
v -9.211773 -2.3651814 -3.09017
v -8.764003 -2.2502134 -4.257793
v -8.178019 -2.0997581 -5.358268
v -7.4630613 -1.9161885 -6.37424
v -6.630408 -1.7023994 -7.289686
v -3.5655925 -0.91548854 -9.297765
v 34.992165 4 0.45017225
v 34.99142 5 1.5188366
v 37.211407 4 3.9121897
v 36.895718 5 4.48954
v 37.91071 4 3.9121897
v 38.987514 5 4.48954
v 35.36264 4 0.07737474
v 36.051968 5 0.07157092
v 37.668472 4 -3.522954
v 38.723843 5 -4.100304
v 37.037777 4 -3.522954
v 36.714077 5 -4.100304
v 35.03164 4 -0.24208423
v 35.026577 5 -1.3405383
v 32.983707 4 -3.522954
v 33.30392 5 -4.100304
v 32.338352 4 -3.522954
v 31.276577 5 -4.100304
v 34.62573 4 0.008873179
v 33.936733 5 0.007118029
v 32.06944 4 3.9121897
v 31.001186 5 4.48954
v 32.766098 4 3.9121897
v 33.081264 5 4.48954
v 34.992165 0.45017225 -4
v 34.99142 1.5188366 -5
v 37.211407 3.9121897 -4
v 36.895718 4.48954 -5
v 37.91071 3.9121897 -4
v 38.987514 4.48954 -5
v 35.36264 0.07737474 -4
v 36.051968 0.07157092 -5
v 37.668472 -3.522954 -4
v 38.723843 -4.100304 -5
v 37.037777 -3.522954 -4
v 36.714077 -4.100304 -5
v 35.03164 -0.24208423 -4
v 35.026577 -1.3405383 -5
v 32.983707 -3.522954 -4
v 33.30392 -4.100304 -5
v 32.338352 -3.522954 -4
v 31.276577 -4.100304 -5
v 34.62573 0.008873179 -4
v 33.936733 0.007118029 -5
v 32.06944 3.9121897 -4
v 31.001186 4.48954 -5
v 32.766098 3.9121897 -4
v 33.081264 4.48954 -5
v 34.992165 -4 -0.45017225
v 34.99142 -5 -1.5188366
v 37.211407 -4 -3.9121897
v 36.895718 -5 -4.48954
v 37.91071 -4 -3.9121897
v 38.987514 -5 -4.48954
v 35.36264 -4 -0.07737474
v 36.051968 -5 -0.07157092
v 37.668472 -4 3.522954
v 38.723843 -5 4.100304
v 37.037777 -4 3.522954
v 36.714077 -5 4.100304
v 35.03164 -4 0.24208423
v 35.026577 -5 1.3405383
v 32.983707 -4 3.522954
v 33.30392 -5 4.100304
v 32.338352 -4 3.522954
v 31.276577 -5 4.100304
v 34.62573 -4 -0.008873179
v 33.936733 -5 -0.007118029
v 32.06944 -4 -3.9121897
v 31.001186 -5 -4.48954
v 32.766098 -4 -3.9121897
v 33.081264 -5 -4.48954
v 34.992165 -0.45017225 4
v 34.99142 -1.5188366 5
v 37.211407 -3.9121897 4
v 36.895718 -4.48954 5
v 37.91071 -3.9121897 4
v 38.987514 -4.48954 5
v 35.36264 -0.07737474 4
v 36.051968 -0.07157092 5
v 37.668472 3.522954 4
v 38.723843 4.100304 5
v 37.037777 3.522954 4
v 36.714077 4.100304 5
v 35.03164 0.24208423 4
v 35.026577 1.3405383 5
v 32.983707 3.522954 4
v 33.30392 4.100304 5
v 32.338352 3.522954 4
v 31.276577 4.100304 5
v 34.62573 -0.008873179 4
v 33.936733 -0.007118029 5
v 32.06944 -3.9121897 4
v 31.001186 -4.48954 5
v 32.766098 -3.9121897 4
v 33.081264 -4.48954 5
v -3.5237134 4 32.264217
v -3.5237134 4 37.78605
v -2.946363 5 33.47668
v -2.946363 5 38.3634
v 3.0534306 4 37.60441
v 2.8485591 5 38.18176
v 3.618865 4 37.60441
v 4.1962156 5 38.18176
v 3.618865 4 32.471996
v 4.1962156 5 31.894648
v 3.3204408 4 32.471996
v 2.7430906 5 31.894648
v 3.3204408 4 37.106937
v 2.7430906 5 35.896603
v -3.0336044 4 31.962233
v -2.8291755 5 31.384882
v -3.8162785 4 31.962233
v -4.3936286 5 31.384882
v -3.8162785 4 37.78605
v -4.3936286 5 38.3634
v 0 5 31.590168
v -5 5 35
v -5 5 40
v 0 5 40
v 5 5 40
v 5 5 35
v 4 3.5237134 32.264217
v 4 3.5237134 37.78605
v 5 2.946363 33.47668
v 5 2.946363 38.3634
v 4 -3.0534306 37.60441
v 5 -2.8485591 38.18176
v 4 -3.618865 37.60441
v 5 -4.1962156 38.18176
v 4 -3.618865 32.471996
v 5 -4.1962156 31.894648
v 4 -3.3204408 32.471996
v 5 -2.7430906 31.894648
v 4 -3.3204408 37.106937
v 5 -2.7430906 35.896603
v 4 3.0336044 31.962233
v 5 2.8291755 31.384882
v 4 3.8162785 31.962233
v 5 4.3936286 31.384882
v 4 3.8162785 37.78605
v 5 4.3936286 38.3634
v 5 0 31.590168
v 5 0 40
v 5 -5 40
v 5 -5 35
v 3.5237134 -4 32.264217
v 3.5237134 -4 37.78605
v 2.946363 -5 33.47668
v 2.946363 -5 38.3634
v -3.0534306 -4 37.60441
v -2.8485591 -5 38.18176
v -3.618865 -4 37.60441
v -4.1962156 -5 38.18176
v -3.618865 -4 32.471996
v -4.1962156 -5 31.894648
v -3.3204408 -4 32.471996
v -2.7430906 -5 31.894648
v -3.3204408 -4 37.106937
v -2.7430906 -5 35.896603
v 3.0336044 -4 31.962233
v 2.8291755 -5 31.384882
v 3.8162785 -4 31.962233
v 4.3936286 -5 31.384882
v 3.8162785 -4 37.78605
v 4.3936286 -5 38.3634
v 0 -5 31.590168
v 0 -5 40
v -5 -5 40
v -5 -5 35
v -4 -3.5237134 32.264217
v -4 -3.5237134 37.78605
v -5 -2.946363 33.47668
v -5 -2.946363 38.3634
v -4 3.0534306 37.60441
v -5 2.8485591 38.18176
v -4 3.618865 37.60441
v -5 4.1962156 38.18176
v -4 3.618865 32.471996
v -5 4.1962156 31.894648
v -4 3.3204408 32.471996
v -5 2.7430906 31.894648
v -4 3.3204408 37.106937
v -5 2.7430906 35.896603
v -4 -3.0336044 31.962233
v -5 -2.8291755 31.384882
v -4 -3.8162785 31.962233
v -5 -4.3936286 31.384882
v -4 -3.8162785 37.78605
v -5 -4.3936286 38.3634
v -0.2164325 34.324352 -4
v -0.7937828 34.156895 -5
v -2.9028952 38.565872 -4
v -3.951986 39.143223 -5
v -2.2857165 38.565872 -4
v -1.9539388 39.143223 -5
v 0.021430619 34.606865 -4
v 0.026529737 35.744785 -5
v 2.3763592 38.565872 -4
v 2.0480142 39.143223 -5
v 3.0328918 38.565872 -4
v 4.0812173 39.143223 -5
v 0.3573826 34.335876 -4
v 0.93473285 34.168613 -5
v 0.3573826 31.13073 -4
v 0.93473285 30.55338 -5
v -0.2164325 31.13073 -4
v -0.7937828 30.55338 -5
v 4 34.324352 -0.2164325
v 5 34.156895 -0.7937828
v 4 38.565872 -2.9028952
v 5 39.143223 -3.951986
v 4 38.565872 -2.2857165
v 5 39.143223 -1.9539388
v 4 34.606865 0.021430619
v 5 35.744785 0.026529737
v 4 38.565872 2.3763592
v 5 39.143223 2.0480142
v 4 38.565872 3.0328918
v 5 39.143223 4.0812173
v 4 34.335876 0.3573826
v 5 34.168613 0.93473285
v 4 31.13073 0.3573826
v 5 30.55338 0.93473285
v 4 31.13073 -0.2164325
v 5 30.55338 -0.7937828
v 0.2164325 34.324352 4
v 0.7937828 34.156895 5
v 2.9028952 38.565872 4
v 3.951986 39.143223 5
v 2.2857165 38.565872 4
v 1.9539388 39.143223 5
v -0.021430619 34.606865 4
v -0.026529737 35.744785 5
v -2.3763592 38.565872 4
v -2.0480142 39.143223 5
v -3.0328918 38.565872 4
v -4.0812173 39.143223 5
v -0.3573826 34.335876 4
v -0.93473285 34.168613 5
v -0.3573826 31.13073 4
v -0.93473285 30.55338 5
v 0.2164325 31.13073 4
v 0.7937828 30.55338 5
v -4 34.324352 0.2164325
v -5 34.156895 0.7937828
v -4 38.565872 2.9028952
v -5 39.143223 3.951986
v -4 38.565872 2.2857165
v -5 39.143223 1.9539388
v -4 34.606865 -0.021430619
v -5 35.744785 -0.026529737
v -4 38.565872 -2.3763592
v -5 39.143223 -2.0480142
v -4 38.565872 -3.0328918
v -5 39.143223 -4.0812173
v -4 34.335876 -0.3573826
v -5 34.168613 -0.93473285
v -4 31.13073 -0.3573826
v -5 30.55338 -0.93473285
v -4 31.13073 0.2164325
v -5 30.55338 0.7937828
v -5 0 40
v -5 0 31.590168
v 35 5 -5
v 40 5 -5
v 40 0 -5
v 40 -5 -5
v 35 -5 -5
v 31.14512 0 -5
v 40 -5 0
v 40 -5 5
v 35 -5 5
v 31.14512 -5 0
v 40 0 5
v 40 5 5
v 35 5 5
v 31.14512 0 5
v 40 5 0
v 31.14512 5 0
v -5 35 5
v -5 40 5
v -5 40 0
v -5 40 -5
v -5 35 -5
v 0 40 -5
v 5 40 -5
v 5 35 -5
v 5 40 0
v 5 40 5
v 5 35 5
v 0 40 5
# 3225 vertices

vn 0 0 1
vn -1.4569124E-15 1 -9.988711E-16
vn -1.0408719E-15 1 1.4802974E-16
vn -7.284562E-16 1 1.03598906E-16
vn 5.9092015E-16 1 5.6932294E-17
vn -2.1853687E-15 3.007009E-15 1
vn -1.0408719E-15 -1.4802974E-16 1
vn -7.284562E-16 -1.03598906E-16 1
vn 1.1121794E-16 -7.389946E-17 1
vn -1.4569124E-15 -1 9.988711E-16
vn -1.0408719E-15 -1 -1.4802974E-16
vn -7.284562E-16 -1 -1.03598906E-16
vn -1.2863316E-16 -1 -8.238304E-17
vn -2.1980477E-30 3.0174052E-15 -1
vn -1.0408719E-15 1.4802974E-16 -1
vn -7.284562E-16 1.03598906E-16 -1
vn 5.9092015E-16 5.6932294E-17 -1
vn 0.5 -3.6752082E-16 0.8660254
vn 0.5 5.3987106E-15 0.8660254
vn 0.5 1.0244538E-15 0.8660254
vn 0.5 -1.9208653E-16 0.8660254
vn 2.4949233E-14 0.5 0.8660254
vn 1 -3.8417306E-16 -5.165757E-16
vn 2.113604E-28 1 7.33462E-15
vn -2.6723091E-15 1 -9.215356E-16
vn 2.4842815E-16 1 1.5486463E-15
vn -1.4802974E-16 1 -2.3934316E-15
vn -3.6752082E-16 1 -1.8430713E-15
vn 2.9910412E-16 1 3.6838604E-16
vn -1.8376041E-16 0.5 0.8660254
vn -3.0849774E-15 0.5 0.8660254
vn -5.9418324E-15 0.5 0.8660254
vn 0 0.5 0.8660254
vn -0.5 2.4949233E-14 0.8660254
vn 0 1 0
vn -1 2.113604E-28 7.33462E-15
vn -1 -2.6723091E-15 -9.215356E-16
vn -1 -5.545811E-17 1.2916378E-15
vn -1 -1.4802974E-16 3.711754E-16
vn -1 7.3504164E-16 -1.8430713E-15
vn -1 0 0
vn -1 7.6834613E-16 -2.0663028E-15
vn -0.5 3.6752082E-16 0.8660254
vn -0.5 -5.5529595E-15 0.8660254
vn -0.5 -1.3659385E-15 0.8660254
vn -0.5 3.8417306E-16 0.8660254
vn -2.6735573E-14 -0.5 0.8660254
vn -3.602102E-15 -1 1.3573644E-14
vn 1.0896216E-15 -1 -9.215356E-16
vn 2.0259084E-16 -1 -1.71339E-16
vn 1.4802974E-16 -1 3.711754E-16
vn -1.1025625E-15 -1 -2.7646071E-15
vn 2.0994749E-16 -1 0
vn -7.6834613E-16 -1 -2.0663028E-15
vn -5.5128123E-16 -0.5 0.8660254
vn 4.434655E-15 -0.5 0.8660254
vn 1.3659385E-15 -0.5 0.8660254
vn -3.8417306E-16 -0.5 0.8660254
vn 0.5 -2.4949233E-14 0.8660254
vn 1 -2.113604E-28 7.33462E-15
vn 1 2.6723091E-15 -9.215356E-16
vn 1 5.545811E-17 1.2916378E-15
vn 1 1.4802974E-16 3.711754E-16
vn 1 -7.3504164E-16 -1.8430713E-15
vn 1 0 0
vn 0.7292796 0.5 -0.46706674
vn 0.7213117 0.5 0.47928008
vn 0.7292796 0.46706674 0.5
vn 0.7213117 -0.47928008 0.5
vn 0.7292796 -0.5 0.46706674
vn 0.7213117 -0.5 -0.47928008
vn 0.7292796 -0.46706674 -0.5
vn 0.7213117 0.47928008 -0.5
vn 0.5 0.8660254 1.3492656E-16
vn 0.5 0.8660254 0
vn 0.5 0.8660254 -1.2141251E-15
vn 0.5 0.8660254 -2.0477585E-15
vn 0.5458788 0.5 0.67232156
vn -0.8660254 0.5 6.746328E-17
vn -0.8660254 0.5 1.8418927E-16
vn -0.8660254 0.5 6.937858E-16
vn -0.8660254 0.5 0
vn -0.5 0.5458788 0.67232156
vn -0.5 -0.8660254 -1.4396494E-16
vn -0.5 -0.8660254 0
vn -0.5 -0.8660254 -4.3361612E-17
vn -0.5 -0.8660254 -1.0331514E-15
vn -0.5458788 -0.5 0.67232156
vn 0.8660254 -0.5 2.0238985E-16
vn 0.8660254 -0.5 0
vn 0.8660254 -0.5 -7.80509E-16
vn 0.8660254 -0.5 -1.3841604E-16
vn 0.5 -0.5458788 0.67232156
vn 0 1 1.107254E-16
vn 6.288194E-17 1 -3.9121884E-17
vn 6.0947455E-17 1 -1.5100545E-16
vn 7.3070634E-17 1 -1.8104224E-16
vn -4.3600165E-15 1 2.7125762E-15
vn -4.99133E-14 1 3.2388666E-14
vn -3.6535317E-17 2.366196E-17 1
vn -1.8387038E-18 1.0634378E-16 1
vn -3.806659E-18 2.2016297E-16 1
vn -7.3070634E-17 4.8552243E-17 1
vn 1.5131993E-15 1.0489219E-15 1
vn 6.061712E-15 4.1695968E-15 1
vn 0 -1 2.2959447E-16
vn -3.806659E-18 -1 2.2016297E-16
vn -3.6774076E-18 -1 2.1268756E-16
vn -3.6535317E-17 -1 1.3438736E-16
vn -4.6882444E-14 -1 -3.0303867E-14
vn 3.0263985E-15 -1 2.0978437E-15
vn 0 -1.1479724E-16 -1
vn -1.9033296E-18 -1.1008149E-16 -1
vn 1.8387038E-18 1.0634378E-16 -1
vn 0 1.107254E-16 -1
vn 3.030856E-15 -2.0847984E-15 -1
vn -1.5131993E-15 1.0489219E-15 -1
vn 3.4560435E-14 0.5 -0.8660254
vn 0.8660254 0.5 0
vn 0.8660254 0.5 -1.771152E-16
vn 0.8660254 0.5 1.2172417E-12
vn 3.0681742E-12 1 2.4342657E-12
vn 2.4962972E-13 1 1.9813988E-12
vn 2.4172227E-16 1 2.536895E-16
vn 2.7316368E-16 1 -3.7800873E-16
vn 1.0134773E-15 1 5.6014564E-15
vn 1.2897458E-15 1 -2.2773578E-17
vn 3.6801498E-16 1 -7.541037E-15
vn -9.323978E-13 1 8.9459007E-13
vn -0.54496276 0.5 -0.67306435
vn -9.518142E-15 1 -1.1999649E-14
vn -7.189147E-16 1 -4.3606586E-15
vn 1.110223E-16 1 1.883886E-17
vn 1.110223E-16 1 1.0169594E-15
vn -0.5 -7.0473967E-15 -0.8660254
vn -0.5 0.8660254 0
vn -0.5 0.8660254 -2.7424288E-16
vn -0.5 0.8660254 1.2170255E-12
vn -1 3.0681742E-12 2.4342657E-12
vn -1 2.4962972E-13 1.9813988E-12
vn -1 2.4172227E-16 2.536895E-16
vn -1 2.7316368E-16 -3.7800873E-16
vn -1 1.0134773E-15 5.6014564E-15
vn -1 1.2897458E-15 -2.2773578E-17
vn -1 3.6801498E-16 -7.541037E-15
vn -1 -9.329991E-13 8.940373E-13
vn -0.5 -0.54496276 -0.67306435
vn -1 1.6653345E-16 1.6935776E-31
vn -1 1.6653345E-16 1.405872E-17
vn -1 5.2580705E-15 6.433027E-15
vn -1 -1.4436647E-15 6.149609E-16
vn -1 1.6653345E-16 2.825829E-17
vn -1 1.6653345E-16 0
vn 1.6913752E-14 -0.5 -0.8660254
vn -0.8660254 -0.5 6.9666395E-17
vn -0.8660254 -0.5 0
vn -0.8660254 -0.5 1.217584E-12
vn -3.0690268E-12 -1 2.4349429E-12
vn -2.4969908E-13 -1 1.98195E-12
vn -2.4172227E-16 -1 2.536895E-16
vn -2.7316368E-16 -1 -3.7800873E-16
vn -1.0134773E-15 -1 5.6014564E-15
vn -1.2897458E-15 -1 -2.2773578E-17
vn -3.6801498E-16 -1 -7.541037E-15
vn 9.332585E-13 -1 8.9428616E-13
vn 0.54496276 -0.5 -0.67306435
vn -2.7755576E-16 -1 4.7097153E-17
vn -2.7755576E-16 -1 1.0169594E-15
vn -2.220446E-16 -1 5.084797E-16
vn -2.220446E-16 -1 -1.1184985E-16
vn -1.0516141E-14 -1 1.2866054E-14
vn -7.189147E-16 -1 4.3606586E-15
vn -1.546969E-15 -1 2.155435E-31
vn -3.9757866E-16 -1 6.746328E-17
vn 0.5 9.697218E-15 -0.8660254
vn 0.5 -0.8660254 -6.9666395E-17
vn 0.5 -0.8660254 -1.5426163E-16
vn 0.5 -0.8660254 1.2173317E-12
vn 1 -3.0681742E-12 2.4342657E-12
vn 1 -2.4962972E-13 1.9813988E-12
vn 1 -6.062768E-16 3.1497208E-15
vn 1 -8.1949104E-16 -1.1340261E-15
vn 1 -5.801895E-16 -3.0668492E-15
vn 1 -3.0667024E-16 2.5014111E-15
vn 1 9.277631E-16 -7.567467E-15
vn 1 9.342015E-13 8.9293167E-13
vn 0.5 0.54496276 -0.67306435
vn 1 9.518142E-15 -1.1999649E-14
vn 1 6.128281E-15 -9.056763E-15
vn -0.7268943 0.5 -0.4707703
vn 1.5125996E-12 1 -2.0107676E-12
vn 1.623786E-12 1 -1.9035227E-12
vn 1.7418598E-12 1 -1.7439209E-12
vn 2.6818036E-12 1 -4.032034E-15
vn 2.8042317E-16 1 -2.3197212E-16
vn -3.5358175E-16 1 -2.915684E-16
vn -1.5486953E-15 1 -2.8988985E-16
vn 3.134381E-15 1 5.8670367E-16
vn 6.305308E-15 1 5.8230217E-16
vn -1.26480976E-14 1 -1.1680657E-15
vn -1.2672381E-14 1 -1.1680322E-15
vn 1.5158202E-12 1 2.0175246E-12
vn 1.6307069E-12 1 1.9055337E-12
vn 1.7487496E-12 1 1.7442168E-12
vn -0.7244864 0.5 0.47446758
vn -0.7268943 0.4707703 0.5
vn 1.5088193E-12 2.0137704E-12 1
vn 1.6254477E-12 1.9012764E-12 1
vn 1.743705E-12 1.7414267E-12 1
vn 2.682051E-12 4.4955338E-15 1
vn -4.5735345E-15 6.8824286E-16 1
vn -3.5358175E-16 2.915684E-16 1
vn -1.5486953E-15 2.8988985E-16 1
vn 8.415452E-15 1.1681274E-17 1
vn -4.232282E-15 1.1797134E-15 1
vn 6.3363546E-14 1.2732674E-15 1
vn 1.5158202E-12 -2.0175246E-12 1
vn 1.6307069E-12 -1.9055337E-12 1
vn 1.7487496E-12 -1.7442168E-12 1
vn -0.7244864 -0.47446758 0.5
vn -0.7268943 -0.5 0.4707703
vn 1.5088193E-12 -1 2.0137704E-12
vn 1.6254477E-12 -1 1.9012764E-12
vn 1.743705E-12 -1 1.7414267E-12
vn 2.682051E-12 -1 4.4955338E-15
vn -4.5735345E-15 -1 6.8824286E-16
vn -3.5358175E-16 -1 2.915684E-16
vn -1.5486953E-15 -1 2.8988985E-16
vn 0 -1 0
vn 8.415452E-15 -1 1.1681274E-17
vn -4.232282E-15 -1 1.1797134E-15
vn -1.2672381E-14 -1 1.1680322E-15
vn 1.5158202E-12 -1 -2.0175246E-12
vn 1.6316855E-12 -1 -1.9045798E-12
vn 1.7479935E-12 -1 -1.7456335E-12
vn -0.7244864 -0.5 -0.47446758
vn -0.7268943 -0.4707703 -0.5
vn 1.5128798E-12 -2.0111408E-12 -1
vn 1.6240874E-12 -1.9038753E-12 -1
vn 1.7403376E-12 -1.7467385E-12 -1
vn 2.6818036E-12 -4.032034E-15 -1
vn 5.695227E-15 -2.3964558E-16 -1
vn -1.0607453E-15 -8.7470525E-16 -1
vn -4.6460863E-15 -8.6966953E-16 -1
vn 3.134381E-15 5.8670367E-16 -1
vn 6.305308E-15 5.8230217E-16 -1
vn 0 0 -1
vn 1.5158202E-12 2.0175246E-12 -1
vn 1.6316855E-12 1.9045798E-12 -1
vn 1.7479935E-12 1.7456335E-12 -1
vn -0.7244864 0.47446758 -0.5
vn 0.63786066 0.7026649 0.31527096
vn 0.59008837 0.7427586 0.31639442
vn 0.5585433 0.76665324 0.31665778
vn 0.5319746 0.78473884 0.31810054
vn 0.48684573 0.8143874 0.31583926
vn 0.39776382 0.8614208 0.3158134
vn 0.35084513 0.8807596 0.31807274
vn 0.30082986 0.8999001 0.3157234
vn 0.19859427 0.92779285 0.31584927
vn 0.15336666 0.93549526 0.31831956
vn 0.0923864 0.9444107 0.3155205
vn -0.015425307 0.94860655 0.3160817
vn -0.05132374 0.94661075 0.3182672
vn -0.12282856 0.94098294 0.3153796
vn -0.22861703 0.92067796 0.3163643
vn -0.25364622 0.9135511 0.3179434
vn -0.32873818 0.89019597 0.31540817
vn -0.428993 0.84607667 0.31641626
vn -0.44416565 0.8377853 0.31754154
vn -0.528215 0.7884692 0.31512734
vn -0.61394584 0.7227929 0.31723937
vn -0.61940193 0.718345 0.31673598
vn -0.70268977 0.6378839 0.31516856
vn -0.7455057 0.5859812 0.31756464
vn -0.7547747 0.5737648 0.31797665
vn -0.7561881 0.57483923 0.31263295
vn -0.8198133 0.47331944 0.32229623
vn -0.8617896 0.39870632 0.3136111
vn -0.92666256 0.20397384 0.31573913
vn -0.9262212 0.2038767 0.31709397
vn -0.9445273 0.09229219 0.31519872
vn -0.7664912 0.558567 0.31700826
vn -0.8141198 0.48755196 0.31543934
vn -0.8602193 0.39935556 0.3170772
vn -0.8607174 0.3982103 0.3171658
vn -0.90019387 0.30041125 0.31528404
vn -0.9270286 0.19960286 0.31745335
vn -0.94814014 0 0.3178525
vn -0.94839007 -0.015456901 0.31672913
vn -0.9410257 -0.12278545 0.31526887
vn -0.9259159 -0.2038095 0.3180275
vn -0.9206678 -0.22863099 0.3163836
vn -0.89017415 -0.32876897 0.3154377
vn -0.860507 -0.39811292 0.3178582
vn -0.84614545 -0.42918912 0.3159661
vn -0.788411 -0.5280817 0.31549597
vn -0.7547417 -0.57373977 0.31810004
vn -0.7185817 -0.6197829 0.31545123
vn -0.6376924 -0.7024848 0.316012
vn -0.61380804 -0.7226307 0.3178752
vn -0.5877635 -0.74431723 0.31705835
vn -0.5584955 -0.76697826 0.31595424
vn -0.4866798 -0.81445014 0.31593317
vn -0.44398528 -0.8377453 0.31789917
vn -0.44483793 -0.8393541 0.31241626
vn -0.32379207 -0.88961136 0.32210287
vn -0.25385654 -0.9148349 0.31406045
vn -0.05138064 -0.9476602 0.31511933
vn -0.051322494 -0.9465877 0.31833598
vn 0.015393588 -0.9488234 0.31543174
vn -0.39774236 -0.86143696 0.31579638
vn -0.30090368 -0.8998482 0.31580085
vn -0.2534859 -0.9134992 0.31822026
vn -0.1984539 -0.9278988 0.31562603
vn -0.09251077 -0.94425654 0.3159452
vn 0.123160906 -0.940653 0.31623292
vn 0.15337716 -0.9355593 0.3181263
vn 0.15369621 -0.93750536 0.31218773
vn 0.32400113 -0.8901858 0.32030067
vn 0.3511205 -0.88124603 0.31641713
vn 0.53294736 -0.7860386 0.31322598
vn 0.5322084 -0.7849486 0.3171907
vn 0.6198835 -0.71864396 0.3151116
vn 0.22790039 -0.92119575 0.3153726
vn 0.32981676 -0.88942945 0.316443
vn 0.35095498 -0.8808306 0.31775472
vn 0.4295207 -0.8462613 0.31520432
vn 0.52761537 -0.78820676 0.31678396
vn 0.6883985 -0.6520857 0.3176346
vn 0.70241016 -0.63762265 0.31631833
vn 0.742534 -0.59042215 0.31629875
vn 0.7670297 -0.55848795 0.31584272
vn 0.8125562 -0.48889884 0.31738052
vn 0.81262136 -0.48893806 0.31715313
vn 0.8206041 -0.47377598 0.31960168
vn 0.9002621 -0.30333364 0.3122768
vn 0.93242437 -0.16441157 0.32179755
vn 0.9436738 -0.10263071 0.31455794
vn 0.9436738 0.10263071 0.31455794
vn 0.94253826 0.10250721 0.31798407
vn 0.9405358 0.12327881 0.31653565
vn 0.8151893 -0.48471722 0.31704196
vn 0.8618462 -0.39719823 0.31536433
vn 0.89888954 -0.30226406 0.3172286
vn 0.8987201 -0.30281404 0.3171843
vn 0.9280892 -0.1982015 0.31522462
vn 0.9426478 -0.10251913 0.3176553
vn 0.94389796 -0.092799254 0.31693047
vn 0.9488959 0.0153829735 0.31521425
vn 0.9212077 0.22788377 0.31534958
vn 0.8984672 0.30272883 0.31798106
vn 0.9002621 0.30333364 0.3122768
vn 0.8206041 0.47377598 0.31960168
vn 0.81256855 0.48903638 0.31713685
vn 0.6894609 0.6532458 0.31291163
vn 0.6882207 0.6520708 0.3180502
vn 0.8895425 0.32965794 0.31629065
vn 0.8462377 0.42945305 0.31535983
vn 0.81231254 0.4888823 0.31802902
vn 0.78837955 0.52800965 0.31569535
vn 0.7185343 0.6197066 0.31570905
vn 0.68954045 -0.65316737 0.3128999
vn 0.6084659 -0.7251414 0.32239595
vn 0 -0.94694406 0.32139853
vn -0.6092477 -0.72607315 0.31880248
vn -0.6137925 -0.7226124 0.31794682
vn -0.7561881 -0.57483923 0.31263295
vn -0.8198133 -0.47331944 0.32229623
vn -0.8617896 -0.39870632 0.3136111
vn -0.92666256 -0.20397384 0.31573913
vn -0.9327244 -0.16446449 0.32089958
vn -0.9500302 0 0.31215805
vn -0.9327244 0.16446449 0.32089958
vn -0.6137925 0.7226124 0.31794682
vn -0.6092477 0.72607315 0.31880248
vn -0.444961 0.8392855 0.31242523
vn -0.3237928 0.88961333 0.32209677
vn -0.25399268 0.9147989 0.31405514
vn -0.05138064 0.9476602 0.31511933
vn 0 0.94694406 0.32139853
vn 0.15369621 0.93750536 0.31218773
vn 0.32400113 0.8901858 0.32030067
vn 0.35104877 0.88127077 0.3164278
vn 0.5328861 0.78608346 0.3132176
vn 0.6084659 0.7251414 0.32239595
vn 0.93242437 0.16441157 0.32179755
vn 0.31467712 0.5187029 -0.79493743
vn 0.31709412 0.48894823 -0.8126383
vn 0.31607115 0.42026472 -0.85057425
vn 0.31613836 0.36901152 -0.87400633
vn 0.3173427 0.31691426 -0.8937891
vn 0.31810194 0.3027159 -0.89842874
vn 0.31659243 0.2610665 -0.9119285
vn 0.31517568 0.17512406 -0.9327357
vn 0.31828645 0.102496244 -0.9424374
vn 0.31751668 0.088505134 -0.9441133
vn 0.31608418 0.029133948 -0.94828373
vn 0.31609485 -0.03000862 -0.94825286
vn 0.31754863 -0.08938664 -0.94401956
vn 0.31827623 -0.10249662 -0.9424408
vn 0.31516623 -0.1759686 -0.93257993
vn 0.3166119 -0.2619082 -0.91168034
vn 0.31810942 -0.3027151 -0.89842635
vn 0.31731603 -0.31769148 -0.8935226
vn 0.3161294 -0.36977464 -0.87368697
vn 0.31607804 -0.4210168 -0.8501997
vn 0.3171189 -0.48894393 -0.8126312
vn 0.316754 -0.49383608 -0.80981034
vn 0.3152743 -0.5854539 -0.7468907
vn 0.31757358 -0.6520997 -0.6884133
vn 0.31432018 -0.68973094 -0.6522837
vn 0.31644705 -0.78507274 -0.53246784
vn 0.31510612 -0.79485226 -0.51857305
vn 0.31609708 -0.8505476 -0.4202992
vn 0.31712884 -0.87315816 -0.37016767
vn 0.31807047 -0.88067853 -0.3510505
vn 0.31672665 -0.8942254 -0.31629905
vn 0.31594476 -0.9123057 -0.26053244
vn 0.31627464 -0.9322487 -0.17573468
vn 0.3178896 -0.9356376 -0.15339
vn 0.31618983 -0.94459313 -0.08813528
vn 0.31601125 -0.9483082 -0.029127227
vn 0.31727785 -0.94785416 0.030120928
vn 0.3183712 -0.9465759 0.051321853
vn 0.31677052 -0.94430166 0.08916761
vn 0.31510642 -0.9326064 0.17593522
vn 0.3181022 -0.9134998 0.25363195
vn 0.31757972 -0.91111314 0.2627088
vn 0.31619483 -0.8943181 0.31656897
vn 0.31602988 -0.8737722 0.36965823
vn 0.31703827 -0.8379341 0.44424453
vn 0.31850952 -0.84767854 0.42425555
vn 0.3155849 -0.8100423 0.49420404
vn 0.31592885 -0.74674857 0.58528244
vn 0.31781653 -0.72264564 0.61382073
vn 0.3139076 -0.6523779 0.68982977
vn 0.3178335 -0.5737938 0.7548129
vn 0.31412724 -0.5188693 0.7950464
vn 0.31694177 -0.42142233 0.8496771
vn 0.31799367 -0.39809385 0.86046576
vn 0.31684592 -0.36983746 0.87340075
vn 0.31597975 -0.31555316 0.89475304
vn 0.3163027 -0.26082757 0.91209733
vn 0.31795388 -0.2038148 0.92594
vn 0.31608286 -0.17562813 0.9323338
vn 0.3159554 -0.08806994 0.94467765
vn 0.3170232 -0.0292205 0.9479675
vn 0.31840542 0 0.94795465
vn 0.31699684 0.030094251 0.947949
vn 0.31595042 0.08893676 0.94459814
vn 0.31610885 0.1764949 0.93216133
vn 0.3179349 0.20381618 0.9259462
vn 0.3162887 0.26164088 0.9118692
vn 0.3159842 0.3163581 0.8944672
vn 0.31686708 0.3706375 0.8730539
vn 0.317994 0.3980938 0.86046565
vn 0.31692126 0.42213997 0.8493284
vn 0.31526032 0.49430603 0.81010646
vn 0.31736526 0.5738888 0.75493777
vn 0.3165063 0.5851309 0.7466228
vn 0.31434572 0.68972486 0.6522779
vn 0.31754 0.7227163 0.61388075
vn 0.31397933 0.7950756 0.518914
vn 0.3178959 0.8376804 0.44411004
vn 0.31694275 0.8496761 0.42142367
vn 0.316024 0.874104 0.36887804
vn 0.31620613 0.8945933 0.31577924
vn 0.3176099 0.91133386 0.26190552
vn 0.31809026 0.91350365 0.25363302
vn 0.31509832 0.9327699 0.17508107
vn 0.3167937 0.94437504 0.08830362
vn 0.31837642 0.9465741 0.051321756
vn 0.31724855 0.94789153 0.02924127
vn 0.3160034 0.9482836 -0.02999994
vn 0.31620318 0.9445068 -0.089007914
vn 0.31791168 0.93563026 -0.1533888
vn 0.31624782 0.93209946 -0.1765725
vn 0.31594732 0.91206855 -0.26135847
vn 0.3167472 0.8939266 -0.317122
vn 0.3180778 0.88063186 -0.3511609
vn 0.3171118 0.87284344 -0.3709238
vn 0.31609207 0.8501852 -0.4210355
vn 0.31576568 0.8100065 -0.4941472
vn 0.31787652 0.78460985 -0.5322987
vn 0.3154661 0.7468491 -0.58540374
vn 0.31564838 0.6525417 -0.68887985
vn 0.31558105 0.65199494 -0.68942815
vn 0.3217791 -0.16441266 -0.9324305
vn 0.31455794 -0.10263071 -0.9436738
vn 0.31455794 0.10263071 -0.9436738
vn 0.31228405 -0.30333287 -0.90025985
vn 0.31958732 -0.47377843 -0.8206083
vn 0.31714487 -0.48893946 -0.81262374
vn 0.31290516 -0.6531662 -0.6895392
vn 0.32237637 -0.72514653 -0.6084702
vn 0.3132462 -0.7859515 -0.5330638
vn 0.31639084 -0.8812005 -0.35125855
vn 0.320285 -0.8901908 -0.32400295
vn 0.31219527 -0.9375029 -0.1536958
vn 0.3213808 -0.94695 0
vn 0.31511754 -0.9476608 0.051380675
vn 0.31405672 -0.91479844 0.25399253
vn 0.32207778 -0.8896194 0.323795
vn 0.31243202 -0.8392835 0.44495997
vn 0.3187896 -0.7260765 0.6092505
vn 0.3179361 -0.7226151 0.6137948
vn 0.31263906 -0.57483804 0.7561865
vn 0.32227686 -0.47332272 0.81981903
vn 0.31361413 -0.3987059 0.8617887
vn 0.31573537 -0.20397411 0.92666376
vn 0.3208828 -0.16446547 0.93273
vn 0.31216568 0 0.9500277
vn 0.3208828 0.16446547 0.93273
vn 0.31573537 0.20397411 0.92666376
vn 0.31361413 0.3987059 0.8617887
vn 0.32227686 0.47332272 0.81981903
vn 0.31263906 0.57483804 0.7561865
vn 0.3179361 0.7226151 0.6137948
vn 0.3187896 0.7260765 0.6092505
vn 0.31243202 0.8392835 0.44495997
vn 0.32207778 0.8896194 0.323795
vn 0.31405672 0.91479844 0.25399253
vn 0.31511754 0.9476608 0.051380675
vn 0.3213808 0.94695 0
vn 0.31219527 0.9375029 -0.1536958
vn 0.320285 0.8901908 -0.32400295
vn 0.31637397 0.8811613 -0.35137203
vn 0.3132594 0.7858805 -0.53316075
vn 0.32237637 0.72514653 -0.6084702
vn 0.31290516 0.6531662 -0.6895392
vn 0.31714487 0.48893946 -0.81262374
vn 0.31958732 0.47377843 -0.8206083
vn 0.31228405 0.30333287 -0.90025985
vn 0.3217791 0.16441266 -0.9324305
vn 0.9848077 -0.17364818 0
vn 0.9848077 -0.17364818 -2.1746565E-16
vn 0.9848077 0.17364818 2.1746565E-16
vn 0.9848077 0.17364818 0
vn 0.64278764 0.76604444 0
vn 0.34202015 0.9396926 0
vn -0.34202015 0.9396926 0
vn -0.64278764 0.76604444 0
vn -0.9848077 0.17364818 0
vn -0.9848077 -0.17364818 0
vn -0.64278764 -0.76604444 0
vn -0.34202015 -0.9396926 0
vn 0.34202015 -0.9396926 0
vn 0.64278764 -0.76604444 0
vn 0.9848077 0.17364818 3.7132737E-18
vn 0.9848077 0.17364818 -6.994009E-18
vn 0.9848077 -0.17364818 6.994009E-18
vn -0.34202015 -0.9396926 -2.1823207E-17
vn -0.64278764 -0.76604444 -4.5005574E-18
vn -0.64278764 0.76604444 -1.5352614E-17
vn -0.34202015 0.9396926 1.5452992E-18
vn -0.34202015 0.9396926 -2.3384257E-17
vn 0 1 -3.6513655E-17
vn 0.34202015 0.9396926 -2.3384257E-17
vn 0.8660254 0.5 -2.5266986E-17
vn -0.34202015 0.9396926 2.1823207E-17
vn -0.64278764 0.76604444 4.5005574E-18
vn -0.64278764 -0.76604444 1.5352614E-17
vn -0.34202015 -0.9396926 -1.5452992E-18
vn -0.34202015 -0.9396926 2.3384257E-17
vn 0 -1 3.6513655E-17
vn 0.34202015 -0.9396926 2.3384257E-17
vn 0.8660254 -0.5 2.5266986E-17
vn 0.9848077 -0.17364818 -3.7132737E-18
vn 0 -0.17364818 -0.9848077
vn -2.1746565E-16 -0.17364818 -0.9848077
vn 2.1746565E-16 0.17364818 -0.9848077
vn 0 0.17364818 -0.9848077
vn 0 0.5 -0.8660254
vn 0 0.76604444 -0.64278764
vn 0 0.9396926 -0.34202015
vn 0 0.9396926 0.34202015
vn 0 0.76604444 0.64278764
vn 0 0.17364818 0.9848077
vn 0 -0.17364818 0.9848077
vn 0 -0.5 0.8660254
vn 0 -0.76604444 0.64278764
vn 0 -0.9396926 0.34202015
vn 0 -0.9396926 -0.34202015
vn 0 -0.76604444 -0.64278764
vn 0 -0.5 -0.8660254
vn 3.7132737E-18 0.17364818 -0.9848077
vn -6.994009E-18 0.17364818 -0.9848077
vn 6.994009E-18 -0.17364818 -0.9848077
vn -2.1823207E-17 -0.9396926 0.34202015
vn -4.5005574E-18 -0.76604444 0.64278764
vn -1.5352614E-17 0.76604444 0.64278764
vn 1.5452992E-18 0.9396926 0.34202015
vn -2.3384257E-17 0.9396926 0.34202015
vn -3.6513655E-17 1 0
vn -2.3384257E-17 0.9396926 -0.34202015
vn -2.5266986E-17 0.5 -0.8660254
vn 2.1823207E-17 0.9396926 0.34202015
vn 4.5005574E-18 0.76604444 0.64278764
vn 1.5352614E-17 -0.76604444 0.64278764
vn -1.5452992E-18 -0.9396926 0.34202015
vn 2.3384257E-17 -0.9396926 0.34202015
vn 3.6513655E-17 -1 0
vn 2.3384257E-17 -0.9396926 -0.34202015
vn 2.5266986E-17 -0.5 -0.8660254
vn -3.7132737E-18 -0.17364818 -0.9848077
vn 0.8344859 0.14714238 -0.53102016
vn 0.845668 0.0807515 -0.527565
vn 0.845668 -0.0807515 -0.527565
vn 0.7341062 0.4238364 -0.53051937
vn 0.7548488 0.38915157 -0.5279814
vn 0.81528085 0.23938805 -0.52726704
vn 0.5452764 0.6498351 -0.5295167
vn 0.55592674 0.64157367 -0.5285155
vn 0.6679963 0.5253181 -0.52708805
vn 0.42492387 0.7359897 -0.5270283
vn 0.29013553 0.7971408 -0.5295167
vn 0.27765572 0.8022335 -0.5285155
vn 0.12094067 0.84116083 -0.52708805
vn 0 0.8476728 -0.53051937
vn -0.040409222 0.848294 -0.5279814
vn -0.20032428 0.8257479 -0.52726704
vn -0.2898139 0.7962572 -0.53102016
vn -0.35290113 0.7727457 -0.527565
vn -0.49276686 0.6919942 -0.527565
vn -0.544672 0.6491148 -0.53102016
vn -0.61495656 0.58635986 -0.52726704
vn -0.7144395 0.45914242 -0.5279814
vn -0.7341062 0.4238364 -0.53051937
vn -0.788937 0.31584272 -0.52708805
vn -0.83358246 0.16065985 -0.5285155
vn -0.83541197 0.14730567 -0.5295167
vn -0.84984773 0 -0.5270283
vn -0.83541197 -0.14730567 -0.5295167
vn -0.83358246 -0.16065985 -0.5285155
vn -0.788937 -0.31584272 -0.52708805
vn -0.7341062 -0.4238364 -0.53051937
vn -0.7144395 -0.45914242 -0.5279814
vn -0.61495656 -0.58635986 -0.52726704
vn -0.544672 -0.6491148 -0.53102016
vn -0.49276686 -0.6919942 -0.527565
vn -0.35290113 -0.7727457 -0.527565
vn -0.2898139 -0.7962572 -0.53102016
vn -0.20032428 -0.8257479 -0.52726704
vn -0.040409222 -0.848294 -0.5279814
vn 0 -0.8476728 -0.53051937
vn 0.12094067 -0.84116083 -0.52708805
vn 0.27765572 -0.8022335 -0.5285155
vn 0.29013553 -0.7971408 -0.5295167
vn 0.42492387 -0.7359897 -0.5270283
vn 0.5452764 -0.6498351 -0.5295167
vn 0.55592674 -0.64157367 -0.5285155
vn 0.6679963 -0.5253181 -0.52708805
vn 0.7341062 -0.4238364 -0.53051937
vn 0.7548488 -0.38915157 -0.5279814
vn 0.81528085 -0.23938805 -0.52726704
vn 0.8344859 -0.14714238 -0.53102016
vn -0.53102016 0.14714238 -0.8344859
vn -0.527565 0.0807515 -0.845668
vn -0.527565 -0.0807515 -0.845668
vn -0.53051937 0.4238364 -0.7341062
vn -0.5279814 0.38915157 -0.7548488
vn -0.52726704 0.23938805 -0.81528085
vn -0.5295167 0.6498351 -0.5452764
vn -0.5285155 0.64157367 -0.55592674
vn -0.52708805 0.5253181 -0.6679963
vn -0.5270283 0.7359897 -0.42492387
vn -0.5295167 0.7971408 -0.29013553
vn -0.5285155 0.8022335 -0.27765572
vn -0.52708805 0.84116083 -0.12094067
vn -0.53051937 0.8476728 0
vn -0.5279814 0.848294 0.040409222
vn -0.52726704 0.8257479 0.20032428
vn -0.53102016 0.7962572 0.2898139
vn -0.527565 0.7727457 0.35290113
vn -0.527565 0.6919942 0.49276686
vn -0.53102016 0.6491148 0.544672
vn -0.52726704 0.58635986 0.61495656
vn -0.5279814 0.45914242 0.7144395
vn -0.53051937 0.4238364 0.7341062
vn -0.52708805 0.31584272 0.788937
vn -0.5285155 0.16065985 0.83358246
vn -0.5295167 0.14730567 0.83541197
vn -0.5270283 0 0.84984773
vn -0.5295167 -0.14730567 0.83541197
vn -0.5285155 -0.16065985 0.83358246
vn -0.52708805 -0.31584272 0.788937
vn -0.53051937 -0.4238364 0.7341062
vn -0.5279814 -0.45914242 0.7144395
vn -0.52726704 -0.58635986 0.61495656
vn -0.53102016 -0.6491148 0.544672
vn -0.527565 -0.6919942 0.49276686
vn -0.527565 -0.7727457 0.35290113
vn -0.53102016 -0.7962572 0.2898139
vn -0.52726704 -0.8257479 0.20032428
vn -0.5279814 -0.848294 0.040409222
vn -0.53051937 -0.8476728 0
vn -0.52708805 -0.84116083 -0.12094067
vn -0.5285155 -0.8022335 -0.27765572
vn -0.5295167 -0.7971408 -0.29013553
vn -0.5270283 -0.7359897 -0.42492387
vn -0.5295167 -0.6498351 -0.5452764
vn -0.5285155 -0.64157367 -0.55592674
vn -0.52708805 -0.5253181 -0.6679963
vn -0.53051937 -0.4238364 -0.7341062
vn -0.5279814 -0.38915157 -0.7548488
vn -0.52726704 -0.23938805 -0.81528085
vn -0.53102016 -0.14714238 -0.8344859
vn 0.7253889 0.36050987 0.5863818
vn 0.78013927 0.34844732 0.5195837
vn 0.7786305 0.3557786 0.51687145
vn 0.78786117 0.4115503 0.45814967
vn 0.81540626 0.42050755 0.39785174
vn 0.81362545 0.43261233 0.38840717
vn 0.8503561 0.45214236 0.26918724
vn 0.87476325 0.46511987 0.13584109
vn 0.88294756 0.46947157 0
vn 0.87476325 0.46511987 -0.13584109
vn 0.8503561 0.45214236 -0.26918724
vn 0.8101624 0.430771 -0.39758417
vn 0.75490355 0.40138933 -0.51865906
vn 0.68557703 0.3645278 -0.6301616
vn 0.6034433 0.3208565 -0.73000497
vn 0.51212984 0.27230427 -0.81460017
vn 0.4720983 0.3429995 -0.8120804
vn 0.45063072 0.35437992 -0.8193576
vn 0.42209238 0.40760988 -0.80974823
vn 0.3749307 0.4326931 -0.81988025
vn 0.36006036 0.46085626 -0.8111523
vn 0.2888994 0.50038844 -0.8161793
vn 0.21908304 0.54224956 -0.8111523
vn 0.25602183 0.63367623 -0.73000497
vn 0.16533954 0.6631407 -0.73000497
vn 0.18784365 0.7533997 -0.6301616
vn 0.081162594 0.7722105 -0.6301616
vn 0.08936987 0.8502975 -0.51865906
vn -0.029838413 0.85446036 -0.51865906
vn -0.03202258 0.91700673 -0.39758417
vn -0.15933362 0.90362585 -0.39758417
vn -0.16723846 0.9484564 -0.26918724
vn -0.29761052 0.915951 -0.26918724
vn -0.3061526 0.94224083 -0.13584109
vn -0.43430772 0.8904628 -0.13584109
vn -0.43837115 0.89879405 0
vn -0.5591929 0.82903755 0
vn -0.55400956 0.8213529 0.13584109
vn -0.66292816 0.73625636 0.13584109
vn -0.6444316 0.71571374 0.26918724
vn -0.7377681 0.61906093 0.26918724
vn -0.7028961 0.5897999 0.39758417
vn -0.7781398 0.48623574 0.39758417
vn -0.7250652 0.453071 0.51865906
vn -0.78106415 0.34775215 0.51865906
vn -0.7093352 0.31581637 0.6301616
vn -0.74638516 0.2140225 0.6301616
vn -0.6569665 0.1883821 0.73000497
vn -0.67679065 0.09511672 0.73000497
vn -0.5719977 0.08038904 0.8163065
vn -0.5776191 0 0.8163065
vn -0.46095 0 0.88742614
vn -0.45646405 -0.06415184 0.88742614
vn -0.33233926 -0.04670724 0.94200265
vn -0.32260457 -0.09250537 0.94200265
vn -0.19603221 -0.05621133 0.978985
vn -0.18630134 -0.082946695 0.978985
vn -0.06249407 -0.027824152 0.9976574
vn -0.05801384 -0.036250234 0.9976574
vn 0.6942722 0.31469092 0.6472679
vn 0.6876342 0.3273968 0.64805126
vn 0.71859705 0.29256675 0.6308906
vn 0.7296375 0.26556635 0.6301616
vn 0.8034195 0.29242077 0.51865906
vn 0.83629775 0.17776059 0.51865906
vn 0.8975147 0.19077264 0.39758417
vn 0.9153306 0.06400615 0.39758417
vn 0.9607418 0.06718161 0.26918724
vn 0.9607418 -0.06718161 0.26918724
vn 0.98831725 -0.06910988 0.13584109
vn 0.9690808 -0.20598449 0.13584109
vn 0.9781476 -0.20791169 0
vn 0.9396926 -0.34202015 0
vn 0.9309823 -0.33884984 -0.13584109
vn 0.87476325 -0.46511987 -0.13584109
vn 0.8503561 -0.45214236 -0.26918724
vn 0.7791544 -0.56608886 -0.26918724
vn 0.74232626 -0.5393316 -0.39758417
vn 0.6600415 -0.6373947 -0.39758417
vn 0.615022 -0.5939198 -0.51865906
vn 0.526379 -0.67373437 -0.51865906
vn 0.478039 -0.611862 -0.6301616
vn 0.38823202 -0.6724376 -0.6301616
vn 0.34172094 -0.591878 -0.73000497
vn 0.25602183 -0.63367623 -0.73000497
vn 0.21908304 -0.54224956 -0.8111523
vn 0.18725787 -0.5410461 -0.81988025
vn 0.14195432 -0.5693477 -0.80974823
vn 0.08158665 -0.5674476 -0.8193576
vn 0.060997125 -0.58034885 -0.8120804
vn -0.020242509 -0.5796696 -0.81460017
vn -0.023851776 -0.68302554 -0.73000497
vn -0.027098205 -0.775991 -0.6301616
vn -0.028947962 -0.8289612 -0.5585565
vn -0.13113199 -0.8310403 -0.5405335
vn 0.6316532 0.35802644 0.6876273
vn 0.61378086 0.29922932 0.7305716
vn 0.6167497 0.29364723 0.73033625
vn 0.617582 0.29083237 0.7307592
vn 0.64222527 0.23375088 0.73000497
vn 0.66850704 0.14209555 0.73000497
vn 0.681777 0.047674496 0.73000497
vn 0.681777 -0.047674496 0.73000497
vn 0.66850704 -0.14209555 0.73000497
vn 0.64222527 -0.23375088 0.73000497
vn 0.6034433 -0.3208565 0.73000497
vn 0.55291605 -0.40171704 0.73000497
vn 0.49162692 -0.4747586 0.73000497
vn 0.42076883 -0.53855956 0.73000497
vn 0.34172094 -0.591878 0.73000497
vn 0.25602183 -0.63367623 0.73000497
vn 0.16533954 -0.6631407 0.73000497
vn 0.071439125 -0.6796979 0.73000497
vn -0.023851776 -0.68302554 0.73000497
vn -0.118678436 -0.67305887 0.73000497
vn -0.21119516 -0.6499918 0.73000497
vn -0.2996012 -0.6142735 0.73000497
vn -0.38217583 -0.56659895 0.73000497
vn -0.457386 -0.5078344 0.73000157
vn -0.38657048 -0.42920813 0.8162987
vn -0.44253117 -0.37121126 0.81631386
vn -0.35315388 -0.29623833 0.88742614
vn -0.3909128 -0.24425249 0.8874277
vn -0.28461447 -0.17783453 0.9420029
vn -0.30659074 -0.136503 0.94200265
vn 0.5825339 0.3257905 0.7446575
vn 0.57456714 0.3421383 0.74351466
vn 0.51681465 0.37548783 0.76935786
vn 0.51695627 0.39058435 0.7617086
vn 0.46218246 0.43672305 0.7717904
vn 0.444135 0.4288962 0.78663343
vn 0.42596355 0.49671406 0.75619453
vn 0.38541943 0.49331436 0.77980304
vn 0.37240526 0.5463879 0.75018305
vn 0.32785317 0.56785834 0.755016
vn 0.31181327 0.606045 0.73176634
vn 0.3084631 0.60892206 0.7307971
vn 0.3509331 0.6580317 0.66621333
vn 0.25595146 0.73456466 0.62841356
vn 0.32339656 0.71794987 0.61641115
vn 0.3881377 0.7319249 0.5600313
vn 0.31945196 0.7930778 0.51863086
vn 0.3983665 0.77242726 0.49463144
vn 0.43700662 0.7913355 0.4275667
vn 0.49987417 0.777719 0.38115475
vn 0.4641892 0.80399925 0.37163636
vn 0.43437123 0.8079644 0.39813966
vn 0.34372616 0.8507521 0.39758417
vn 0.3202816 0.7927247 0.51865906
vn 0.20683867 0.82958454 0.51865906
vn 0.18784365 0.7533997 0.6301616
vn 0.081162594 0.7722105 0.6301616
vn 0.071439125 0.6796979 0.73000497
vn -0.023851776 0.68302554 0.73000497
vn -0.020158615 0.57726717 0.8163065
vn -0.100302495 0.5688437 0.8163065
vn -0.08004313 0.45394713 0.88742614
vn -0.14244138 0.4383895 0.88742614
vn -0.10370775 0.31917965 0.94200265
vn -0.1471197 0.3016401 0.94200265
vn -0.08939799 0.18329304 0.978985
vn -0.11403744 0.16906746 0.978985
vn -0.038253423 0.05671303 0.9976574
vn 0.56411016 0.74899346 0.3475465
vn 0.5867954 0.7510638 0.3026125
vn 0.5929361 0.7589236 0.26918724
vn 0.6927874 0.669017 0.26918724
vn 0.712672 0.6882193 0.13584109
vn 0.8015179 0.58233684 0.13584109
vn 0.809017 0.58778524 0
vn 0.6220281 0.6914652 0.36736482
vn 0.69183004 0.6680925 0.27390447
vn 0.7791544 0.56608886 0.26918724
vn 0.6906413 0.66053796 0.2944559
vn 0.7143577 0.59598726 0.36673194
vn 0.76609653 0.5566017 0.32138857
vn 0.76600486 0.5316696 0.3613364
vn 0.79612195 0.4608151 0.39222342
vn -0.34457797 -0.7337868 -0.58551085
vn -0.34314892 -0.7825919 -0.5194216
vn -0.35081175 -0.7820507 -0.5150998
vn -0.38815713 -0.79584 -0.4647286
vn -0.45860723 -0.73911566 -0.49334317
vn -0.44128472 -0.8041189 -0.39832222
vn -0.46293628 -0.79334134 -0.39534733
vn -0.48988688 -0.7869778 -0.37506893
vn -0.5345363 -0.7592738 -0.37117946
vn -0.5482641 -0.75734407 -0.35473433
vn -0.59594405 -0.7190355 -0.35754523
vn -0.645532 -0.71636623 -0.26477888
vn -0.6510031 -0.67617047 -0.34494698
vn -0.7007425 -0.6245043 -0.34489754
vn -0.7334509 -0.6147628 -0.29002854
vn -0.73954654 -0.56642526 -0.36363906
vn -0.79028285 -0.49366942 -0.36296487
vn -0.7901537 -0.49232474 -0.36506638
vn -0.80367666 -0.44205028 -0.39836583
vn -0.77470994 -0.4514015 -0.442788
vn -0.7701146 -0.40107438 -0.49604726
vn -0.7700019 -0.40128958 -0.49604812
vn -0.7917459 -0.344681 -0.50431484
vn -0.8244454 -0.35891652 -0.43757135
vn -0.84694105 -0.32866696 -0.41793406
vn -0.29654992 -0.7168003 -0.63107485
vn -0.3154016 -0.69404954 -0.64716077
vn -0.3132714 -0.6375284 -0.70385975
vn -0.2850937 -0.61395335 -0.736059
vn -0.34277993 -0.57463545 -0.7431662
vn -0.35752657 -0.5300549 -0.76890606
vn -0.40079525 -0.52094436 -0.7536446
vn -0.41292444 -0.45859906 -0.78688014
vn -0.44460863 -0.46881902 -0.7632378
vn -0.4839762 -0.40433386 -0.7760678
vn -0.48457703 -0.4066084 -0.7745029
vn -0.5455541 -0.36884186 -0.7525466
vn -0.5516965 -0.34473822 -0.7594646
vn -0.6060452 -0.3124132 -0.7315103
vn -0.6099291 -0.30658767 -0.7307465
vn -0.65241903 -0.37271982 -0.6598707
vn -0.68301857 -0.30409944 -0.6640852
vn -0.7185007 -0.2929724 -0.6308121
vn -0.74638516 -0.2140225 -0.6301616
vn -0.76890755 -0.10806291 -0.6301616
vn -0.77646405 0 -0.6301616
vn -0.76890755 0.10806291 -0.6301616
vn -0.74638516 0.2140225 -0.6301616
vn -0.7093352 0.31581637 -0.6301616
vn -0.6641388 0.40172234 -0.6305068
vn -0.73014766 0.4416496 -0.5213732
vn -0.7012369 0.488905 -0.51888216
vn -0.7524185 0.524589 -0.39833754
vn -0.7028961 0.5897999 -0.39758417
vn -0.6139713 0.6818842 -0.39758417
vn -0.5130962 0.7606965 -0.39758417
vn -0.40223435 0.8247026 -0.39758417
vn -0.2835434 0.8726568 -0.39758417
vn -0.7233667 -0.30996642 -0.6169777
vn -0.74553627 -0.325545 -0.5815463
vn -0.769892 -0.33618012 -0.5424475
vn -0.650218 -0.49775243 -0.5739852
vn -0.8437615 0.051018313 -0.5342879
vn -0.8173439 0 -0.57615006
vn -0.8437615 -0.051018313 -0.5342879
vn -0.81647843 -0.11474857 -0.56585836
vn -0.83320177 -0.15578939 -0.5305699
vn -0.80897784 -0.23197067 -0.5401337
vn -0.8144432 -0.25894007 -0.51926136
vn -0.78828365 -0.33028764 -0.51915216
vn -0.81647843 0.11474857 -0.56585836
vn -0.83320177 0.15578939 -0.5305699
vn -0.80897784 0.23197067 -0.5401337
vn -0.8144432 0.25894007 -0.51926136
vn -0.78106415 0.34775215 -0.51865906
vn -0.7335179 0.43872938 -0.51910317
vn -0.78633726 0.47032154 -0.4005888
vn -0.75540435 0.5211171 -0.39724213
vn -0.7926302 0.5467974 -0.26972207
vn -0.7377681 0.61906093 -0.26918724
vn -0.6444316 0.71571374 -0.26918724
vn -0.5385519 0.79843605 -0.26918724
vn -0.42218992 0.86561763 -0.26918724
vn -0.83285874 0.25362182 -0.49195766
vn -0.84694105 0.32866696 -0.41793406
vn -0.8197118 0.3649592 -0.44144917
vn -0.81424415 0.42225254 -0.39838335
vn -0.7896119 0.46697375 -0.398056
vn -0.8238323 0.48721159 -0.2896985
vn -0.8245571 0.48997876 -0.28288937
vn -0.85115546 0.39670327 -0.34374535
vn -0.81452376 0.5131694 -0.27057016
vn -0.8499952 0.4978174 -0.17229627
vn -0.81644887 0.55726725 -0.15120986
vn -0.8099363 0.5704961 -0.13615228
vn -0.7589437 0.6368294 -0.13584109
vn -0.66292816 0.73625636 -0.13584109
vn -0.55400956 0.8213529 -0.13584109
vn -0.8239216 0.5563924 -0.10761352
vn -0.91632664 0.39635578 -0.056987356
vn -0.8279289 0.5590985 -0.044075277
vn -0.8136222 0.58139396 0
vn -0.76604444 0.64278764 0
vn -0.6691306 0.7431448 0
vn -0.8327872 0.5529662 0.026341027
vn -0.81966764 0.5564371 0.13609855
vn -0.7589437 0.6368294 0.13584109
vn -0.8189671 0.5576648 0.13528802
vn -0.8215003 0.51867956 0.236873
vn -0.8054665 0.52781665 0.26950583
vn -0.807966 0.5048732 0.30379927
vn -0.81268483 0.4252362 0.39839375
vn -0.82400274 0.39098895 0.4100574
vn -0.8591675 0.41681397 0.29681188
vn -0.81425256 0.3625286 0.4533936
vn -0.8645925 0.2716578 0.4227078
vn -0.8093538 0.27400693 0.51948684
vn -0.811727 0.23275897 0.5356515
vn -0.76890755 0.10806291 0.6301616
vn -0.6834419 0 0.73000497
vn -0.5719977 -0.08038904 0.8163065
vn -0.44309357 -0.12705503 0.88742614
vn -0.8237658 0.21070668 0.52631986
vn -0.82379586 0.115776956 0.55493796
vn -0.77646405 0 0.6301616
vn -0.67679065 -0.09511672 0.73000497
vn -0.5552431 -0.1592134 0.8163065
vn -0.42109877 -0.18748525 0.88742614
vn -0.8320515 0.10497736 0.5446743
vn -0.8302051 0 0.5574581
vn -0.8320515 -0.10497736 0.5446743
vn -0.82379586 -0.115776956 0.55493796
vn -0.8237658 -0.21070668 0.52631986
vn -0.811727 -0.23275897 0.5356515
vn -0.8093538 -0.27400693 0.51948684
vn -0.78106415 -0.34775215 0.51865906
vn -0.72510165 -0.45301002 0.51866126
vn -0.7781764 -0.4861687 0.39759454
vn -0.70310247 -0.58955663 0.39758
vn -0.7379771 -0.61879927 0.26921618
vn -0.6446393 -0.715538 0.26915696
vn -0.6631363 -0.7360694 0.13583845
vn -0.57507634 -0.80670995 0.1360378
vn -0.56197757 -0.8200303 0.108312294
vn -0.5806747 -0.81412727 -0.0036972777
vn -0.6136902 -0.7895469 0
vn -0.48000595 -0.8723735 -0.09251356
vn -0.5786323 -0.804918 -0.13149801
vn -0.51459944 -0.83805144 -0.18126553
vn -0.50825036 -0.8277117 -0.23785482
vn -0.22169085 -0.9710697 -0.08875163
vn -0.8645925 -0.2716578 0.4227078
vn -0.81425256 -0.3625286 0.4533936
vn -0.82400274 -0.39098895 0.4100574
vn -0.81268483 -0.4252362 0.39839375
vn -0.7781845 -0.4861625 0.39758635
vn -0.80801445 -0.5047985 0.30379456
vn -0.80550224 -0.5277579 0.26951388
vn -0.821574 -0.51858294 0.2368289
vn -0.8190627 -0.5573246 0.13610852
vn -0.81990844 -0.55635697 0.13497074
vn -0.8328578 -0.55286014 0.026335975
vn -0.8591675 -0.41681397 0.29681188
vn -0.81363744 -0.5813726 1.1639028E-06
vn -0.83751136 -0.54085815 -0.07776366
vn -0.809962 -0.57046 -0.13615057
vn -0.8291353 -0.5283008 -0.1828467
vn -0.8049445 -0.52860785 -0.2695145
vn -0.81210315 -0.5073 -0.28833172
vn -0.82126546 -0.49410754 -0.28527313
vn -0.8404632 -0.43681866 -0.3206416
vn -0.81389767 -0.4230116 -0.398286
vn -0.8144234 -0.42198065 -0.398305
vn -0.8715705 -0.37052146 -0.32105866
vn -0.83285874 -0.25362182 -0.49195766
vn 0.57180613 0.054600865 -0.8185698
vn 0.5805226 0.040594094 -0.8132316
vn 0.5805226 -0.040594094 -0.8132316
vn 0.681777 -0.047674496 -0.73000497
vn 0.7745726 -0.054163393 -0.6301616
vn 0.8528985 -0.05964047 -0.51865906
vn 0.9153306 -0.06400615 -0.39758417
vn 0.9607418 -0.06718161 -0.26918724
vn 0.98831725 -0.06910988 -0.13584109
vn 0.9975641 -0.06975647 0
vn 0.5736376 0.121930435 -0.80998325
vn 0.5489851 0.16119657 -0.82014084
vn 0.5504766 0.2003571 -0.81045204
vn 0.5118901 0.2638977 -0.8175124
vn 0.18725787 0.5410461 -0.81988025
vn 0.14195432 0.5693477 -0.80974823
vn 0.071439125 0.6796979 -0.73000497
vn -0.027098205 0.775991 -0.6301616
vn -0.14846592 0.8419921 -0.51865906
vn 0.08158665 0.5674476 -0.8193576
vn 0.060997125 0.58034885 -0.8120804
vn -0.023851776 0.68302554 -0.73000497
vn -0.13483156 0.7646678 -0.6301616
vn -0.2642037 0.8131354 -0.51865906
vn -0.020242509 0.5796696 -0.81460017
vn -0.027402949 0.5752587 -0.8175124
vn -0.10172396 0.57690525 -0.81045204
vn -0.13489223 0.5560333 -0.82014084
vn -0.18122394 0.55775 -0.80998325
vn -0.23861732 0.522499 -0.8185698
vn -0.2551058 0.52304435 -0.8132316
vn -0.32541683 0.48245028 -0.8132316
vn -0.38217583 0.56659895 -0.73000497
vn -0.45731187 0.5078963 -0.73000497
vn -0.51955587 0.57702523 -0.6301616
vn -0.59480596 0.49910146 -0.6301616
vn -0.65495354 0.5495713 -0.51865906
vn -0.69847256 0.49214846 -0.519544
vn -0.3331888 0.4678982 -0.8185698
vn -0.39241368 0.43581954 -0.80998325
vn -0.5235468 0.43930796 -0.73000497
vn -0.6318977 0.44995013 -0.6310707
vn -0.63434166 0.44696143 -0.6307425
vn -0.6608403 0.4042215 -0.6323726
vn -0.41409287 0.39483675 -0.82014084
vn -0.44875264 0.37654817 -0.81045204
vn -0.5540315 0.39866418 -0.7308324
vn -0.55609953 0.39597717 -0.7307225
vn -0.57978946 0.35861167 -0.73160225
vn -0.5828282 0.35650325 -0.73021686
vn -0.6243552 0.27798083 -0.73000497
vn -0.47015634 0.33831018 -0.8151682
vn -0.4835421 0.31075364 -0.81830263
vn -0.49328634 0.3051077 -0.81460285
vn -0.5330954 0.23734938 -0.8120804
vn -0.6569665 0.1883821 -0.73000497
vn -0.5322174 0.2130677 -0.8193576
vn -0.5640467 0.16173778 -0.80974823
vn -0.67679065 0.09511672 -0.73000497
vn -0.56218857 0.10835297 -0.81988025
vn -0.5791434 0.081393294 -0.8111523
vn -0.6834419 0 -0.73000497
vn -0.5777988 0 -0.8161793
vn -0.67679065 -0.09511672 -0.73000497
vn -0.5791434 -0.081393294 -0.8111523
vn -0.56218857 -0.10835297 -0.81988025
vn -0.5640467 -0.16173778 -0.80974823
vn -0.5322174 -0.2130677 -0.8193576
vn -0.5330954 -0.23734938 -0.8120804
vn -0.49188733 -0.30736533 -0.81460017
vn -0.48448715 -0.31136099 -0.8175124
vn -0.44875264 -0.37654817 -0.81045204
vn -0.41409287 -0.39483675 -0.82014084
vn -0.39241368 -0.43581954 -0.80998325
vn -0.3331888 -0.4678982 -0.8185698
vn -0.32541683 -0.48245028 -0.8132316
vn -0.2551058 -0.52304435 -0.8132316
vn -0.23861732 -0.522499 -0.8185698
vn -0.18122394 -0.55775 -0.80998325
vn -0.13489223 -0.5560333 -0.82014084
vn -0.10172396 -0.57690525 -0.81045204
vn -0.027402949 -0.5752587 -0.8175124
vn 0.2888994 -0.50038844 -0.8161793
vn 0.42076883 -0.53855956 -0.73000497
vn 0.5585415 -0.5393773 -0.6301616
vn 0.6916943 -0.5025453 -0.51865906
vn 0.8101624 -0.430771 -0.39758417
vn 0.9050066 -0.32939544 -0.26918724
vn 0.9690808 -0.20598449 -0.13584109
vn 0.36006036 -0.46085626 -0.8111523
vn 0.3749307 -0.4326931 -0.81988025
vn 0.42209238 -0.40760988 -0.80974823
vn 0.45063072 -0.35437992 -0.8193576
vn 0.4720983 -0.3429995 -0.8120804
vn 0.51212984 -0.27230427 -0.81460017
vn 0.6034433 -0.3208565 -0.73000497
vn 0.64222527 -0.23375088 -0.73000497
vn 0.7296375 -0.26556635 -0.6301616
vn 0.75949645 -0.16143595 -0.6301616
vn 0.83629775 -0.17776059 -0.51865906
vn 0.5118901 -0.2638977 -0.8175124
vn 0.5504766 -0.2003571 -0.81045204
vn 0.66850704 -0.14209555 -0.73000497
vn 0.5489851 -0.16119657 -0.82014084
vn 0.5736376 -0.121930435 -0.80998325
vn 0.57180613 -0.054600865 -0.8185698
vn 0.51880836 -0.85345393 -0.049540192
vn 0.59649354 -0.8026179 0
vn 0.51880836 -0.85345393 0.049540192
vn 0.5667971 -0.8125295 0.13615021
vn 0.5278171 -0.8350988 0.15498106
vn 0.50618243 -0.82199866 0.26095515
vn 0.511039 -0.8161659 0.26965228
vn 0.47090822 -0.815637 0.33612755
vn 0.45878285 -0.79463524 0.39758417
vn 0.4274906 -0.7404354 0.51865906
vn 0.38823202 -0.6724376 0.6301616
vn 0.5667971 -0.8125295 -0.13615021
vn 0.5278171 -0.8350988 -0.15498106
vn 0.50618243 -0.82199866 -0.26095515
vn 0.26549158 -0.9412349 -0.2087849
vn 0.47090822 -0.815637 -0.33612755
vn 0.511039 -0.8161659 -0.26965228
vn 0.5929361 -0.7589236 -0.26918724
vn 0.6099547 -0.7807064 -0.13584109
vn 0.712672 -0.6882193 -0.13584109
vn 0.7193398 -0.6946584 0
vn 0.809017 -0.58778524 0
vn 0.8015179 -0.58233684 0.13584109
vn 0.87476325 -0.46511987 0.13584109
vn 0.8503561 -0.45214236 0.26918724
vn 0.9050066 -0.32939544 0.26918724
vn 0.8622297 -0.31382596 0.39758417
vn 0.8975147 -0.19077264 0.39758417
vn 0.83629775 -0.17776059 0.51865906
vn 0.8528985 -0.05964047 0.51865906
vn 0.7745726 -0.054163393 0.6301616
vn 0.7745726 0.054163393 0.6301616
vn 0.4422138 -0.8037702 -0.39799553
vn 0.36290118 -0.8324066 -0.41881028
vn 0.32830638 -0.8125868 -0.48157826
vn 0.21342859 -0.90431905 -0.36966914
vn 0.2628887 -0.81297135 -0.5195836
vn 0.20332263 -0.8154825 -0.5418931
vn 0.18784365 -0.7533997 -0.6301616
vn 0.081162594 -0.7722105 -0.6301616
vn 0.071439125 -0.6796979 -0.73000497
vn 0.18393308 -0.826886 -0.5314397
vn 0.08679377 -0.8257876 -0.55726266
vn 0.07887138 -0.83238125 -0.54856247
vn -0.026444476 -0.83133787 -0.5551379
vn -0.14484508 -0.82145727 -0.55156857
vn -0.2377826 -0.81997615 -0.52067125
vn -0.2623363 -0.8073882 -0.52849215
vn -0.2850593 -0.8057008 -0.51921815
vn -0.30495676 -0.8506478 -0.42825186
vn -0.39543402 -0.8107599 -0.43162525
vn -0.41903856 -0.8153309 -0.39955246
vn -0.4227145 -0.8141596 -0.39806613
vn -0.45438322 -0.8415839 -0.2920144
vn -0.50706345 -0.81457114 -0.28171
vn -0.54879874 -0.81362754 0.1919118
vn -0.22169085 -0.9710697 0.08875163
vn -0.56609654 -0.77941024 0.2684295
vn -0.45438322 -0.8415839 0.2920144
vn -0.42145032 -0.81295425 0.40185204
vn -0.30495676 -0.8506478 0.42825186
vn -0.39543402 -0.8107599 0.43162525
vn -0.42014024 -0.815515 0.3980169
vn -0.5130962 -0.7606965 0.39758417
vn -0.5385519 -0.79843605 0.26918724
vn -0.6446143 -0.7155509 0.2691828
vn -0.2377826 -0.81997615 0.52067125
vn -0.2623363 -0.8073882 0.52849215
vn -0.2850593 -0.8057008 0.51921815
vn -0.37479907 -0.768452 0.51865906
vn -0.14484508 -0.82145727 0.55156857
vn -0.13113199 -0.8310403 0.5405335
vn -0.028947962 -0.8289612 0.5585565
vn -0.026444476 -0.83133787 0.5551379
vn 0.07887138 -0.83238125 0.54856247
vn 0.08679377 -0.8257876 0.55726266
vn 0.18393308 -0.826886 0.5314397
vn 0.20332263 -0.8154825 0.5418931
vn 0.2628887 -0.81297135 0.5195836
vn 0.3202816 -0.7927247 0.51865906
vn 0.21342859 -0.90431905 0.36966914
vn 0.32830638 -0.8125868 0.48157826
vn 0.36290118 -0.8324066 0.41881028
vn 0.4422138 -0.8037702 0.39799553
vn 0.26549158 -0.9412349 0.2087849
vn 0.06824163 -0.00477192 0.9976574
vn 0.06691339 -0.01422288 0.9976574
vn 0.06428275 -0.023397008 0.9976574
vn 0.06040092 -0.03211574 0.9976574
vn 0.055343457 -0.040209375 0.9976574
vn 0.049208794 -0.04752038 0.9976574
vn 0.04211634 -0.053906456 0.9976574
vn 0.034204137 -0.059243303 0.9976574
vn 0.025626192 -0.063427046 0.9976574
vn 0.01654946 -0.066376254 0.9976574
vn 0.007150612 -0.06803353 0.9976574
vn -0.0023874145 -0.0683666 0.9976574
vn -0.011878972 -0.067369 0.9976574
vn -0.02113932 -0.06506014 0.9976574
vn -0.029988214 -0.06148495 0.9976574
vn -0.045775596 -0.050836064 0.9976574
vn -0.052405413 -0.043969914 0.9976574
vn -0.06575826 -0.018855875 0.9976574
vn -0.067742534 -0.009520592 0.9976574
vn -0.06840827 0 0.9976574
vn -0.067742534 0.009520592 0.9976574
vn -0.06575826 0.018855875 0.9976574
vn -0.06249407 0.027824152 0.9976574
vn -0.058013506 0.036250863 0.9976574
vn -0.052403778 0.043971993 0.9976574
vn -0.045774072 0.050837256 0.9976574
vn -0.02113932 0.06506014 0.9976574
vn -0.011878972 0.067369 0.9976574
vn -0.0023874145 0.0683666 0.9976574
vn 0.007150612 0.06803353 0.9976574
vn 0.01654946 0.066376254 0.9976574
vn 0.025626192 0.063427046 0.9976574
vn 0.034204137 0.059243303 0.9976574
vn 0.04211634 0.053906456 0.9976574
vn 0.049208794 0.04752038 0.9976574
vn 0.055343457 0.040209375 0.9976574
vn 0.060246706 0.032362707 0.9976587
vn 0.06691339 0.01422288 0.9976574
vn 0.06824163 0.00477192 0.9976574
vn 0.681777 0.047674496 -0.73000497
vn 0.66850704 0.14209555 -0.73000497
vn 0.64222527 0.23375088 -0.73000497
vn 0.7745726 0.054163393 -0.6301616
vn 0.75949645 0.16143595 -0.6301616
vn 0.7296375 0.26556635 -0.6301616
vn 0.8528985 0.05964047 -0.51865906
vn 0.83629775 0.17776059 -0.51865906
vn 0.8034195 0.29242077 -0.51865906
vn 0.9153306 0.06400615 -0.39758417
vn 0.8975147 0.19077264 -0.39758417
vn 0.8622297 0.31382596 -0.39758417
vn 0.9607418 0.06718161 -0.26918724
vn 0.94204205 0.20023723 -0.26918724
vn 0.9050066 0.32939544 -0.26918724
vn 0.98831725 0.06910988 -0.13584109
vn 0.9690808 0.20598449 -0.13584109
vn 0.9309823 0.33884984 -0.13584109
vn 0.9975641 0.06975647 0
vn 0.9781476 0.20791169 0
vn 0.9396926 0.34202015 0
vn 0.98831725 0.06910988 0.13584109
vn 0.9690808 0.20598449 0.13584109
vn 0.9309823 0.33884984 0.13584109
vn 0.9153306 -0.06400615 0.39758417
vn 0.8528985 0.05964047 0.51865906
vn 0.75949645 0.16143595 0.6301616
vn 0.576212 -0.04029267 0.8163065
vn 0.5649967 -0.120093755 0.8163065
vn 0.5427844 -0.19755736 0.8163065
vn 0.5100074 -0.2711757 0.8163065
vn 0.46730363 -0.33951595 0.8163065
vn 0.4155044 -0.40124792 0.8163065
vn 0.3556178 -0.45517004 0.8163065
vn 0.28880954 -0.50023276 0.8163065
vn 0.21637991 -0.53555906 0.8163065
vn 0.1397387 -0.5604613 0.8163065
vn 0.06037763 -0.5744548 0.8163065
vn -0.020158615 -0.57726717 0.8163065
vn -0.100302495 -0.5688437 0.8163065
vn -0.17849411 -0.54934835 0.8163065
vn -0.25321153 -0.51916057 0.8163065
vn -0.3230005 -0.47886792 0.8163065
vn -0.3865531 -0.42921323 0.81630427
vn -0.30847952 -0.3425234 0.88742214
vn -0.35313678 -0.2962472 0.88743
vn -0.25711346 -0.21569304 0.9420028
vn -0.28461167 -0.1778369 0.9420033
vn -0.17294632 -0.108063854 0.9789851
vn 0.45982715 -0.032154247 0.88742614
vn 0.45087713 -0.09583689 0.88742614
vn 0.4331513 -0.15765418 0.88742614
vn 0.4069947 -0.21640292 0.88742614
vn 0.37291637 -0.27093962 0.88742614
vn 0.3315797 -0.32020277 0.88742614
vn 0.28378916 -0.36323357 0.88742614
vn 0.230475 -0.39919442 0.88742614
vn 0.17267491 -0.4273854 0.88742614
vn 0.1115139 -0.44725782 0.88742614
vn 0.048182394 -0.45842487 0.88742614
vn -0.016086923 -0.4606692 0.88742614
vn -0.08004313 -0.45394713 0.88742614
vn -0.14244138 -0.4383895 0.88742614
vn -0.20206718 -0.4142991 0.88742614
vn -0.25775996 -0.38214487 0.88742614
vn -0.3084662 -0.34252807 0.887425
vn -0.22458777 -0.2493875 0.94200116
vn -0.25710192 -0.21570028 0.94200426
vn -0.15623109 -0.1310729 0.9789851
vn -0.17294483 -0.10806543 0.9789852
vn 0.576212 0.04029267 0.8163065
vn 0.5649967 0.120093755 0.8163065
vn 0.5427844 0.19755736 0.8163065
vn 0.5228134 0.2434963 0.81693065
vn 0.522037 0.24583822 0.81672573
vn 0.50418955 0.27917075 0.8172249
vn 0.5037113 0.28170782 0.816649
vn 0.46730363 0.33951595 0.8163065
vn 0.4155044 0.40124792 0.8163065
vn 0.3556178 0.45517004 0.8163065
vn 0.28880954 0.50023276 0.8163065
vn 0.21637991 0.53555906 0.8163065
vn 0.1397387 0.5604613 0.8163065
vn 0.06037763 0.5744548 0.8163065
vn 0.33478785 -0.023410646 0.94200265
vn 0.32827157 -0.069776274 0.94200265
vn 0.31536588 -0.11478379 0.94200265
vn 0.29632193 -0.15755717 0.94200265
vn 0.27151042 -0.19726388 0.94200265
vn 0.24141428 -0.23313107 0.94200265
vn 0.20661929 -0.26446062 0.94200265
vn 0.16780268 -0.29064277 0.94200265
vn 0.12571998 -0.31116787 0.94200265
vn 0.08119028 -0.32563645 0.94200265
vn 0.03508031 -0.33376688 0.94200265
vn -0.011712458 -0.3354009 0.94200265
vn -0.058277257 -0.33050674 0.94200265
vn -0.10370775 -0.31917965 0.94200265
vn -0.1471197 -0.3016401 0.94200265
vn -0.18766813 -0.27822945 0.94200265
vn -0.22457868 -0.24939157 0.94200224
vn -0.13646688 -0.1515446 0.9789847
vn -0.1562248 -0.1310779 0.97898537
vn 0.45982715 0.032154247 0.88742614
vn 0.45087713 0.09583689 0.88742614
vn 0.4331513 0.15765418 0.88742614
vn 0.41789874 0.19247746 0.88786995
vn 0.4172153 0.19431481 0.88779116
vn 0.40333465 0.22109419 0.8879406
vn 0.40292853 0.22310233 0.88762265
vn 0.37291637 0.27093962 0.88742614
vn 0.3315797 0.32020277 0.88742614
vn 0.28378916 0.36323357 0.88742614
vn 0.230475 0.39919442 0.88742614
vn 0.17267491 0.4273854 0.88742614
vn 0.1115139 0.44725782 0.88742614
vn 0.048182394 0.45842487 0.88742614
vn -0.016086923 0.4606692 0.88742614
vn 0.20343542 -0.014225591 0.978985
vn 0.19947578 -0.042399887 0.978985
vn 0.19163358 -0.069748916 0.978985
vn 0.18006144 -0.09574036 0.978985
vn 0.16498461 -0.11986834 0.978985
vn 0.14669654 -0.14166321 0.978985
vn 0.12555319 -0.16070077 0.978985
vn 0.1019661 -0.17661045 0.978985
vn 0.07639434 -0.18908264 0.978985
vn 0.049335662 -0.19787453 0.978985
vn 0.021316718 -0.20281503 0.978985
vn -0.007117131 -0.20380796 0.978985
vn -0.035412453 -0.200834 0.978985
vn -0.063018516 -0.19395104 0.978985
vn -0.08939799 -0.18329304 0.978985
vn -0.11403744 -0.16906746 0.978985
vn -0.13646181 -0.15154758 0.97898495
vn 0.33478785 0.023410646 0.94200265
vn 0.32827157 0.069776274 0.94200265
vn 0.31536588 0.11478379 0.94200265
vn 0.3047695 0.13880599 0.9422571
vn 0.30423027 0.14012359 0.94223636
vn 0.29443395 0.15977606 0.9422209
vn 0.29407907 0.16120405 0.9420885
vn 0.27151042 0.19726388 0.94200265
vn 0.24141428 0.23313107 0.94200265
vn 0.20661929 0.26446062 0.94200265
vn 0.16780268 0.29064277 0.94200265
vn 0.12571998 0.31116787 0.94200265
vn 0.08119028 0.32563645 0.94200265
vn 0.03508031 0.33376688 0.94200265
vn -0.011712458 0.3354009 0.94200265
vn -0.058277257 0.33050674 0.94200265
vn 0.20343542 0.014225591 0.978985
vn 0.19947578 0.042399887 0.978985
vn 0.19163358 0.069748916 0.978985
vn 0.18551478 0.0835424 0.9790837
vn 0.1851696 0.08433472 0.97908115
vn 0.1794225 0.09638034 0.97903955
vn 0.1791459 0.09721443 0.9790077
vn 0.16498461 0.11986834 0.978985
vn 0.14669654 0.14166321 0.978985
vn 0.12555319 0.16070077 0.978985
vn 0.1019661 0.17661045 0.978985
vn 0.07639434 0.18908264 0.978985
vn 0.049335662 0.19787453 0.978985
vn 0.021316718 0.20281503 0.978985
vn -0.007117131 0.20380796 0.978985
vn -0.035412453 0.200834 0.978985
vn -0.063018516 0.19395104 0.978985
vn 0.06428275 0.023397008 0.9976574
vn 0.062224656 0.028021472 0.99766874
vn -0.029988214 0.06148495 0.9976574
vn -0.8133848 -0.42389876 -0.39839056
vn -0.038253423 -0.05671303 0.9976574
vn 0.8622297 0.31382596 0.39758417
vn 0.9050066 0.32939544 0.26918724
vn 0.55291605 0.40171704 -0.73000497
vn 0.49162692 0.4747586 -0.73000497
vn 0.42076883 0.53855956 -0.73000497
vn 0.34172094 0.591878 -0.73000497
vn 0.6281726 0.4563941 -0.6301616
vn 0.5585415 0.5393773 -0.6301616
vn 0.478039 0.611862 -0.6301616
vn 0.38823202 0.6724376 -0.6301616
vn 0.29086855 0.7199249 -0.6301616
vn 0.6916943 0.5025453 -0.51865906
vn 0.615022 0.5939198 -0.51865906
vn 0.526379 0.67373437 -0.51865906
vn 0.4274906 0.7404354 -0.51865906
vn 0.3202816 0.7927247 -0.51865906
vn 0.20683867 0.82958454 -0.51865906
vn 0.74232626 0.5393316 -0.39758417
vn 0.6600415 0.6373947 -0.39758417
vn 0.5649099 0.72305167 -0.39758417
vn 0.45878285 0.79463524 -0.39758417
vn 0.34372616 0.8507521 -0.39758417
vn 0.22197923 0.8903101 -0.39758417
vn 0.095911734 0.9125392 -0.39758417
vn 0.7791544 0.56608886 -0.26918724
vn 0.6927874 0.669017 -0.26918724
vn 0.5929361 0.7589236 -0.26918724
vn 0.48154393 0.8340586 -0.26918724
vn 0.36077908 0.89295954 -0.26918724
vn 0.23299204 0.93448 -0.26918724
vn 0.10067009 0.95781195 -0.26918724
vn -0.033611283 0.96250117 -0.26918724
vn 0.8015179 0.58233684 -0.13584109
vn 0.712672 0.6882193 -0.13584109
vn 0.6099547 0.7807064 -0.13584109
vn 0.49536532 0.8579979 -0.13584109
vn 0.37113422 0.9185895 -0.13584109
vn 0.23967944 0.9613017 -0.13584109
vn 0.10355955 0.98530334 -0.13584109
vn -0.034576003 0.9901271 -0.13584109
vn -0.17203857 0.9756792 -0.13584109
vn 0.6156615 0.7880108 0
vn 0.7193398 0.6946584 0
vn 0.49536532 0.8579979 0.13584109
vn 0.6099547 0.7807064 0.13584109
vn 0.37460658 0.92718387 0
vn 0.2419219 0.9702957 0
vn 0.104528464 0.9945219 0
vn -0.034899496 0.99939084 0
vn -0.17364818 0.9848077 0
vn -0.309017 0.95105654 0
vn 0.48154393 0.8340586 0.26918724
vn 0.37113422 0.9185895 0.13584109
vn 0.23967944 0.9613017 0.13584109
vn 0.10355955 0.98530334 0.13584109
vn -0.034576003 0.9901271 0.13584109
vn -0.17203857 0.9756792 0.13584109
vn -0.3061526 0.94224083 0.13584109
vn -0.43430772 0.8904628 0.13584109
vn 0.36077908 0.89295954 0.26918724
vn 0.23299204 0.93448 0.26918724
vn 0.10067009 0.95781195 0.26918724
vn -0.033611283 0.96250117 0.26918724
vn -0.16723846 0.9484564 0.26918724
vn -0.29761052 0.915951 0.26918724
vn -0.42218992 0.86561763 0.26918724
vn -0.5385519 0.79843605 0.26918724
vn 0.29086855 0.7199249 0.6301616
vn 0.25602183 0.63367623 0.73000497
vn -0.2996012 -0.6142735 -0.73000497
vn -0.21119516 -0.6499918 -0.73000497
vn -0.23994058 -0.7384612 -0.6301616
vn -0.13483156 -0.7646678 -0.6301616
vn -0.5201187 -0.8100227 -0.27081308
vn -0.56037754 -0.7841227 -0.26669946
vn -0.5646816 -0.7800224 -0.26962906
vn -0.64469546 -0.7154785 -0.2691808
vn -0.64471084 -0.7154549 -0.26920667
vn -0.73808336 -0.6186942 -0.26916614
vn -0.73809975 -0.6186594 -0.2692012
vn -0.6243552 -0.27798083 -0.73000497
vn -0.6569665 -0.1883821 -0.73000497
vn -0.39091703 -0.24424948 0.8874267
vn -0.48985782 -0.30606884 0.81630945
vn -0.44255373 -0.37120104 0.8163063
vn -0.52362186 -0.4391986 0.73001695
vn -0.4574069 -0.5078288 0.7299924
vn -0.51965606 -0.57693994 0.63015705
vn -0.4341932 -0.6437179 0.6301616
vn -0.34037945 -0.6978813 0.6301616
vn -0.23994058 -0.7384612 0.6301616
vn -0.13483156 -0.7646678 0.6301616
vn -0.027098205 -0.775991 0.6301616
vn 0.081162594 -0.7722105 0.6301616
vn 0.18784365 -0.7533997 0.6301616
vn 0.29086855 -0.7199249 0.6301616
vn -0.48986346 -0.3060653 0.8163074
vn -0.579606 -0.36213616 0.7300098
vn -0.5236491 -0.43918702 0.7300044
vn -0.59491104 -0.4989547 0.63017863
vn -0.51967967 -0.5769334 0.6301435
vn -0.57222176 -0.6352641 0.5186538
vn -0.4780994 -0.7088115 0.51865906
vn -0.5276813 -0.23493885 0.8163065
vn -0.6243552 -0.27798083 0.73000497
vn -0.7093352 -0.31581637 0.6301616
vn -0.5796128 -0.36213204 0.73000646
vn -0.6584998 -0.41141924 0.63016844
vn -0.59494174 -0.49894133 0.6301602
vn -0.6550919 -0.5493856 0.51868105
vn -0.572247 -0.63525605 0.51863575
vn -0.61412686 -0.6817472 0.39757887
vn -0.65850747 -0.41141453 0.6301635
vn -0.72509354 -0.45301545 0.5186679
vn -0.65512455 -0.5493699 0.5186565
vn -0.7030696 -0.58957535 0.39761037
vn -0.6141526 -0.68173707 0.39755654
vn -0.7592621 -0.63644713 -0.1358536
vn -0.75924146 -0.6364798 -0.13581543
vn -0.7663423 -0.64243245 -1.0558395E-05
vn -0.7663175 -0.6424621 2.870507E-05
vn -0.75921506 -0.63650763 0.13583274
vn -0.7591865 -0.63653356 0.13587093
vn -0.7380085 -0.61877704 0.2691811
vn -0.66319615 -0.7360104 -0.13586606
vn -0.6631779 -0.736032 -0.13583791
vn -0.6693824 -0.742918 -2.8925488E-05
vn -0.6693614 -0.74293697 0
vn -0.66315967 -0.7360535 0.13581033
vn -0.5764537 -0.8171298 0
vn -0.5713844 -0.809944 -0.13232768
vn -0.57603157 -0.806027 -0.13604465
vn -0.7957009 0.5431058 -0.26813462
vn -0.1729443 0.1080676 0.978985
vn -0.18630134 0.082946695 0.978985
vn -0.19603221 0.05621133 0.978985
vn -0.20194754 0.028381877 0.978985
vn -0.2039322 0 0.978985
vn -0.20194754 -0.028381877 0.978985
vn -0.28460947 0.17784373 0.94200265
vn -0.30659074 0.136503 0.94200265
vn -0.32260457 0.09250537 0.94200265
vn -0.33233926 0.04670724 0.94200265
vn -0.33560535 0 0.94200265
vn -0.15622112 0.13108508 0.978985
vn -0.13645728 0.15155116 0.978985
vn -0.39090776 0.24426629 0.88742614
vn -0.42109877 0.18748525 0.88742614
vn -0.44309357 0.12705503 0.88742614
vn -0.45646405 0.06415184 0.88742614
vn -0.2570886 0.21572296 0.94200265
vn -0.2245638 0.24940337 0.94200265
vn -0.18766813 0.27822945 0.94200265
vn -0.48984873 0.30609146 0.8163065
vn -0.5276813 0.23493885 0.8163065
vn -0.5552431 0.1592134 0.8163065
vn -0.3531082 0.29629296 0.88742614
vn -0.30843574 0.3425526 0.88742614
vn -0.25775996 0.38214487 0.88742614
vn -0.20206718 0.4142991 0.88742614
vn -0.5795916 0.362169 0.73000497
vn -0.6243552 0.27798083 0.73000497
vn -0.44248188 0.37128636 0.8163065
vn -0.3865026 0.42925462 0.8163065
vn -0.3230005 0.47886792 0.8163065
vn -0.25321153 0.51916057 0.8163065
vn -0.17849411 0.54934835 0.8163065
vn -0.65847886 0.41146326 0.6301616
vn -0.5235468 0.43930796 0.73000497
vn -0.45731187 0.5078963 0.73000497
vn -0.38217583 0.56659895 0.73000497
vn -0.2996012 0.6142735 0.73000497
vn -0.21119516 0.6499918 0.73000497
vn -0.118678436 0.67305887 0.73000497
vn -0.65495354 0.5495713 0.51865906
vn -0.6139713 0.6818842 0.39758417
vn -0.59480596 0.49910146 0.6301616
vn -0.51955587 0.57702523 0.6301616
vn -0.4341932 0.6437179 0.6301616
vn -0.34037945 0.6978813 0.6301616
vn -0.23994058 0.7384612 0.6301616
vn -0.13483156 0.7646678 0.6301616
vn -0.027098205 0.775991 0.6301616
vn -0.76890755 -0.10806291 0.6301616
vn -0.6569665 -0.1883821 0.73000497
vn -0.74638516 -0.2140225 0.6301616
vn 0.94204205 0.20023723 0.26918724
vn 0.22197923 0.8903101 0.39758417
vn 0.08936987 0.8502975 0.51865906
vn 0.16533954 0.6631407 0.73000497
vn 0.095911734 0.9125392 0.39758417
vn -0.03202258 0.91700673 0.39758417
vn -0.15933362 0.90362585 0.39758417
vn -0.2835434 0.8726568 0.39758417
vn -0.40223435 0.8247026 0.39758417
vn -0.5130962 0.7606965 0.39758417
vn -0.029838413 0.85446036 0.51865906
vn -0.118678436 0.67305887 -0.73000497
vn -0.23994058 0.7384612 -0.6301616
vn -0.37479907 0.768452 -0.51865906
vn -0.21119516 0.6499918 -0.73000497
vn -0.2996012 0.6142735 -0.73000497
vn -0.14846592 0.8419921 0.51865906
vn -0.2642037 0.8131354 0.51865906
vn -0.37479907 0.768452 0.51865906
vn -0.4780994 0.7088115 0.51865906
vn -0.5720941 0.63537484 0.51865906
vn -0.34037945 0.6978813 -0.6301616
vn -0.4780994 0.7088115 -0.51865906
vn -0.4341932 0.6437179 -0.6301616
vn -0.5720941 0.63537484 -0.51865906
vn -0.118678436 -0.67305887 -0.73000497
vn 0.16533954 -0.6631407 -0.73000497
vn 0.29086855 -0.7199249 -0.6301616
vn 0.3202816 -0.7927247 -0.51865906
vn 0.4274906 -0.7404354 -0.51865906
vn 0.45878285 -0.79463524 -0.39758417
vn 0.5649099 -0.72305167 -0.39758417
vn 0.6927874 -0.669017 -0.26918724
vn 0.8015179 -0.58233684 -0.13584109
vn 0.88294756 -0.46947157 0
vn 0.9309823 -0.33884984 0.13584109
vn 0.94204205 -0.20023723 0.26918724
vn 0.49162692 -0.4747586 -0.73000497
vn 0.6281726 -0.4563941 -0.6301616
vn 0.75490355 -0.40138933 -0.51865906
vn 0.8622297 -0.31382596 -0.39758417
vn 0.94204205 -0.20023723 -0.26918724
vn 0.6156615 -0.7880108 0
vn 0.6099547 -0.7807064 0.13584109
vn 0.712672 -0.6882193 0.13584109
vn 0.5929361 -0.7589236 0.26918724
vn 0.6927874 -0.669017 0.26918724
vn 0.7791544 -0.56608886 0.26918724
vn 0.5649099 -0.72305167 0.39758417
vn 0.6600415 -0.6373947 0.39758417
vn 0.74232626 -0.5393316 0.39758417
vn 0.8101624 -0.430771 0.39758417
vn 0.526379 -0.67373437 0.51865906
vn 0.615022 -0.5939198 0.51865906
vn 0.6916943 -0.5025453 0.51865906
vn 0.75490355 -0.40138933 0.51865906
vn 0.8034195 -0.29242077 0.51865906
vn 0.478039 -0.611862 0.6301616
vn 0.5585415 -0.5393773 0.6301616
vn 0.6281726 -0.4563941 0.6301616
vn 0.68557703 -0.3645278 0.6301616
vn 0.7296375 -0.26556635 0.6301616
vn 0.75949645 -0.16143595 0.6301616
vn 0.55291605 -0.40171704 -0.73000497
vn 0.68557703 -0.3645278 -0.6301616
vn 0.8034195 -0.29242077 -0.51865906
vn 0.8975147 -0.19077264 -0.39758417
vn -1 4.4871803E-16 0
vn -3.81049E-16 2.2205956E-16 -1
vn 0.8344859 -0.53102016 -0.14714238
vn 0.845668 -0.527565 -0.0807515
vn 0.845668 -0.527565 0.0807515
vn 0.7341062 -0.53051937 -0.4238364
vn 0.7548488 -0.5279814 -0.38915157
vn 0.81528085 -0.52726704 -0.23938805
vn 0.5452764 -0.5295167 -0.6498351
vn 0.55592674 -0.5285155 -0.64157367
vn 0.6679963 -0.52708805 -0.5253181
vn 0.42492387 -0.5270283 -0.7359897
vn 0.29013553 -0.5295167 -0.7971408
vn 0.27765572 -0.5285155 -0.8022335
vn 0.12094067 -0.52708805 -0.84116083
vn 0 -0.53051937 -0.8476728
vn -0.040409222 -0.5279814 -0.848294
vn -0.20032428 -0.52726704 -0.8257479
vn -0.2898139 -0.53102016 -0.7962572
vn -0.35290113 -0.527565 -0.7727457
vn -0.49276686 -0.527565 -0.6919942
vn -0.544672 -0.53102016 -0.6491148
vn -0.61495656 -0.52726704 -0.58635986
vn -0.7144395 -0.5279814 -0.45914242
vn -0.7341062 -0.53051937 -0.4238364
vn -0.788937 -0.52708805 -0.31584272
vn -0.83358246 -0.5285155 -0.16065985
vn -0.83541197 -0.5295167 -0.14730567
vn -0.84984773 -0.5270283 0
vn -0.83541197 -0.5295167 0.14730567
vn -0.83358246 -0.5285155 0.16065985
vn -0.788937 -0.52708805 0.31584272
vn -0.7341062 -0.53051937 0.4238364
vn -0.7144395 -0.5279814 0.45914242
vn -0.61495656 -0.52726704 0.58635986
vn -0.544672 -0.53102016 0.6491148
vn -0.49276686 -0.527565 0.6919942
vn -0.35290113 -0.527565 0.7727457
vn -0.2898139 -0.53102016 0.7962572
vn -0.20032428 -0.52726704 0.8257479
vn -0.040409222 -0.5279814 0.848294
vn 0 -0.53051937 0.8476728
vn 0.12094067 -0.52708805 0.84116083
vn 0.27765572 -0.5285155 0.8022335
vn 0.29013553 -0.5295167 0.7971408
vn 0.42492387 -0.5270283 0.7359897
vn 0.5452764 -0.5295167 0.6498351
vn 0.55592674 -0.5285155 0.64157367
vn 0.6679963 -0.52708805 0.5253181
vn 0.7341062 -0.53051937 0.4238364
vn 0.7548488 -0.5279814 0.38915157
vn 0.81528085 -0.52726704 0.23938805
vn 0.8344859 -0.53102016 0.14714238
vn -5.4647416E-16 2.7130756E-16 -1
vn -1 2.7130756E-16 -2.9302803E-16
vn -1 2.7561576E-16 -4.775639E-16
vn -0.5 0.8660254 -1.2025499E-15
vn -0.5 0.8660254 7.9208116E-16
vn -0.5 0.44273242 -0.7443037
vn -0.5 0.43604422 0.7482416
vn -0.5 -0.46293792 0.7319074
vn -0.5 0.8660254 2.1718118E-16
vn -0.5 0.8660254 -1.4196135E-14
vn 1 4.0696135E-16 6.103597E-15
vn 1 2.7561576E-16 4.775639E-16
vn 1 -4.874798E-16 -8.446641E-16
vn 1 5.597478E-16 -1.905245E-16
vn 1.44306E-15 0.8660254 -0.5
vn 0 0.8660254 -0.5
vn 0.7443037 0.44273242 -0.5
vn -0.7482416 0.43604422 -0.5
vn -2.1718118E-16 0.8660254 -0.5
vn 1.4196135E-14 0.8660254 -0.5
vn 0.7316218 -0.46338916 -0.5
vn -0.7319074 -0.46293792 -0.5
vn 0.9848077 0 0.17364818
vn 0.9848077 -2.1746565E-16 0.17364818
vn 0.9848077 2.1746565E-16 -0.17364818
vn 0.9848077 0 -0.17364818
vn 0.8660254 0 -0.5
vn 0.64278764 0 -0.76604444
vn 0.34202015 0 -0.9396926
vn -0.34202015 0 -0.9396926
vn -0.64278764 0 -0.76604444
vn -0.8660254 0 -0.5
vn -0.9848077 0 -0.17364818
vn -0.9848077 0 0.17364818
vn -0.8660254 0 0.5
vn -0.64278764 0 0.76604444
vn -0.34202015 0 0.9396926
vn 0.34202015 0 0.9396926
vn 0.64278764 0 0.76604444
vn 0.8660254 0 0.5
vn 0.9848077 3.7132737E-18 -0.17364818
vn 0.9848077 -6.994009E-18 -0.17364818
vn 0.9848077 6.994009E-18 0.17364818
vn -0.34202015 -2.1823207E-17 0.9396926
vn -0.64278764 -4.5005574E-18 0.76604444
vn -0.64278764 -1.5352614E-17 -0.76604444
vn -0.34202015 1.5452992E-18 -0.9396926
vn -0.34202015 -2.3384257E-17 -0.9396926
vn 0 -3.6513655E-17 -1
vn 0.34202015 -2.3384257E-17 -0.9396926
vn 0.8660254 -2.5266986E-17 -0.5
vn -0.34202015 2.1823207E-17 -0.9396926
vn -0.64278764 4.5005574E-18 -0.76604444
vn -0.64278764 1.5352614E-17 0.76604444
vn -0.34202015 -1.5452992E-18 0.9396926
vn -0.34202015 2.3384257E-17 0.9396926
vn 0 3.6513655E-17 1
vn 0.34202015 2.3384257E-17 0.9396926
vn 0.8660254 2.5266986E-17 0.5
vn 0.9848077 -3.7132737E-18 0.17364818
vn -0.8660254 2.275925E-17 -0.5
vn -0.8660254 1.5279658E-16 -0.5
vn -0.8660254 -7.2087434E-17 -0.5
vn -0.8660254 -2.8458991E-16 -0.5
vn -9.300786E-15 -0.8660254 -0.5
vn 7.614508E-15 -0.8660254 -0.5
vn -4.2557633E-15 -0.8660254 -0.5
vn 1.8233223E-15 -0.8660254 -0.5
vn 4.903178E-15 -0.8660254 -0.5
vn -4.6211284E-15 -0.8660254 -0.5
vn 4.651434E-15 -0.8660254 -0.5
vn 0 -0.8660254 -0.5
vn -8.5534895E-15 -0.8660254 -0.5
vn 0.8660254 -3.166274E-16 -0.5
vn 0.8660254 2.3711618E-16 -0.5
vn 0.8660254 -1.1802333E-16 -0.5
vn 0.8660254 -7.0164424E-17 -0.5
vn -0.5 0 0.8660254
vn -0.5 1.9507928E-17 0.8660254
vn -0.5 -6.945299E-17 0.8660254
vn -0.5 3.0894617E-17 0.8660254
vn -0.5 7.114748E-17 0.8660254
vn -0.5 -0.8660254 6.416821E-15
vn -0.5 -0.8660254 -6.0657944E-15
vn -0.5 -0.8660254 4.4685515E-15
vn -0.5 -0.8660254 -2.3186758E-15
vn -0.5 -0.8660254 1.192665E-15
vn -0.5 -0.8660254 6.3015387E-16
vn -0.5 -0.8660254 -5.127149E-15
vn -0.5 -0.8660254 -3.850641E-17
vn -0.5 -0.8660254 1.0822783E-14
vn -0.5 1.0554247E-16 -0.8660254
vn -0.5 -5.0222526E-17 -0.8660254
vn -0.5 -2.3596017E-16 -0.8660254
vn -0.5 4.425875E-17 -0.8660254
vn -0.5 0 -0.8660254
vn 0.8660254 2.096918E-16 0.5
vn 0.8660254 2.4710042E-16 0.5
vn 0.8660254 4.1671794E-17 0.5
vn 0.8660254 3.0894617E-17 0.5
vn 0.8660254 5.6917983E-16 0.5
vn 0.7319074 -0.46293792 0.5
vn -0.5 -0.46338916 -0.7316218
vn -1 6.6813533E-31 1.5841623E-15
vn -1 -9.9402155E-17 -9.596886E-17
vn -1 5.5161972E-17 -2.2789831E-19
vn -1 0 -7.701282E-17
vn -1 -5.0639395E-17 4.7368064E-17
vn -1 -3.7489726E-16 4.113693E-15
vn -1 1.8243974E-15 -3.6680173E-15
vn -1.92408E-15 0.8660254 0.5
vn 0 0.8660254 0.5
vn -0.7443037 0.44273242 0.5
vn 0.7482416 0.43604422 0.5
vn 4.560805E-15 0.8660254 0.5
vn -6.572285E-16 0.8660254 0.5
vn 0.5 -0.46338916 0.7316218
vn 0.5 -5.603673E-16 0.8660254
vn 0.5 -1.3584782E-16 0.8660254
vn 0.5 1.0487118E-16 0.8660254
vn 0.5 -1.3277625E-16 0.8660254
vn 0.5 2.6311659E-17 0.8660254
vn 0.5 0.8660254 4.32918E-15
vn 0.5 0.8660254 2.772284E-15
vn 0.5 0.44273242 0.7443037
vn 0.5 0.43604422 -0.7482416
vn 0.5 0.8660254 -2.1718118E-16
vn 0.5 0.8660254 1.4196135E-14
vn 2.2789831E-19 5.5161972E-17 -1
vn 0 5.5325694E-17 -1
vn 3.9998884E-16 1.9392897E-16 -1
vn 1.4147049E-16 -8.244314E-17 -1
vn -4.113693E-15 -4.217594E-16 -1
vn 0.5 -0.8660254 -2.2711221E-15
vn 0.5 -0.8660254 -3.742724E-15
vn 0.5 -0.8660254 -3.617399E-15
vn 0.5 -0.8660254 1.8233223E-15
vn 0.5 -0.8660254 -1.3251834E-15
vn 0.5 -0.8660254 2.1005129E-16
vn 0.5 -0.8660254 -2.3997172E-15
vn 0.5 -0.8660254 -3.850641E-17
vn 0.5 -0.8660254 3.4039398E-15
vn -0.5 -1.4397246E-12 -0.8660254
vn 0.76116824 0.31478846 -0.56703717
vn 0.7594191 0.31519702 -0.5691516
vn 0.7046808 0.31754982 -0.63449746
vn 0.7058324 0.3128845 -0.63553435
vn 0.60869086 0.32136658 -0.7254095
vn 0.55792695 0.3146674 -0.76792055
vn 0.38607523 0.3146674 -0.86713916
vn 0.38570827 0.31737602 -0.86631495
vn 0.37511125 0.31608906 -0.87142366
vn 0.682369 0.31575158 -0.6592977
vn 0.60046893 0.31574145 -0.73467296
vn 0.55710477 0.3188557 -0.76678896
vn 0.5022713 0.31430918 -0.805564
vn 0.5929665 0.31433314 -0.7413403
vn 0.8660254 -6.307663E-13 0.5
vn 0.237785 0.31482098 -0.918883
vn 0.1970738 0.3186495 -0.9271593
vn 0.19747269 0.3128845 -0.92903596
vn 0 0.3182145 -0.9480187
vn -0.19747269 0.3128845 -0.92903596
vn -0.32387763 0.32136658 -0.8898465
vn -0.38607523 0.3146674 -0.86713916
vn -0.55792695 0.3146674 -0.76792055
vn -0.55720794 0.3183336 -0.76693094
vn -0.57533664 0.316383 -0.75424767
vn -0.56703717 0.31478846 -0.76116824
vn -0.8660254 -6.5815983E-13 0.5
vn 0.09406812 0.31382537 -0.94480944
vn 0 0.31890818 -0.9477856
vn -0.05218868 0.31446284 -0.9478341
vn -0.1971139 0.316691 -0.9278216
vn -0.19720939 0.316703 -0.9277972
vn -0.33649084 0.31449932 -0.8876171
vn -0.38551027 0.31882685 -0.86587024
vn -0.46692306 0.31401816 -0.8266653
vn -0.65941614 0.31523898 -0.68249154
vn -0.7214649 0.3183924 -0.61491036
vn -0.70530033 0.31504956 -0.6350553
vn -0.805155 0.3152477 -0.5023389
vn -0.820983 0.3183016 -0.47399476
vn -0.8722498 0.31397095 -0.37497005
vn -0.90138894 0.31893545 -0.29287902
vn -0.9190489 0.3143535 -0.23776251
vn -0.9432256 0.317013 -0.09913701
vn -0.94394225 0.31640857 -0.094120264
vn -0.9477856 0.3146087 0.05219033
vn -0.7413403 0.31433314 -0.5929665
vn 0.5 2.5230653E-13 -0.8660254
vn -0.942633 0.31879032 0.09907472
vn -0.9288135 0.3138426 0.19699807
vn -0.90145147 0.31874013 0.29289934
vn -0.8875333 0.31472084 0.33650473
vn -0.8257117 0.31627718 0.4670855
vn 0.5 1.7688045E-12 0.8660254
vn -0.76116824 0.31478846 0.56703717
vn -0.7594191 0.31519702 0.5691516
vn -0.7046808 0.31754982 0.63449746
vn -0.7058324 0.3128845 0.63553435
vn -0.60869086 0.32136658 0.7254095
vn -0.55792695 0.3146674 0.76792055
vn -0.38607523 0.3146674 0.86713916
vn -0.38570827 0.31737602 0.86631495
vn -0.37511125 0.31608906 0.87142366
vn -0.682369 0.31575158 0.6592977
vn -0.60046893 0.31574145 0.73467296
vn -0.55710477 0.3188557 0.76678896
vn -0.5022713 0.31430918 0.805564
vn -0.5929665 0.31433314 0.7413403
vn -0.8660254 2.8384486E-13 -0.5
vn -0.237785 0.31482098 0.918883
vn -0.1970738 0.3186495 0.9271593
vn -0.19747269 0.3128845 0.92903596
vn 0 0.3182145 0.9480187
vn 0.19747269 0.3128845 0.92903596
vn 0.32387763 0.32136658 0.8898465
vn 0.38607523 0.3146674 0.86713916
vn 0.55792695 0.3146674 0.76792055
vn 0.55720794 0.3183336 0.76693094
vn 0.57533664 0.316383 0.75424767
vn 0.56703717 0.31478846 0.76116824
vn 0.8660254 9.872397E-13 -0.5
vn -0.09406812 0.31382537 0.94480944
vn 0 0.31890818 0.9477856
vn 0.05218868 0.31446284 0.9478341
vn 0.1971139 0.316691 0.9278216
vn 0.19720939 0.316703 0.9277972
vn 0.33649084 0.31449932 0.8876171
vn 0.38551027 0.31882685 0.86587024
vn 0.46692306 0.31401816 0.8266653
vn 0.65941614 0.31523898 0.68249154
vn 0.7214649 0.3183924 0.61491036
vn 0.70530033 0.31504956 0.6350553
vn 0.805155 0.3152477 0.5023389
vn 0.820983 0.3183016 0.47399476
vn 0.8722498 0.31397095 0.37497005
vn 0.90138894 0.31893545 0.29287902
vn 0.9190489 0.3143535 0.23776251
vn 0.9432256 0.317013 0.09913701
vn 0.94394225 0.31640857 0.094120264
vn 0.9477856 0.3146087 -0.05219033
vn 0.7413403 0.31433314 0.5929665
vn -0.5 -6.307663E-13 0.8660254
vn 0.942633 0.31879032 -0.09907472
vn 0.9288135 0.3138426 -0.19699807
vn 0.90145147 0.31874013 -0.29289934
vn 0.8875333 0.31472084 -0.33650473
vn 0.8257117 0.31627718 -0.4670855
vn 0.9325685 0.32136658 0.16443698
vn 0.94400215 0.3146674 0.09921863
vn 0.94400215 0.3146674 -0.09921863
vn 0.9033051 0.3128845 0.29350162
vn 0.8210083 0.3182145 0.47400936
vn 0.7058324 0.3128845 0.63553435
vn 0.60869086 0.32136658 0.7254095
vn -0.32387763 0.32136658 0.8898465
vn -0.8210083 0.3182145 0.47400936
vn -0.82130617 0.31718794 0.47418135
vn -0.9033051 0.3128845 0.29350162
vn -0.9325685 0.32136658 0.16443698
vn -0.94400215 0.3146674 0.09921863
vn -0.94400215 0.3146674 -0.09921863
vn -0.9325685 0.32136658 -0.16443698
vn -0.9033051 0.3128845 -0.29350162
vn -0.8210083 0.3182145 -0.47400936
vn -0.7058324 0.3128845 -0.63553435
vn -0.60869086 0.32136658 -0.7254095
vn 0.32387763 0.32136658 -0.8898465
vn 0.8210083 0.3182145 -0.47400936
vn 0.82130617 0.31718794 -0.47418135
vn 0.9033051 0.3128845 -0.29350162
vn 0.9325685 0.32136658 -0.16443698
vn 3.2805097E-15 -0.8660254 0.5
vn 2.8393078E-15 -0.8660254 0.5
vn 2.7662463E-15 -0.8660254 0.5
vn -2.3819123E-15 -0.8660254 0.5
vn 1.3251834E-15 -0.8660254 0.5
vn -2.1005129E-16 -0.8660254 0.5
vn 2.0720025E-15 -0.8660254 0.5
vn -3.850641E-17 -0.8660254 0.5
vn -4.6258667E-15 -0.8660254 0.5
vn -1.1753408E-15 3.8555305E-31 1
vn -1.4147049E-16 -8.244314E-17 1
vn -3.9998884E-16 1.9392897E-16 1
vn -2.2789831E-19 5.5161972E-17 1
vn -7.701282E-17 0 1
vn 1.5161352E-15 -1.206797E-15 1
vn -4.476951E-16 -2.3002757E-16 1
vn -2.392802E-16 -1.4156612E-17 1
vn 1 -3.280351E-16 -4.113693E-15
vn 1 5.5325694E-17 -7.701282E-17
vn 1 -3.280351E-16 5.544568E-15
vn 0.5 -2.4213122E-16 -0.8660254
vn 0.5 -2.1783853E-16 -0.8660254
vn 0.5 1.2501539E-16 -0.8660254
vn 0.5 -5.1491027E-17 -0.8660254
vn 0.5 -4.624586E-16 -0.8660254
vn 1 1.3565378E-16 -1.24865E-15
vn 1 -4.8426245E-16 0
vn -0.8660254 -2.3876282E-17 0.5
vn -0.8660254 -2.0974236E-16 0.5
vn -0.8660254 -2.9505834E-17 0.5
vn -0.8660254 5.2623318E-17 0.5
vn -0.7316218 -0.46338916 0.5
vn 0.5 -0.46293792 -0.7319074
vn 0.75611055 -0.64493096 -0.111179605
vn 0.64493096 -0.75611055 0.111179605
vn 0.48591977 -0.8112129 0.32529312
vn 0.29087013 -0.8061513 0.51528114
vn 0.074248 -0.7413011 0.6670531
vn -0.14788076 -0.62147206 0.7693528
vn -0.3590419 -0.45555124 0.81459314
vn -0.5435745 -0.25584427 0.7994188
vn -0.6877927 -0.037162516 0.72495526
vn -0.7810005 0.18427542 0.59672505
vn -0.816285 0.39204648 0.42423853
vn -0.7910294 0.5707413 0.22028814
vn -0.70710677 0.70710677 -6.4567966E-16
vn -0.70710677 0.70710677 -1.9867068E-16
vn -0.5707413 0.7910294 -0.22028814
vn -0.39204648 0.816285 -0.42423853
vn -0.18427542 0.7810005 -0.59672505
vn 0.037162516 0.6877927 -0.72495526
vn 0.25584427 0.5435745 -0.7994188
vn 0.45555124 0.3590419 -0.81459314
vn 0.62147206 0.14788076 -0.7693528
vn 0.7413011 -0.074248 -0.6670531
vn 0.8061513 -0.29087013 -0.51528114
vn 0.8112129 -0.48591977 -0.32529312
vn -0.70710677 0.70710677 6.4567966E-16
vn -0.70710677 0.70710677 9.933533E-16
vn -0.31752935 -0.10617014 0.9422861
vn -0.31514415 -0.08271462 0.9454324
vn -0.31514415 0.08271462 0.9454324
vn -0.3138157 -0.24574451 0.917131
vn -0.31885314 -0.31303987 0.89461654
vn -0.31354967 -0.4013064 0.86060435
vn -0.31841198 -0.5043411 0.80265427
vn -0.31434748 -0.5445007 0.7776276
vn -0.31620455 -0.67082584 0.67082584
vn -0.31434748 -0.7776276 0.5445007
vn -0.31841198 -0.80265427 0.5043411
vn -0.31354967 -0.86060435 0.4013064
vn -0.31885314 -0.89461654 0.31303987
vn -0.3138157 -0.917131 0.24574451
vn -0.31752935 -0.9422861 0.10617014
vn -0.31514415 -0.9454324 0.08271462
vn -0.31514415 -0.9454324 -0.08271462
vn -0.31752935 -0.9422861 -0.10617014
vn -0.3138157 -0.917131 -0.24574451
vn -0.31885314 -0.89461654 -0.31303987
vn -0.31354967 -0.86060435 -0.4013064
vn -0.31841198 -0.80265427 -0.5043411
vn -0.31434748 -0.7776276 -0.5445007
vn -0.31620455 -0.67082584 -0.67082584
vn -0.31434748 -0.5445007 -0.7776276
vn -0.31841198 -0.5043411 -0.80265427
vn -0.31354967 -0.4013064 -0.86060435
vn -0.31885314 -0.31303987 -0.89461654
vn -0.3138157 -0.24574451 -0.917131
vn -0.31752935 -0.10617014 -0.9422861
vn -0.31514415 -0.08271462 -0.9454324
vn -0.31514415 0.08271462 -0.9454324
vn -0.31752935 0.10617014 -0.9422861
vn -0.3138157 0.24574451 -0.917131
vn -0.31885314 0.31303987 -0.89461654
vn -0.31354967 0.4013064 -0.86060435
vn -0.31841198 0.5043411 -0.80265427
vn -0.31434748 0.5445007 -0.7776276
vn -0.31620455 0.67082584 -0.67082584
vn -0.31434748 0.7776276 -0.5445007
vn -0.31841198 0.80265427 -0.5043411
vn -0.31354967 0.86060435 -0.4013064
vn -0.31885314 0.89461654 -0.31303987
vn -0.3138157 0.917131 -0.24574451
vn -0.31752935 0.9422861 -0.10617014
vn -0.31514415 0.9454324 -0.08271462
vn -0.31514415 0.9454324 0.08271462
vn -0.31752935 0.9422861 0.10617014
vn -0.3138157 0.917131 0.24574451
vn -0.31885314 0.89461654 0.31303987
vn -0.31354967 0.86060435 0.4013064
vn -0.31841198 0.80265427 0.5043411
vn -0.31434748 0.7776276 0.5445007
vn -0.31620455 0.67082584 0.67082584
vn -0.31434748 0.5445007 0.7776276
vn -0.31841198 0.5043411 0.80265427
vn -0.31354967 0.4013064 0.86060435
vn -0.31885314 0.31303987 0.89461654
vn -0.3138157 0.24574451 0.917131
vn -0.31752935 0.10617014 0.9422861
vn 0 -0.11196448 0.9937122
vn 0 0.11196448 0.9937122
vn 0 0.33027905 0.94388336
vn 0 0.5320321 0.8467242
vn 0 0.70710677 0.70710677
vn 0 0.8467242 0.5320321
vn 0 0.94388336 0.33027905
vn 0 0.9937122 0.11196448
vn 0 0.9937122 -0.11196448
vn 0 0.94388336 -0.33027905
vn 0 0.8467242 -0.5320321
vn 0 0.70710677 -0.70710677
vn 0 0.5320321 -0.8467242
vn 0 0.33027905 -0.94388336
vn 0 0.11196448 -0.9937122
vn 0 -0.11196448 -0.9937122
vn 0 -0.33027905 -0.94388336
vn 0 -0.5320321 -0.8467242
vn 0 -0.70710677 -0.70710677
vn 0 -0.8467242 -0.5320321
vn 0 -0.94388336 -0.33027905
vn 0 -0.9937122 -0.11196448
vn 0 -0.9937122 0.11196448
vn 0 -0.94388336 0.33027905
vn 0 -0.8467242 0.5320321
vn 0 -0.70710677 0.70710677
vn 0 -0.5320321 0.8467242
vn 0 -0.33027905 0.94388336
vn 1.028377E-17 0.11196448 0.9937122
vn -1.028377E-17 -0.11196448 0.9937122
vn -0.9422861 -0.31752935 0.10617014
vn -0.9454324 -0.31514415 0.08271462
vn -0.9454324 -0.31514415 -0.08271462
vn -0.917131 -0.3138157 0.24574451
vn -0.89461654 -0.31885314 0.31303987
vn -0.86060435 -0.31354967 0.4013064
vn -0.80265427 -0.31841198 0.5043411
vn -0.7776276 -0.31434748 0.5445007
vn -0.67082584 -0.31620455 0.67082584
vn -0.5445007 -0.31434748 0.7776276
vn -0.5043411 -0.31841198 0.80265427
vn -0.4013064 -0.31354967 0.86060435
vn -0.31303987 -0.31885314 0.89461654
vn -0.24574451 -0.3138157 0.917131
vn -0.10617014 -0.31752935 0.9422861
vn -0.08271462 -0.31514415 0.9454324
vn 0.08271462 -0.31514415 0.9454324
vn 0.10617014 -0.31752935 0.9422861
vn 0.24574451 -0.3138157 0.917131
vn 0.31303987 -0.31885314 0.89461654
vn 0.4013064 -0.31354967 0.86060435
vn 0.5043411 -0.31841198 0.80265427
vn 0.5445007 -0.31434748 0.7776276
vn 0.67082584 -0.31620455 0.67082584
vn 0.7776276 -0.31434748 0.5445007
vn 0.80265427 -0.31841198 0.5043411
vn 0.86060435 -0.31354967 0.4013064
vn 0.89461654 -0.31885314 0.31303987
vn 0.917131 -0.3138157 0.24574451
vn 0.9422861 -0.31752935 0.10617014
vn 0.9454324 -0.31514415 0.08271462
vn 0.9454324 -0.31514415 -0.08271462
vn 0.9422861 -0.31752935 -0.10617014
vn 0.917131 -0.3138157 -0.24574451
vn 0.89461654 -0.31885314 -0.31303987
vn 0.86060435 -0.31354967 -0.4013064
vn 0.80265427 -0.31841198 -0.5043411
vn 0.7776276 -0.31434748 -0.5445007
vn 0.67082584 -0.31620455 -0.67082584
vn 0.5445007 -0.31434748 -0.7776276
vn 0.5043411 -0.31841198 -0.80265427
vn 0.4013064 -0.31354967 -0.86060435
vn 0.31303987 -0.31885314 -0.89461654
vn 0.24574451 -0.3138157 -0.917131
vn 0.10617014 -0.31752935 -0.9422861
vn 0.08271462 -0.31514415 -0.9454324
vn -0.08271462 -0.31514415 -0.9454324
vn -0.10617014 -0.31752935 -0.9422861
vn -0.24574451 -0.3138157 -0.917131
vn -0.31303987 -0.31885314 -0.89461654
vn -0.4013064 -0.31354967 -0.86060435
vn -0.5043411 -0.31841198 -0.80265427
vn -0.5445007 -0.31434748 -0.7776276
vn -0.67082584 -0.31620455 -0.67082584
vn -0.7776276 -0.31434748 -0.5445007
vn -0.80265427 -0.31841198 -0.5043411
vn -0.86060435 -0.31354967 -0.4013064
vn -0.89461654 -0.31885314 -0.31303987
vn -0.917131 -0.3138157 -0.24574451
vn -0.9422861 -0.31752935 -0.10617014
vn -0.9937122 0 0.11196448
vn -0.9937122 0 -0.11196448
vn -0.94388336 0 -0.33027905
vn -0.8467242 0 -0.5320321
vn -0.70710677 0 -0.70710677
vn -0.5320321 0 -0.8467242
vn -0.33027905 0 -0.94388336
vn -0.11196448 0 -0.9937122
vn 0.11196448 0 -0.9937122
vn 0.33027905 0 -0.94388336
vn 0.5320321 0 -0.8467242
vn 0.70710677 0 -0.70710677
vn 0.8467242 0 -0.5320321
vn 0.94388336 0 -0.33027905
vn 0.9937122 0 -0.11196448
vn 0.9937122 0 0.11196448
vn 0.94388336 0 0.33027905
vn 0.8467242 0 0.5320321
vn 0.70710677 0 0.70710677
vn 0.5320321 0 0.8467242
vn 0.33027905 0 0.94388336
vn 0.11196448 0 0.9937122
vn -0.11196448 0 0.9937122
vn -0.33027905 0 0.94388336
vn -0.5320321 0 0.8467242
vn -0.70710677 0 0.70710677
vn -0.8467242 0 0.5320321
vn -0.94388336 0 0.33027905
vn -0.9937122 1.028377E-17 -0.11196448
vn -0.9937122 -1.028377E-17 0.11196448
vn -0.9422861 -0.10617014 -0.31752935
vn -0.9454324 -0.08271462 -0.31514415
vn -0.9454324 0.08271462 -0.31514415
vn -0.917131 -0.24574451 -0.3138157
vn -0.89461654 -0.31303987 -0.31885314
vn -0.86060435 -0.4013064 -0.31354967
vn -0.80265427 -0.5043411 -0.31841198
vn -0.7776276 -0.5445007 -0.31434748
vn -0.67082584 -0.67082584 -0.31620455
vn -0.5445007 -0.7776276 -0.31434748
vn -0.5043411 -0.80265427 -0.31841198
vn -0.4013064 -0.86060435 -0.31354967
vn -0.31303987 -0.89461654 -0.31885314
vn -0.24574451 -0.917131 -0.3138157
vn -0.10617014 -0.9422861 -0.31752935
vn -0.08271462 -0.9454324 -0.31514415
vn 0.08271462 -0.9454324 -0.31514415
vn 0.10617014 -0.9422861 -0.31752935
vn 0.24574451 -0.917131 -0.3138157
vn 0.31303987 -0.89461654 -0.31885314
vn 0.4013064 -0.86060435 -0.31354967
vn 0.5043411 -0.80265427 -0.31841198
vn 0.5445007 -0.7776276 -0.31434748
vn 0.67082584 -0.67082584 -0.31620455
vn 0.7776276 -0.5445007 -0.31434748
vn 0.80265427 -0.5043411 -0.31841198
vn 0.86060435 -0.4013064 -0.31354967
vn 0.89461654 -0.31303987 -0.31885314
vn 0.917131 -0.24574451 -0.3138157
vn 0.9422861 -0.10617014 -0.31752935
vn 0.9454324 -0.08271462 -0.31514415
vn 0.9454324 0.08271462 -0.31514415
vn 0.9422861 0.10617014 -0.31752935
vn 0.917131 0.24574451 -0.3138157
vn 0.89461654 0.31303987 -0.31885314
vn 0.86060435 0.4013064 -0.31354967
vn 0.80265427 0.5043411 -0.31841198
vn 0.7776276 0.5445007 -0.31434748
vn 0.67082584 0.67082584 -0.31620455
vn 0.5445007 0.7776276 -0.31434748
vn 0.5043411 0.80265427 -0.31841198
vn 0.4013064 0.86060435 -0.31354967
vn 0.31303987 0.89461654 -0.31885314
vn 0.24574451 0.917131 -0.3138157
vn 0.10617014 0.9422861 -0.31752935
vn 0.08271462 0.9454324 -0.31514415
vn -0.08271462 0.9454324 -0.31514415
vn -0.10617014 0.9422861 -0.31752935
vn -0.24574451 0.917131 -0.3138157
vn -0.31303987 0.89461654 -0.31885314
vn -0.4013064 0.86060435 -0.31354967
vn -0.5043411 0.80265427 -0.31841198
vn -0.5445007 0.7776276 -0.31434748
vn -0.67082584 0.67082584 -0.31620455
vn -0.7776276 0.5445007 -0.31434748
vn -0.80265427 0.5043411 -0.31841198
vn -0.86060435 0.4013064 -0.31354967
vn -0.89461654 0.31303987 -0.31885314
vn -0.917131 0.24574451 -0.3138157
vn -0.9422861 0.10617014 -0.31752935
vn -0.9937122 -0.11196448 0
vn -0.9937122 0.11196448 0
vn -0.94388336 0.33027905 0
vn -0.8467242 0.5320321 0
vn -0.70710677 0.70710677 0
vn -0.5320321 0.8467242 0
vn -0.33027905 0.94388336 0
vn -0.11196448 0.9937122 0
vn 0.11196448 0.9937122 0
vn 0.33027905 0.94388336 0
vn 0.5320321 0.8467242 0
vn 0.70710677 0.70710677 0
vn 0.8467242 0.5320321 0
vn 0.94388336 0.33027905 0
vn 0.9937122 0.11196448 0
vn 0.9937122 -0.11196448 0
vn 0.94388336 -0.33027905 0
vn 0.8467242 -0.5320321 0
vn 0.70710677 -0.70710677 0
vn 0.5320321 -0.8467242 0
vn 0.33027905 -0.94388336 0
vn 0.11196448 -0.9937122 0
vn -0.11196448 -0.9937122 0
vn -0.33027905 -0.94388336 0
vn -0.5320321 -0.8467242 0
vn -0.70710677 -0.70710677 0
vn -0.8467242 -0.5320321 0
vn -0.94388336 -0.33027905 0
vn -0.9937122 0.11196448 1.028377E-17
vn -0.9937122 -0.11196448 -1.028377E-17
vn -0.8421549 0.5308214 -0.09488807
vn -0.8463498 0.52799034 -0.07013054
vn -0.8463498 0.52799034 0.07013054
vn -0.82406753 0.52665395 -0.20868224
vn -0.79926395 0.53193915 -0.27967456
vn -0.77839595 0.5268027 -0.34143612
vn -0.7178816 0.5302617 -0.4510749
vn -0.7107326 0.52843463 -0.46434477
vn -0.62499005 0.5276048 -0.5753439
vn -0.5990632 0.5312688 -0.5990632
vn -0.52216375 0.5265647 -0.670876
vn -0.45055282 0.53182745 -0.7170507
vn -0.40448797 0.52701086 -0.7474283
vn -0.2801606 0.52958924 -0.80065304
vn -0.27555972 0.5289374 -0.80267805
vn -0.13985482 0.52727824 -0.83810395
vn -0.09483313 0.53160405 -0.8416673
vn 0 0.5265349 -0.8501535
vn 0.09483313 0.53160405 -0.8416673
vn 0.13985482 0.52727824 -0.83810395
vn 0.27555972 0.5289374 -0.80267805
vn 0.2801606 0.52958924 -0.80065304
vn 0.40448797 0.52701086 -0.7474283
vn 0.45055282 0.53182745 -0.7170507
vn 0.52216375 0.5265647 -0.670876
vn 0.5990632 0.5312688 -0.5990632
vn 0.62499005 0.5276048 -0.5753439
vn 0.7107326 0.52843463 -0.46434477
vn 0.7178816 0.5302617 -0.4510749
vn 0.77839595 0.5268027 -0.34143612
vn 0.79926395 0.53193915 -0.27967456
vn 0.82406753 0.52665395 -0.20868224
vn 0.8421549 0.5308214 -0.09488807
vn 0.8463498 0.52799034 -0.07013054
vn 0.8463498 0.52799034 0.07013054
vn 0.8421549 0.5308214 0.09488807
vn 0.82406753 0.52665395 0.20868224
vn 0.79926395 0.53193915 0.27967456
vn 0.77839595 0.5268027 0.34143612
vn 0.7178816 0.5302617 0.4510749
vn 0.7107326 0.52843463 0.46434477
vn 0.62499005 0.5276048 0.5753439
vn 0.5990632 0.5312688 0.5990632
vn 0.52216375 0.5265647 0.670876
vn 0.45055282 0.53182745 0.7170507
vn 0.40448797 0.52701086 0.7474283
vn 0.2801606 0.52958924 0.80065304
vn 0.27555972 0.5289374 0.80267805
vn 0.13985482 0.52727824 0.83810395
vn 0.09483313 0.53160405 0.8416673
vn 0 0.5265349 0.8501535
vn -0.09483313 0.53160405 0.8416673
vn -0.13985482 0.52727824 0.83810395
vn -0.27555972 0.5289374 0.80267805
vn -0.2801606 0.52958924 0.80065304
vn -0.40448797 0.52701086 0.7474283
vn -0.45055282 0.53182745 0.7170507
vn -0.52216375 0.5265647 0.670876
vn -0.5990632 0.5312688 0.5990632
vn -0.62499005 0.5276048 0.5753439
vn -0.7107326 0.52843463 0.46434477
vn -0.7178816 0.5302617 0.4510749
vn -0.77839595 0.5268027 0.34143612
vn -0.79926395 0.53193915 0.27967456
vn -0.82406753 0.52665395 0.20868224
vn -0.8421549 0.5308214 0.09488807
vn -0.7259594 -0.3594451 -0.58632934
vn -0.7226027 -0.42983875 -0.5413723
vn -0.76562613 -0.4263042 -0.48174828
vn -0.7621453 -0.43722516 -0.47746068
vn -0.7609033 -0.48288393 -0.43341583
vn -0.7490747 -0.49382716 -0.44161275
vn -0.71372414 -0.55090404 -0.43255362
vn -0.74083966 -0.5618633 -0.36805737
vn -0.7216261 -0.59589213 -0.35237533
vn -0.72132295 -0.59673023 -0.35157683
vn -0.6714608 -0.64778596 -0.35988015
vn -0.6435288 -0.6852886 -0.34095478
vn -0.623283 -0.69604445 -0.3564273
vn -0.5669617 -0.7371929 -0.3675609
vn -0.5197452 -0.7409856 -0.4252121
vn -0.5384533 -0.7582014 -0.36769372
vn -0.5480003 -0.7542577 -0.36165044
vn -0.56938833 -0.7836958 -0.24822941
vn -0.58316845 -0.8026625 -0.1250898
vn -0.58778524 -0.809017 0
vn -0.58316845 -0.8026625 0.1250898
vn -0.56938833 -0.7836958 0.24822941
vn -0.54665494 -0.752406 0.36749634
vn -0.51531595 -0.70927155 0.48102316
vn -0.47585246 -0.65495473 0.58702534
vn -0.42887336 -0.5902936 0.6838283
vn -0.37510768 -0.51629144 0.76989436
vn -0.34586057 -0.47603625 0.80856043
vn -0.33467215 -0.4299868 0.8385141
vn -0.47142017 -0.7499787 -0.46399888
vn -0.34750545 -0.81294686 -0.46728727
vn -0.42255825 -0.7686306 -0.48026192
vn -0.4212147 -0.7688708 -0.48105708
vn -0.3227377 -0.8151424 -0.48102316
vn -0.21802838 -0.8491645 -0.48102316
vn -0.10988063 -0.8697948 -0.48102316
vn 0 -0.87670785 -0.48102316
vn 0.10988063 -0.8697948 -0.48102316
vn 0.21802838 -0.8491645 -0.48102316
vn 0.3227377 -0.8151424 -0.48102316
vn 0.42235723 -0.76826495 -0.48102316
vn 0.51531595 -0.70927155 -0.48102316
vn 0.60014784 -0.63909256 -0.48102316
vn 0.67551506 -0.5588346 -0.48102316
vn 0.74022895 -0.46976358 -0.48102316
vn 0.78176314 -0.39618298 -0.48154485
vn 0.783059 -0.36847958 -0.50104034
vn 0.8098965 -0.32082492 -0.49105906
vn 0.7960907 -0.25866556 -0.54711217
vn 0.87230057 -0.19641702 -0.4477857
vn 0.7846533 -0.19706327 -0.58777994
vn 0.78965646 -0.15063503 -0.5947703
vn 0.716719 -0.13672146 -0.6838283
vn 0.62686753 -0.11958138 -0.76989436
vn 0.5270771 -0.10054533 -0.8438486
vn 0.41891423 -0.07991216 -0.9045026
vn 0.30408615 -0.058007535 -0.95087683
vn 0.18441339 -0.035178736 -0.982219
vn 0.061799794 -0.011788941 -0.9980189
vn -0.3900789 -0.7306405 -0.56035966
vn -0.3578318 -0.7256313 -0.58772075
vn -0.29802206 -0.7527178 -0.58702534
vn -0.20133151 -0.78413445 -0.58702534
vn -0.10146584 -0.80318487 -0.58702534
vn 0 -0.8095686 -0.58702534
vn 0.10146584 -0.80318487 -0.58702534
vn 0.20133151 -0.78413445 -0.58702534
vn 0.29802206 -0.7527178 -0.58702534
vn 0.39001262 -0.70943034 -0.58702534
vn 0.47585246 -0.65495473 -0.58702534
vn 0.55418783 -0.59015006 -0.58702534
vn 0.6237833 -0.5160384 -0.58702534
vn 0.68354136 -0.43378854 -0.58702534
vn 0.7325195 -0.34469754 -0.58702534
vn 0.76994544 -0.25017044 -0.58702534
vn -0.37163416 -0.6969926 -0.6132613
vn -0.3576535 -0.65634394 -0.6643016
vn -0.3391993 -0.6456158 -0.68419594
vn -0.34601837 -0.6294051 -0.6957877
vn -0.30744138 -0.5592338 -0.76989436
vn -0.37510768 -0.51629144 -0.76989436
vn -0.31539464 -0.4341035 -0.8438486
vn -0.36731523 -0.391151 -0.8438486
vn -0.29193753 -0.3108819 -0.9045026
vn -0.32859936 -0.27184102 -0.9045026
vn -0.23852737 -0.197327 -0.95087683
vn -0.25998887 -0.16781063 -0.9509182
vn -0.26024684 -0.16703422 -0.9509843
vn -0.26966205 -0.15095833 -0.95104885
vn -0.27003056 -0.15025735 -0.95105535
vn -0.28010684 -0.13180827 -0.95087683
vn -0.1698711 -0.079935275 -0.982219
vn -0.17855017 -0.058014467 -0.982219
vn -0.05983494 -0.01944155 -0.9980189
vn -0.3820947 -0.6042629 -0.6991924
vn -0.40228802 -0.553702 -0.72909427
vn -0.4249512 -0.47547644 -0.7702848
vn -0.4335285 -0.46166095 -0.7739006
vn -0.45273602 -0.44890705 -0.77039766
vn -0.49171945 -0.4067857 -0.76989436
vn -0.53323793 -0.35001472 -0.7701604
vn -0.5864044 -0.38491285 -0.7127216
vn -0.63173777 -0.35745752 -0.6878456
vn -0.4060289 -0.55381733 -0.7269298
vn -0.4605512 -0.5165357 -0.7218611
vn -0.54312354 -0.5345387 -0.6475224
vn -0.46251002 -0.38262156 -0.79980326
vn -0.53113973 -0.4277489 -0.73138326
vn -0.57971686 -0.40292513 -0.7082229
vn -0.6514263 -0.43133816 -0.62417233
vn -0.6532414 -0.374531 -0.658029
vn -0.6395698 -0.3497812 -0.68454623
vn -0.6602007 -0.31066686 -0.6838283
vn -0.57743466 -0.27172014 -0.76989436
vn -0.606937 -0.19720578 -0.76989436
vn -0.51031923 -0.16581278 -0.8438486
vn -0.5270771 -0.10054533 -0.8438486
vn -0.41891423 -0.07991216 -0.9045026
vn -0.4256266 -0.026778156 -0.9045026
vn -0.30895862 -0.019438028 -0.95087683
vn -0.30895862 0.019438028 -0.95087683
vn -0.18736829 0.011788214 -0.982219
vn -0.18441339 0.035178736 -0.982219
vn -0.061799794 0.011788941 -0.9980189
vn 0.40518132 0.7423404 0.533628
vn 0.36353177 0.7228776 0.5876161
vn 0.36254516 0.7242945 0.5864797
vn 0.3696626 0.67569464 0.637798
vn 0.3398919 0.6453169 0.6841342
vn 0.34787008 0.63301104 0.6915804
vn 0.30737326 0.5593199 0.769859
vn 0.30742818 0.5592417 0.76989394
vn 0.27390018 0.498251 0.82263273
vn 0.34586057 0.47603625 0.80856043
vn 0.33467215 0.4299868 0.8385141
vn 0.41287884 0.4396713 0.7976341
vn 0.39764524 0.36605823 0.84135586
vn 0.46090004 0.38128966 0.80136716
vn 0.46366093 0.3029248 0.8326194
vn 0.48482397 0.30767867 0.81870604
vn 0.52855575 0.24871945 0.8116449
vn 0.57743466 0.27172014 0.76989436
vn 0.606937 0.19720578 0.76989436
vn 0.6939317 0.22547208 0.6838283
vn 0.716719 0.13672146 0.6838283
vn 0.78965646 0.15063503 0.5947703
vn 0.7896695 0.15061331 0.5947585
vn 0.7959402 0.050076317 0.6033005
vn 0.7960006 0.049984936 0.60322845
vn 0.7960006 -0.049984936 0.60322845
vn 0.7959402 -0.050076317 0.6033005
vn 0.7896695 -0.15061331 0.5947585
vn 0.78965646 -0.15063503 0.5947703
vn 0.7846533 -0.19706327 0.58777994
vn 0.76994544 -0.25017044 0.58702534
vn 0.7960907 -0.25866556 0.54711217
vn 0.8098965 -0.32082492 0.49105906
vn 0.783059 -0.36847958 0.50104034
vn 0.78176314 -0.39618298 0.48154485
vn 0.7433779 -0.46460757 0.48117465
vn 0.7859175 -0.49119458 0.37558162
vn 0.7823264 -0.5019991 0.36873072
vn 0.80978996 -0.51600474 0.2792478
vn 0.78745365 -0.56190723 0.25333178
vn 0.7846377 -0.5678884 0.2486895
vn 0.74639714 -0.6174734 0.24822941
vn 0.76446116 -0.6324173 0.1250898
vn 0.67917025 -0.7232429 0.1250898
vn 0.6845471 -0.7289686 0
vn 0.58778524 -0.809017 0
vn 0.58316845 -0.8026625 -0.1250898
vn 0.4779697 -0.8694237 -0.1250898
vn 0.4666754 -0.8488794 -0.24822941
vn 0.35660273 -0.90067565 -0.24822941
vn 0.34236503 -0.86471534 -0.36749634
vn 0.2312878 -0.90080655 -0.36749634
vn 0.42893395 0.7706731 0.4712522
vn 0.42457527 0.7733288 0.47084868
vn 0.4110543 0.77424026 0.48123428
vn 0.3682137 0.7951916 0.48175615
vn 0.3133993 0.7925461 0.5231172
vn 0.26797995 0.826426 0.49518356
vn 0.20164755 0.7837882 0.5873792
vn 0.49887806 0.7410967 0.44932887
vn 0.5064729 0.74315006 0.4372793
vn 0.5233543 0.7679202 0.36932215
vn 0.562717 0.74070674 0.36701918
vn 0.5692127 0.73728085 0.36388722
vn 0.5959859 0.7147985 0.36587414
vn 0.64311296 0.68484575 0.3426251
vn 0.6498403 0.67446 0.35044447
vn 0.6944205 0.62284505 0.36033893
vn 0.5514542 0.7119252 0.4348112
vn 0.72247016 0.59767926 0.34758648
vn 0.7363023 0.56716067 0.3690361
vn 0.7331625 0.571921 0.36793894
vn 0.7187556 0.53024644 0.44969895
vn 0.7549047 0.49433252 0.43099213
vn 0.7528617 0.4691664 0.4616083
vn 0.76510787 0.43495783 0.47478586
vn 0.76728654 0.4233027 0.48175326
vn 0.78176314 0.39618298 0.48154485
vn 0.783059 0.36847958 0.50104034
vn 0.8098965 0.32082492 0.49105906
vn 0.7960907 0.25866556 0.54711217
vn 0.87230057 0.19641702 0.4477857
vn 0.7846533 0.19706327 0.58777994
vn 0.75259286 0.43007952 0.4986337
vn 0.72080255 0.4546837 0.52316964
vn 0.7216003 0.40351322 0.56255674
vn 0.6883519 0.39004827 0.6115832
vn 0.73427826 0.34114677 0.58690226
vn 0.71788037 0.41024262 0.56244886
vn 0.6492524 0.384355 0.6563098
vn 0.64163053 0.34600845 0.6845352
vn 0.6602007 0.31066686 0.6838283
vn 0.6046928 0.37324145 0.70358896
vn 0.5894778 0.37409398 0.71593964
vn 0.53882587 0.34194928 0.76989436
vn 0.49171945 0.4067857 0.76989436
vn 0.5576339 0.42492986 0.7130772
vn 0.49479318 0.40932852 0.7665702
vn 0.4592204 0.44211227 0.77048904
vn 0.43580198 0.46408197 0.7711709
vn 0.4344147 0.46733147 0.7699904
vn 0.37510768 0.51629144 0.76989436
vn 0.5421295 0.50729513 0.669886
vn 0.4059266 0.43610802 0.80313975
vn 0.4559563 0.54126716 0.706494
vn 0.39576295 0.54472095 0.73935837
vn 0.3984637 0.57943237 0.7109746
vn 0.34758982 0.6331636 0.69158167
vn 0.8151604 0.39230537 0.42615724
vn 0.8008195 0.45525962 0.3891359
vn 0.7993627 0.47415408 0.36904892
vn 0.77877 0.5087133 0.36705312
vn 0.77796894 0.50943565 0.36774936
vn 0.8043371 0.52255976 0.28279522
vn 0.7846377 0.5678884 0.2486895
vn 0.74639714 0.6174734 0.24822941
vn 0.66312164 0.70615286 0.24822941
vn 0.5919301 0.7667059 0.2485575
vn 0.58944714 0.7691797 0.24680898
vn 0.55402344 0.7943122 0.24925126
vn 0.54385924 0.8045538 0.2385588
vn 0.5601521 0.81615454 0.14184979
vn 0.6104945 0.78115636 0.13073339
vn 0.6028 0.7924776 0.09279799
vn 0.60515857 0.79557836 0.0289508
vn 0.46265197 0.8857107 0.038336433
vn 0.82177526 0.53893775 0.18501757
vn 0.7830012 0.60927624 0.1252663
vn 0.76446116 0.6324173 0.1250898
vn 0.67917025 0.7232429 0.1250898
vn 0.60347456 0.7874843 0.12524752
vn 0.8266326 0.5550669 0.09262428
vn 0.79468817 0.6070179 0
vn 0.8266326 0.5550669 -0.09262428
vn 0.7830012 0.60927624 -0.1252663
vn 0.82177526 0.53893775 -0.18501757
vn 0.7846377 0.5678884 -0.2486895
vn 0.8043371 0.52255976 -0.28279522
vn 0.77853477 0.508583 -0.36773217
vn 0.78220165 0.49640027 -0.37649354
vn 0.74022895 0.46976358 -0.48102316
vn 0.78176314 0.39618298 -0.48154485
vn 0.783059 0.36847958 -0.50104034
vn 0.8098965 0.32082492 -0.49105906
vn 0.7960907 0.25866556 -0.54711217
vn 0.87230057 0.19641702 -0.4477857
vn 0.7846533 0.19706327 -0.58777994
vn 0.78965646 0.15063503 -0.5947703
vn 0.716719 0.13672146 -0.6838283
vn 0.7282032 0.04581466 -0.6838283
vn 0.63691205 0.040071107 -0.76989436
vn 0.63691205 -0.040071107 -0.76989436
vn 0.5355226 -0.033692226 -0.8438486
vn 0.7937711 0.47996837 -0.37357438
vn 0.8151604 0.39230537 -0.42615724
vn 0.7896695 0.15061331 -0.5947585
vn 0.7959402 0.050076317 -0.6033005
vn 0.7282032 -0.04581466 -0.6838283
vn 0.7960006 0.049984936 -0.60322845
vn 0.7959968 -0.050079875 -0.6032256
vn 0.79594207 -0.049991287 -0.6033051
vn 0.7896695 -0.15061331 -0.5947585
vn 0.8151604 -0.39230537 -0.42615724
vn 0.7937711 -0.47996837 -0.37357438
vn 0.78220165 -0.49640027 -0.37649354
vn 0.77853477 -0.508583 -0.36773217
vn 0.71659654 -0.5928202 -0.36749634
vn 0.6366459 -0.677959 -0.36749634
vn 0.54665494 -0.752406 -0.36749634
vn 0.44804296 -0.8149871 -0.36749634
vn 0.8043371 -0.52255976 -0.28279522
vn 0.7846377 -0.5678884 -0.2486895
vn 0.74639714 -0.6174734 -0.24822941
vn 0.66312164 -0.70615286 -0.24822941
vn 0.56938833 -0.7836958 -0.24822941
vn 0.82177526 -0.53893775 -0.18501757
vn 0.7830012 -0.60927624 -0.1252663
vn 0.76446116 -0.6324173 -0.1250898
vn 0.67917025 -0.7232429 -0.1250898
vn 0.8266326 -0.5550669 -0.09262428
vn 0.79468817 -0.6070179 0
vn 0.81470156 -0.5773052 0.05459048
vn 0.811454 -0.575004 0.104464635
vn 0.9322917 -0.35677415 0.059535075
vn 0.8362074 -0.5186989 0.17806953
vn 0.8047925 -0.57227933 0.15749702
vn 0.7830012 -0.60927624 0.1252663
vn 0.77051324 -0.637424 0
vn 0.7937711 -0.47996837 0.37357438
vn 0.8151604 -0.39230537 0.42615724
vn 0.87230057 -0.19641702 0.4477857
vn -0.54845226 0.04544605 0.834946
vn -0.57826805 0.036381543 0.8150352
vn -0.57826805 -0.036381543 0.8150352
vn -0.63691205 -0.040071107 0.76989436
vn -0.7282032 -0.04581466 0.6838283
vn -0.80797106 -0.05083323 0.58702534
vn -0.8749779 -0.055048943 0.48102316
vn -0.92818975 -0.058396753 0.36749634
vn -0.9667898 -0.060825255 0.24822941
vn -0.99018764 -0.062297326 0.1250898
vn -0.9980267 -0.06279052 0
vn -0.99018764 -0.062297326 -0.1250898
vn -0.9667898 -0.060825255 -0.24822941
vn -0.92818975 -0.058396753 -0.36749634
vn -0.8749779 -0.055048943 -0.48102316
vn -0.80797106 -0.05083323 -0.58702534
vn -0.7282032 -0.04581466 -0.6838283
vn -0.63691205 -0.040071107 -0.76989436
vn -0.5355226 -0.033692226 -0.8438486
vn -0.5897395 0.11249883 0.7997195
vn -0.5234726 0.13256127 0.84166735
vn -0.5725667 0.1860382 0.79847175
vn -0.50124633 0.21986704 0.83690536
vn -0.52855575 0.24871945 0.8116449
vn -0.48482397 0.30767867 0.81870604
vn -0.53882587 0.34194928 0.76989436
vn -0.49171945 0.4067857 0.76989436
vn -0.5621996 0.4650919 0.6838283
vn -0.49947497 0.5318868 0.6838283
vn -0.55418783 0.59015006 0.58702534
vn -0.47585246 0.65495473 0.58702534
vn -0.51531595 0.70927155 0.48102316
vn -0.42203137 0.76845026 0.48101318
vn -0.42195207 0.7685508 0.4809221
vn -0.3682137 0.7951916 0.48175615
vn -0.32819736 0.84527075 0.42166796
vn -0.46366093 0.3029248 0.8326194
vn -0.46090004 0.38128966 0.80136716
vn -0.43685833 0.46520686 0.76989436
vn -0.42887336 0.5902936 0.6838283
vn -0.3898072 0.7095491 0.58701825
vn -0.38973674 0.709647 0.58694667
vn -0.29777986 0.75275046 0.58710635
vn -0.29769745 0.7528382 0.58703566
vn -0.20190689 0.7839732 0.5870431
vn -0.26797995 0.826426 0.49518356
vn -0.39764524 0.36605823 0.84135586
vn -0.41287884 0.4396713 0.7976341
vn -0.37510768 0.51629144 0.76989436
vn -0.35140842 0.6394497 0.68382466
vn -0.35134602 0.6395399 0.6837724
vn -0.26847172 0.6783964 0.6838869
vn -0.26839837 0.6784777 0.68383497
vn -0.18145482 0.7067199 0.6838283
vn -0.20130926 0.7840478 0.5871487
vn -0.20161091 0.78387755 0.5872725
vn -0.10025413 0.79359317 0.60013247
vn -0.10013047 0.7936719 0.600049
vn 0 0.79674166 0.60432005
vn 0.10013047 0.7936719 0.600049
vn 0.10025413 0.79359317 0.60013247
vn 0.20127736 0.78392357 0.5873256
vn 0.18145482 0.7067199 0.6838283
vn 0.15870675 0.618122 0.76989436
vn 0.15013343 0.5847311 0.79721355
vn 0.17580989 0.51211673 0.84073025
vn -0.33467215 0.4299868 0.8385141
vn -0.34586057 0.47603625 0.80856043
vn -0.30742818 0.5592417 0.76989394
vn -0.30737326 0.5593199 0.769859
vn -0.23489541 0.59331983 0.7699323
vn -0.23483106 0.5933904 0.7698975
vn -0.15870675 0.618122 0.76989436
vn -0.09144851 0.7238895 0.6838283
vn -0.27390018 0.498251 0.82263273
vn -0.2655478 0.49068937 0.8298845
vn -0.21917085 0.5536013 0.80342376
vn -0.17580989 0.51211673 0.84073025
vn -0.15013343 0.5847311 0.79721355
vn -0.0893614 0.5355135 0.8397856
vn -0.0742199 0.58751094 0.8058054
vn 0 0.56252366 0.82678115
vn 0.0742199 0.58751094 0.8058054
vn 0.07998408 0.63313913 0.76989436
vn 0.0893614 0.5355135 0.8397856
vn 0.21917085 0.5536013 0.80342376
vn 0.2655478 0.49068937 0.8298845
vn 0.50124633 0.21986704 0.83690536
vn 0.5725667 0.1860382 0.79847175
vn 0.62686753 0.11958138 0.76989436
vn 0.7282032 0.04581466 0.6838283
vn 0.5234726 0.13256127 0.84166735
vn 0.5897395 0.11249883 0.7997195
vn 0.63691205 0.040071107 0.76989436
vn 0.7282032 -0.04581466 0.6838283
vn 0.54845226 0.04544605 0.834946
vn 0.57826805 0.036381543 0.8150352
vn 0.63691205 -0.040071107 0.76989436
vn 0.716719 -0.13672146 0.6838283
vn 0.57826805 -0.036381543 0.8150352
vn 0.54845226 -0.04544605 0.834946
vn 0.5897395 -0.11249883 0.7997195
vn 0.5234726 -0.13256127 0.84166735
vn 0.5725667 -0.1860382 0.79847175
vn 0.50124633 -0.21986704 0.83690536
vn 0.52855575 -0.24871945 0.8116449
vn 0.48492825 -0.3075441 0.81869483
vn 0.5384667 -0.3414985 0.7703456
vn 0.5164166 -0.3736669 0.7705108
vn 0.5905804 -0.42733008 0.6845464
vn 0.5621996 -0.4650919 0.6838283
vn 0.6237833 -0.5160384 0.58702534
vn 0.55418783 -0.59015006 0.58702534
vn 0.60014784 -0.63909256 0.48102316
vn 0.51531595 -0.70927155 0.48102316
vn 0.54665494 -0.752406 0.36749634
vn 0.44804296 -0.8149871 0.36749634
vn 0.4666754 -0.8488794 0.24822941
vn 0.35660273 -0.90067565 0.24822941
vn 0.3652331 -0.9224735 0.1250898
vn 0.24673653 -0.96097535 0.1250898
vn 0.24868989 -0.96858317 0
vn 0.12533323 -0.9921147 0
vn 0.1243488 -0.9843221 -0.1250898
vn 0 -0.9921454 -0.1250898
vn 0 -0.96870124 -0.24822941
vn -0.12141046 -0.9610628 -0.24822941
vn -0.11656304 -0.92269146 -0.36749634
vn -0.2312878 -0.90080655 -0.36749634
vn 0.4633801 -0.30274135 0.83284247
vn 0.4629039 -0.33611068 0.82021314
vn 0.5157974 -0.37451622 0.77051324
vn 0.49171945 -0.4067857 0.76989436
vn 0.49947497 -0.5318868 0.6838283
vn 0.47585246 -0.65495473 0.58702534
vn 0.42235723 -0.76826495 0.48102316
vn 0.34236503 -0.86471534 0.36749634
vn 0.24090621 -0.93826777 0.24822941
vn 0.1243488 -0.9843221 0.1250898
vn -0.1243488 -0.9843221 -0.1250898
vn -0.24090621 -0.93826777 -0.24822941
vn -0.34236503 -0.86471534 -0.36749634
vn 0.46090004 -0.38128966 0.80136716
vn 0.39764524 -0.36605823 0.84135586
vn 0.41287884 -0.4396713 0.7976341
vn 0.33467215 -0.4299868 0.8385141
vn 0.34586057 -0.47603625 0.80856043
vn 0.27391368 -0.49824715 0.8226306
vn 0.30744138 -0.5592338 0.76989436
vn 0.23492654 -0.59335667 0.76989436
vn 0.26859948 -0.67840487 0.6838283
vn 0.18145482 -0.7067199 0.6838283
vn 0.20133151 -0.78413445 0.58702534
vn 0.10146584 -0.80318487 0.58702534
vn 0.10988063 -0.8697948 0.48102316
vn 0 -0.87670785 0.48102316
vn 0 -0.930025 0.36749634
vn -0.11656304 -0.92269146 0.36749634
vn -0.12141046 -0.9610628 0.24822941
vn -0.24090621 -0.93826777 0.24822941
vn -0.24673653 -0.96097535 0.1250898
vn -0.3652331 -0.9224735 0.1250898
vn -0.36812454 -0.9297765 0
vn -0.48175368 -0.87630665 0
vn -0.4779697 -0.8694237 -0.1250898
vn 0.2655328 -0.4906616 0.82990575
vn 0.21919535 -0.5536243 0.80340123
vn 0.15870675 -0.618122 0.76989436
vn 0.09144851 -0.7238895 0.6838283
vn 0 -0.8095686 0.58702534
vn -0.10988063 -0.8697948 0.48102316
vn -0.2312878 -0.90080655 0.36749634
vn -0.35660273 -0.90067565 0.24822941
vn -0.4779697 -0.8694237 0.1250898
vn 0.17580989 -0.51211673 0.84073025
vn 0.15013343 -0.5847311 0.79721355
vn 0.07998408 -0.63313913 0.76989436
vn 0 -0.729643 0.6838283
vn -0.10146584 -0.80318487 0.58702534
vn -0.21802838 -0.8491645 0.48102316
vn -0.34236503 -0.86471534 0.36749634
vn -0.4666754 -0.8488794 0.24822941
vn 0.0893614 -0.5355135 0.8397856
vn 0.0742199 -0.58751094 0.8058054
vn 0 -0.6381713 0.76989436
vn -0.09144851 -0.7238895 0.6838283
vn -0.20133151 -0.78413445 0.58702534
vn -0.3227377 -0.8151424 0.48102316
vn -0.44804296 -0.8149871 0.36749634
vn 0 -0.56252366 0.82678115
vn -0.07998408 -0.63313913 0.76989436
vn -0.18145482 -0.7067199 0.6838283
vn -0.29802206 -0.7527178 0.58702534
vn -0.42235723 -0.76826495 0.48102316
vn -0.0742199 -0.58751094 0.8058054
vn -0.0893614 -0.5355135 0.8397856
vn -0.15013343 -0.5847311 0.79721355
vn -0.17580989 -0.51211673 0.84073025
vn -0.21919535 -0.5536243 0.80340123
vn -0.2655328 -0.4906616 0.82990575
vn -0.27391368 -0.49824715 0.8226306
vn -0.41287884 -0.4396713 0.7976341
vn -0.39764524 -0.36605823 0.84135586
vn -0.46090004 -0.38128966 0.80136716
vn -0.46366093 -0.3029248 0.8326194
vn -0.48482397 -0.30767867 0.81870604
vn -0.52855575 -0.24871945 0.8116449
vn -0.57743466 -0.27172014 0.76989436
vn -0.606937 -0.19720578 0.76989436
vn -0.6939317 -0.22547208 0.6838283
vn -0.716719 -0.13672146 0.6838283
vn -0.7952289 -0.15169802 0.58702534
vn -0.50124633 -0.21986704 0.83690536
vn -0.5725667 -0.1860382 0.79847175
vn -0.62686753 -0.11958138 0.76989436
vn -0.5234726 -0.13256127 0.84166735
vn -0.5897395 -0.11249883 0.7997195
vn -0.54845226 -0.04544605 0.834946
vn -0.59277153 0.80387145 -0.049118448
vn -0.6222566 0.7828134 0
vn -0.59277153 0.80387145 0.049118448
vn -0.60944676 0.7828664 0.12527893
vn -0.5877354 0.7952454 0.14883482
vn -0.573863 0.7803996 0.24830966
vn -0.5686919 0.78273726 0.2528081
vn -0.54665494 0.752406 0.36749634
vn -0.60944676 0.7828664 -0.12527893
vn -0.5877354 0.7952454 -0.14883482
vn -0.57331634 0.779786 -0.25147986
vn -0.46893093 0.8283976 -0.30636784
vn -0.56758463 0.7812132 -0.2599107
vn -0.57215583 0.78166157 -0.24827991
vn -0.66312164 0.70615286 -0.24822941
vn -0.67917025 0.7232429 -0.1250898
vn -0.76446116 0.6324173 -0.1250898
vn -0.77051324 0.637424 0
vn -0.8443279 0.5358268 0
vn -0.8376961 0.5316181 0.1250898
vn -0.89772004 0.422435 0.1250898
vn -0.8765071 0.41245294 0.24822941
vn -0.9212897 0.29934517 0.24822941
vn -0.8845063 0.2873935 0.36749634
vn -0.9135517 0.1742693 0.36749634
vn -0.861179 0.16427867 0.48102316
vn -0.8749779 0.055048943 0.48102316
vn -0.80797106 0.05083323 0.58702534
vn -0.45722902 0.7834394 -0.420909
vn -0.43968797 0.80086344 -0.40656152
vn -0.4972069 0.7856652 -0.3681243
vn -0.54665494 0.752406 -0.36749634
vn -0.3281511 0.8453183 -0.42160857
vn -0.36821067 0.79519534 -0.48175228
vn -0.42193645 0.7685302 -0.48096874
vn -0.42197356 0.76848316 -0.48101142
vn -0.51531595 0.70927155 -0.48102316
vn -0.60014784 0.63909256 -0.48102316
vn -0.67551506 0.5588346 -0.48102316
vn -0.74022895 0.46976358 -0.48102316
vn -0.793269 0.37328407 -0.48102316
vn -0.83379877 0.27091762 -0.48102316
vn -0.861179 0.16427867 -0.48102316
vn -0.8749779 0.055048943 -0.48102316
vn -0.31334636 0.792588 -0.52308536
vn -0.26797995 0.826426 -0.49518356
vn -0.20164755 0.7837882 -0.5873792
vn -0.10013047 0.7936719 -0.600049
vn -0.10025413 0.79359317 -0.60013247
vn -0.20164582 0.7838727 -0.587267
vn -0.20133151 0.78413445 -0.58702534
vn -0.29763988 0.75285953 -0.58703744
vn -0.29767844 0.7528185 -0.5870705
vn -0.3896709 0.7096547 -0.58698106
vn -0.38970384 0.70960885 -0.5870146
vn -0.47585246 0.65495473 -0.58702534
vn -0.55418783 0.59015006 -0.58702534
vn -0.6237833 0.5160384 -0.58702534
vn -0.68354136 0.43378854 -0.58702534
vn -0.7325195 0.34469754 -0.58702534
vn -0.76994544 0.25017044 -0.58702534
vn -0.7952289 0.15169802 -0.58702534
vn -0.80797106 0.05083323 -0.58702534
vn 0 0.79674166 -0.60432005
vn 0.10013047 0.7936719 -0.600049
vn 0.10025413 0.79359317 -0.60013247
vn 0.20161091 0.78387755 -0.5872725
vn 0.20130926 0.7840478 -0.5871487
vn 0.20190689 0.7839732 -0.5870431
vn 0.29763988 0.75285953 -0.58703744
vn 0.31334636 0.792588 -0.52308536
vn 0.36821067 0.79519534 -0.48175228
vn 0.3281511 0.8453183 -0.42160857
vn 0.45722902 0.7834394 -0.420909
vn 0.26797995 0.826426 -0.49518356
vn 0.46893093 0.8283976 -0.30636784
vn 0.4972069 0.7856652 -0.3681243
vn 0.43968797 0.80086344 -0.40656152
vn 0.42193645 0.7685302 -0.48096874
vn 0.57905895 0.7747099 -0.2539988
vn 0.5686919 0.78273726 -0.2528081
vn 0.54665494 0.752406 -0.36749634
vn 0.6366459 0.677959 -0.36749634
vn 0.60014784 0.63909256 -0.48102316
vn 0.67551506 0.5588346 -0.48102316
vn 0.6237833 0.5160384 -0.58702534
vn 0.68354136 0.43378854 -0.58702534
vn 0.61605793 0.39096224 -0.6838283
vn 0.6602007 0.31066686 -0.6838283
vn 0.57743466 0.27172014 -0.76989436
vn 0.606937 0.19720578 -0.76989436
vn 0.51031923 0.16581278 -0.8438486
vn 0.5270771 0.10054533 -0.8438486
vn 0.41891423 0.07991216 -0.9045026
vn 0.4256266 0.026778156 -0.9045026
vn 0.30895862 0.019438028 -0.95087683
vn 0.30895862 -0.019438028 -0.95087683
vn 0.18736829 -0.011788214 -0.982219
vn 0.573863 0.7803996 -0.24830966
vn 0.5877354 0.7952454 -0.14883482
vn 0.60944676 0.7828664 -0.12527893
vn 0.59277153 0.80387145 -0.049118448
vn 0.6222566 0.7828134 0
vn 0.53871554 0.7965869 0.2742898
vn 0.46893093 0.8283976 0.30636784
vn 0.4972069 0.7856652 0.3681243
vn 0.43969193 0.80086255 0.406559
vn 0.45715085 0.7835237 0.42083701
vn 0.32819736 0.84527075 0.42166796
vn -0.45715085 0.7835237 0.42083701
vn -0.43969193 0.80086255 0.406559
vn -0.4972069 0.7856652 0.3681243
vn -0.46893093 0.8283976 0.30636784
vn -0.57905895 0.7747099 0.2539988
vn -0.06279003 -0.003950414 -0.9980189
vn -0.061799794 -0.011788941 -0.9980189
vn -0.056926448 -0.026787553 -0.9980189
vn -0.048476204 -0.040103007 -0.9980189
vn -0.043067716 -0.045862462 -0.9980189
vn -0.036980025 -0.050898638 -0.9980189
vn -0.030309135 -0.055132113 -0.9980189
vn -0.023160253 -0.05849612 -0.9980189
vn -0.015646119 -0.060937613 -0.9980189
vn -0.007885237 -0.06241808 -0.9980189
vn 0 -0.06291418 -0.9980189
vn 0.007885237 -0.06241808 -0.9980189
vn 0.015646119 -0.060937613 -0.9980189
vn 0.023160253 -0.05849612 -0.9980189
vn 0.036980025 -0.050898638 -0.9980189
vn 0.043067716 -0.045862462 -0.9980189
vn 0.048476204 -0.040103007 -0.9980189
vn 0.053120196 -0.0337111 -0.9980189
vn 0.056926448 -0.026787553 -0.9980189
vn 0.05983494 -0.01944155 -0.9980189
vn 0.06279003 -0.003950414 -0.9980189
vn 0.06279003 0.003950414 -0.9980189
vn 0.061799794 0.011788941 -0.9980189
vn 0.05983494 0.01944155 -0.9980189
vn 0.056926448 0.026787553 -0.9980189
vn 0.053120196 0.0337111 -0.9980189
vn 0.048476204 0.040103007 -0.9980189
vn 0.043067716 0.045862462 -0.9980189
vn 0.036980025 0.050898638 -0.9980189
vn 0.015646119 0.060937613 -0.9980189
vn 0.007885237 0.06241808 -0.9980189
vn 0 0.06291418 -0.9980189
vn -0.007885237 0.06241808 -0.9980189
vn -0.015646119 0.060937613 -0.9980189
vn -0.02315648 0.058497347 -0.998019
vn -0.030305786 0.055134237 -0.9980189
vn -0.036980025 0.050898638 -0.9980189
vn -0.043067716 0.045862462 -0.9980189
vn -0.048476204 0.040103007 -0.9980189
vn -0.053120196 0.0337111 -0.9980189
vn -0.056926448 0.026787553 -0.9980189
vn -0.05983494 0.01944155 -0.9980189
vn -0.06279003 0.003950414 -0.9980189
vn -0.63691205 0.040071107 0.76989436
vn -0.62686753 0.11958138 0.76989436
vn -0.606937 0.19720578 0.76989436
vn -0.57743466 0.27172014 0.76989436
vn -0.7282032 0.04581466 0.6838283
vn -0.716719 0.13672146 0.6838283
vn -0.6939317 0.22547208 0.6838283
vn -0.6602007 0.31066686 0.6838283
vn -0.61605793 0.39096224 0.6838283
vn -0.92818975 0.058396753 0.36749634
vn -0.9667898 0.060825255 0.24822941
vn -0.99018764 0.062297326 0.1250898
vn -0.9980267 0.06279052 0
vn -0.99018764 0.062297326 -0.1250898
vn -0.9667898 0.060825255 -0.24822941
vn -0.92818975 0.058396753 -0.36749634
vn -0.7282032 0.04581466 -0.6838283
vn -0.716719 0.13672146 -0.6838283
vn -0.6939317 0.22547208 -0.6838283
vn -0.6602007 0.31066686 -0.6838283
vn -0.61605793 0.39096224 -0.6838283
vn -0.5621996 0.4650919 -0.6838283
vn -0.49947497 0.5318868 -0.6838283
vn -0.42887336 0.5902936 -0.6838283
vn -0.35127068 0.6395308 -0.68381965
vn -0.3512415 0.63957304 -0.6837951
vn -0.26833153 0.67847633 -0.68386257
vn -0.2682972 0.67851436 -0.68383837
vn -0.18145482 0.7067199 -0.6838283
vn -0.09144851 0.7238895 -0.6838283
vn 0 0.729643 -0.6838283
vn 0.09144851 0.7238895 -0.6838283
vn 0.18145482 0.7067199 -0.6838283
vn 0.2682972 0.67851436 -0.68383837
vn 0.29767844 0.7528185 -0.5870705
vn 0.3896709 0.7096547 -0.58698106
vn 0.42197356 0.76848316 -0.48101142
vn 0.51531595 0.70927155 -0.48102316
vn -0.63691205 0.040071107 -0.76989436
vn -0.62686753 0.11958138 -0.76989436
vn -0.606937 0.19720578 -0.76989436
vn -0.57743466 0.27172014 -0.76989436
vn -0.53882587 0.34194928 -0.76989436
vn -0.49171945 0.4067857 -0.76989436
vn -0.43685833 0.46520686 -0.76989436
vn -0.37510768 0.51629144 -0.76989436
vn -0.30726904 0.5593371 -0.76988816
vn -0.30724335 0.55937374 -0.7698718
vn -0.23472933 0.59340405 -0.769918
vn -0.2346992 0.593437 -0.7699018
vn -0.15870675 0.618122 -0.76989436
vn -0.07998408 0.63313913 -0.76989436
vn 0 0.6381713 -0.76989436
vn 0.07998408 0.63313913 -0.76989436
vn 0.15870675 0.618122 -0.76989436
vn 0.2346992 0.593437 -0.7699018
vn 0.26833153 0.67847633 -0.68386257
vn 0.3512415 0.63957304 -0.6837951
vn 0.38970384 0.70960885 -0.5870146
vn 0.47585246 0.65495473 -0.58702534
vn 0.55418783 0.59015006 -0.58702534
vn -0.5355226 0.033692226 -0.8438486
vn -0.5270771 0.10054533 -0.8438486
vn -0.51031923 0.16581278 -0.8438486
vn -0.48551336 0.22846524 -0.8438486
vn -0.45305067 0.2875147 -0.8438486
vn -0.4134431 0.34202987 -0.8438486
vn -0.36731523 0.391151 -0.8438486
vn -0.31539464 0.4341035 -0.8438486
vn -0.25838462 0.47028023 -0.8438447
vn -0.2583624 0.4703099 -0.84383494
vn -0.19739485 0.49892935 -0.843863
vn -0.19736904 0.49895588 -0.84385335
vn -0.13344237 0.5197237 -0.8438486
vn -0.06725148 0.5323503 -0.8438486
vn 0 0.5365814 -0.8438486
vn 0.06725148 0.5323503 -0.8438486
vn 0.13344237 0.5197237 -0.8438486
vn 0.19736904 0.49895588 -0.84385335
vn 0.23472933 0.59340405 -0.769918
vn 0.30724335 0.55937374 -0.7698718
vn 0.35127068 0.6395308 -0.68381965
vn 0.42887336 0.5902936 -0.6838283
vn 0.49947497 0.5318868 -0.6838283
vn 0.5621996 0.4650919 -0.6838283
vn -0.4256266 0.026778156 -0.9045026
vn -0.41891423 0.07991216 -0.9045026
vn -0.4055953 0.1317859 -0.9045026
vn -0.3858799 0.1815813 -0.9045026
vn -0.36007896 0.22851306 -0.9045026
vn -0.32859936 0.27184102 -0.9045026
vn -0.29193753 0.3108819 -0.9045026
vn -0.25067168 0.34501997 -0.9045026
vn -0.20538405 0.3737593 -0.9045006
vn -0.20536551 0.3737813 -0.9044957
vn -0.15691273 0.39653498 -0.90451
vn -0.15689155 0.39655444 -0.9045052
vn -0.106058314 0.41306987 -0.9045026
vn -0.053450633 0.42310533 -0.9045026
vn 0 0.42646813 -0.9045026
vn 0.053450633 0.42310533 -0.9045026
vn 0.106058314 0.41306987 -0.9045026
vn 0.15689155 0.39655444 -0.9045052
vn 0.19739485 0.49892935 -0.843863
vn 0.2583624 0.4703099 -0.84383494
vn 0.30726904 0.5593371 -0.76988816
vn 0.37510768 0.51629144 -0.76989436
vn 0.43685833 0.46520686 -0.76989436
vn 0.49171945 0.4067857 -0.76989436
vn 0.53882587 0.34194928 -0.76989436
vn -0.18736829 -0.011788214 -0.982219
vn -0.18441339 -0.035178736 -0.982219
vn -0.054946255 -0.030390525 -0.9980267
vn -0.16397221 -0.09069229 -0.9822871
vn -0.05302532 -0.033841755 -0.9980196
vn 0.030309135 -0.055132113 -0.9980189
vn 0.030305786 0.055134237 -0.9980189
vn 0.09043383 0.16452305 -0.98221886
vn 0.11035007 0.15188384 -0.982219
vn 0.12851602 0.13685566 -0.982219
vn 0.1446552 0.119669184 -0.982219
vn 0.15851307 0.10059545 -0.982219
vn 0.1698711 0.079935275 -0.982219
vn 0.17855017 0.058014467 -0.982219
vn 0.18441339 0.035178736 -0.982219
vn 0.18736829 0.011788214 -0.982219
vn 0.02315648 0.058497347 -0.998019
vn -0.53882587 -0.34194928 0.76989436
vn -0.49171945 -0.4067857 0.76989436
vn -0.43685833 -0.46520686 0.76989436
vn -0.61605793 -0.39096224 0.6838283
vn -0.5621996 -0.4650919 0.6838283
vn -0.49947497 -0.5318868 0.6838283
vn -0.6602007 -0.31066686 0.6838283
vn -0.7325195 -0.34469754 0.58702534
vn -0.793269 -0.37328407 0.48102316
vn -0.8415117 -0.39598536 0.36749634
vn -0.8765071 -0.41245294 0.24822941
vn -0.89772004 -0.422435 0.1250898
vn -0.90482706 -0.42577928 0
vn -0.89772004 -0.422435 -0.1250898
vn -0.8765071 -0.41245294 -0.24822941
vn -0.8415117 -0.39598536 -0.36749634
vn -0.793269 -0.37328407 -0.48102316
vn -0.7325195 -0.34469754 -0.58702534
vn -0.68354136 -0.43378854 0.58702534
vn -0.6237833 -0.5160384 0.58702534
vn -0.55418783 -0.59015006 0.58702534
vn -0.74022895 -0.46976358 0.48102316
vn -0.67551506 -0.5588346 0.48102316
vn -0.60014784 -0.63909256 0.48102316
vn -0.7852461 -0.4983323 0.36749634
vn -0.71659654 -0.5928202 0.36749634
vn -0.6366459 -0.677959 0.36749634
vn -0.81790155 -0.5190561 0.24822941
vn -0.74639714 -0.6174734 0.24822941
vn -0.66312164 -0.70615286 0.24822941
vn -0.8376961 -0.5316181 0.1250898
vn -0.76446116 -0.6324173 0.1250898
vn -0.67917025 -0.7232429 0.1250898
vn -0.8443279 -0.5358268 0
vn -0.77051324 -0.637424 0
vn -0.6845471 -0.7289686 0
vn -0.8376961 -0.5316181 -0.1250898
vn -0.76446116 -0.6324173 -0.1250898
vn -0.67917025 -0.7232429 -0.1250898
vn -0.81790155 -0.5190561 -0.24822941
vn -0.74639714 -0.6174734 -0.24822941
vn -0.66312164 -0.70615286 -0.24822941
vn -0.7852461 -0.4983323 -0.36749634
vn -0.67842484 -0.38896972 -0.6232514
vn -0.7271544 -0.35535616 -0.5873402
vn -0.6303703 -0.3592754 -0.6881529
vn -0.55462676 -0.31422618 -0.77048755
vn -0.46631023 -0.26419008 -0.8442502
vn -0.44943556 -0.29172334 -0.8443371
vn -0.35754523 -0.2320784 -0.9045999
vn -0.46689627 -0.26294434 -0.8443152
vn -0.37104645 -0.20896412 -0.9047975
vn -0.3578442 -0.23097166 -0.90476495
vn -0.48551336 -0.22846524 -0.8438486
vn -0.3858799 -0.1815813 -0.9045026
vn -0.37153476 -0.20798723 -0.90482223
vn -0.163743 -0.0911141 -0.98228633
vn -0.15813968 -0.10092771 -0.9822451
vn -0.15794846 -0.10137606 -0.9822297
vn -0.53362733 -0.3483175 -0.77066
vn -0.5539629 -0.3157275 -0.77035135
vn -0.44909927 -0.29314303 -0.8440243
vn -0.44804296 -0.8149871 -0.36749634
vn -0.4666754 -0.8488794 -0.24822941
vn -0.35660273 -0.90067565 -0.24822941
vn -0.39001262 -0.70943034 0.58702534
vn -0.35150817 -0.639391 0.6838283
vn -0.30744138 -0.5592338 0.76989436
vn -0.090443835 -0.16451672 -0.982219
vn -0.11035007 -0.15188384 -0.982219
vn -0.12851602 -0.13685566 -0.982219
vn -0.1446552 -0.119669184 -0.982219
vn -0.14913623 -0.2712778 -0.95087683
vn -0.18196037 -0.25044698 -0.95087683
vn -0.21191488 -0.22566643 -0.95087683
vn -0.06911124 -0.17455508 -0.982219
vn -0.046688728 -0.1818406 -0.982219
vn -0.023529906 -0.18625838 -0.982219
vn 0 -0.18773876 -0.982219
vn 0.023529906 -0.18625838 -0.982219
vn 0.046688728 -0.1818406 -0.982219
vn 0.06911124 -0.17455508 -0.982219
vn 0.090443835 -0.16451672 -0.982219
vn 0.11035007 -0.15188384 -0.982219
vn 0.12851602 -0.13685566 -0.982219
vn 0.1446552 -0.119669184 -0.982219
vn 0.15851307 -0.10059545 -0.982219
vn 0.1698711 -0.079935275 -0.982219
vn 0.17855017 -0.058014467 -0.982219
vn -0.20545259 -0.3737169 -0.9045026
vn -0.25067168 -0.34501997 -0.9045026
vn -0.113960125 -0.2878304 -0.95087683
vn -0.0769868 -0.2998438 -0.95087683
vn -0.03879934 -0.30712843 -0.95087683
vn 0 -0.30956948 -0.95087683
vn 0.03879934 -0.30712843 -0.95087683
vn 0.0769868 -0.2998438 -0.95087683
vn 0.113960125 -0.2878304 -0.95087683
vn 0.14913623 -0.2712778 -0.95087683
vn 0.18196037 -0.25044698 -0.95087683
vn 0.21191488 -0.22566643 -0.95087683
vn 0.23852737 -0.197327 -0.95087683
vn 0.26137814 -0.16587561 -0.95087683
vn 0.28010684 -0.13180827 -0.95087683
vn 0.29441807 -0.09566223 -0.95087683
vn -0.25850007 -0.47020987 -0.8438486
vn -0.15699339 -0.39652005 -0.9045026
vn -0.106058314 -0.41306987 -0.9045026
vn -0.053450633 -0.42310533 -0.9045026
vn 0 -0.42646813 -0.9045026
vn 0.053450633 -0.42310533 -0.9045026
vn 0.106058314 -0.41306987 -0.9045026
vn 0.15699339 -0.39652005 -0.9045026
vn 0.20545259 -0.3737169 -0.9045026
vn 0.25067168 -0.34501997 -0.9045026
vn 0.29193753 -0.3108819 -0.9045026
vn 0.32859936 -0.27184102 -0.9045026
vn 0.36007896 -0.22851306 -0.9045026
vn 0.3858799 -0.1815813 -0.9045026
vn 0.4055953 -0.1317859 -0.9045026
vn -0.23492654 -0.59335667 -0.76989436
vn -0.26859948 -0.67840487 -0.6838283
vn -0.18145482 -0.7067199 -0.6838283
vn -0.1975288 -0.49890077 -0.8438486
vn -0.13344237 -0.5197237 -0.8438486
vn -0.06725148 -0.5323503 -0.8438486
vn 0 -0.5365814 -0.8438486
vn 0.06725148 -0.5323503 -0.8438486
vn 0.13344237 -0.5197237 -0.8438486
vn 0.1975288 -0.49890077 -0.8438486
vn 0.25850007 -0.47020987 -0.8438486
vn 0.31539464 -0.4341035 -0.8438486
vn 0.36731523 -0.391151 -0.8438486
vn 0.4134431 -0.34202987 -0.8438486
vn 0.45305067 -0.2875147 -0.8438486
vn 0.48551336 -0.22846524 -0.8438486
vn 0.51031923 -0.16581278 -0.8438486
vn -0.3652331 -0.9224735 -0.1250898
vn -0.24868989 -0.96858317 0
vn -0.1243488 -0.9843221 0.1250898
vn 0 -0.96870124 0.24822941
vn 0.11656304 -0.92269146 0.36749634
vn 0.21802838 -0.8491645 0.48102316
vn 0.29802206 -0.7527178 0.58702534
vn 0.35150817 -0.639391 0.6838283
vn 0.37510768 -0.51629144 0.76989436
vn -0.26859948 -0.67840487 0.6838283
vn -0.23492654 -0.59335667 0.76989436
vn -0.4134431 -0.34202987 -0.8438486
vn 0.29777986 0.75275046 0.58710635
vn 0.29769745 0.7528382 0.58703566
vn 0.20164225 0.7840474 0.58703494
vn 0.23489541 0.59331983 0.7699323
vn 0.26839837 0.6784777 0.68383497
vn 0.26847172 0.6783964 0.6838869
vn 0.23483106 0.5933904 0.7698975
vn 0.5208916 0.77023095 0.36798942
vn 0.18196037 0.25044698 -0.95087683
vn 0.21191488 0.22566643 -0.95087683
vn 0.23852737 0.197327 -0.95087683
vn 0.26137814 0.16587561 -0.95087683
vn 0.28010684 0.13180827 -0.95087683
vn 0.29441807 0.09566223 -0.95087683
vn 0.30408615 0.058007535 -0.95087683
vn 0.25067168 0.34501997 -0.9045026
vn 0.29193753 0.3108819 -0.9045026
vn 0.32859936 0.27184102 -0.9045026
vn 0.36007896 0.22851306 -0.9045026
vn 0.3858799 0.1815813 -0.9045026
vn 0.4055953 0.1317859 -0.9045026
vn 0.14910316 0.2712985 -0.9508761
vn 0.09042452 0.16453063 -0.98221844
vn 0.069098935 0.17455608 -0.9822197
vn 0.31539464 0.4341035 -0.8438486
vn 0.36731523 0.391151 -0.8438486
vn 0.4134431 0.34202987 -0.8438486
vn 0.45305067 0.2875147 -0.8438486
vn 0.48551336 0.22846524 -0.8438486
vn 0.20538405 0.3737593 -0.9045006
vn 0.14908884 0.27131292 -0.9508742
vn 0.11392058 0.28783637 -0.95087975
vn 0.06908875 0.17456244 -0.9822193
vn 0.046688728 0.1818406 -0.982219
vn 0.023529906 0.18625838 -0.982219
vn 0 0.18773876 -0.982219
vn -0.023529906 0.18625838 -0.982219
vn -0.046688728 0.1818406 -0.982219
vn -0.06908875 0.17456244 -0.9822193
vn -0.069098935 0.17455608 -0.9822197
vn -0.09042452 0.16453063 -0.98221844
vn -0.09043383 0.16452305 -0.98221886
vn -0.11035007 0.15188384 -0.982219
vn -0.12851602 0.13685566 -0.982219
vn -0.1446552 0.119669184 -0.982219
vn -0.15851307 0.10059545 -0.982219
vn -0.1698711 0.079935275 -0.982219
vn -0.17855017 0.058014467 -0.982219
vn 0.25838462 0.47028023 -0.8438447
vn 0.20536551 0.3737813 -0.9044957
vn 0.15691273 0.39653498 -0.90451
vn 0.113904566 0.28784883 -0.9508779
vn 0.0769868 0.2998438 -0.95087683
vn 0.03879934 0.30712843 -0.95087683
vn 0 0.30956948 -0.95087683
vn -0.03879934 0.30712843 -0.95087683
vn -0.0769868 0.2998438 -0.95087683
vn -0.113904566 0.28784883 -0.9508779
vn -0.11392058 0.28783637 -0.95087975
vn -0.14908884 0.27131292 -0.9508742
vn -0.14910316 0.2712985 -0.9508761
vn -0.18196037 0.25044698 -0.95087683
vn -0.21191488 0.22566643 -0.95087683
vn -0.23852737 0.197327 -0.95087683
vn -0.26137814 0.16587561 -0.95087683
vn -0.28010684 0.13180827 -0.95087683
vn -0.29441807 0.09566223 -0.95087683
vn -0.30408615 0.058007535 -0.95087683
vn 0.6845471 0.7289686 0
vn 0.77051324 0.637424 0
vn 0.67917025 0.7232429 -0.1250898
vn 0.76446116 0.6324173 -0.1250898
vn 0.66312164 0.70615286 -0.24822941
vn 0.74639714 0.6174734 -0.24822941
vn 0.71659654 0.5928202 -0.36749634
vn 0.7325195 0.34469754 -0.58702534
vn 0.6939317 0.22547208 -0.6838283
vn 0.62686753 0.11958138 -0.76989436
vn 0.5355226 0.033692226 -0.8438486
vn 0.4256266 -0.026778156 -0.9045026
vn 0.7325195 0.34469754 0.58702534
vn 0.76994544 0.25017044 0.58702534
vn 0.76994544 0.25017044 -0.58702534
vn 0.606937 -0.19720578 -0.76989436
vn 0.6939317 -0.22547208 -0.6838283
vn 0.6602007 -0.31066686 -0.6838283
vn 0.61605793 -0.39096224 -0.6838283
vn 0.5621996 -0.4650919 -0.6838283
vn 0.49947497 -0.5318868 -0.6838283
vn 0.42887336 -0.5902936 -0.6838283
vn 0.35150817 -0.639391 -0.6838283
vn 0.26859948 -0.67840487 -0.6838283
vn 0.18145482 -0.7067199 -0.6838283
vn 0.09144851 -0.7238895 -0.6838283
vn 0 -0.729643 -0.6838283
vn -0.09144851 -0.7238895 -0.6838283
vn 0.57743466 -0.27172014 -0.76989436
vn 0.53882587 -0.34194928 -0.76989436
vn 0.6562143 -0.4731746 0.58778274
vn 0.6570234 -0.47211325 0.5877324
vn 0.6845301 -0.43097377 0.5879457
vn 0.6857312 -0.43015262 0.58714694
vn 0.7325195 -0.34469754 0.58702534
vn 0.7116395 -0.51135844 0.48174858
vn 0.71252334 -0.51021403 0.48165563
vn 0.74215186 -0.4655448 0.48216042
vn 0.67551506 -0.5588346 0.48102316
vn 0.71659654 -0.5928202 0.36749634
vn 0.75689393 -0.5401006 0.3679714
vn 0.75595546 -0.54131436 0.368117
vn 0.7916724 -0.5629498 0.23736541
vn 0.49171945 -0.4067857 -0.76989436
vn 0.59129965 -0.42636678 0.6845262
vn 0.6162765 -0.38942245 0.68450963
vn 0.5394511 -0.34087682 0.76993215
vn 0.57743466 -0.27172014 0.76989436
vn 0.6173953 -0.38870633 0.6839082
vn 0.6602007 -0.31066686 0.6838283
vn 0.6939317 -0.22547208 0.6838283
vn 0.606937 -0.19720578 0.76989436
vn 0.62686753 -0.11958138 0.76989436
vn -0.7952289 0.15169802 0.58702534
vn -0.83379877 0.27091762 0.48102316
vn -0.8415117 0.39598536 0.36749634
vn -0.81790155 0.5190561 0.24822941
vn -0.76446116 0.6324173 0.1250898
vn -0.6845471 0.7289686 0
vn -0.9515429 0.18151651 0.24822941
vn -0.9745718 0.18590951 0.1250898
vn -0.9822872 0.18738131 0
vn -0.9745718 0.18590951 -0.1250898
vn -0.9515429 0.18151651 -0.24822941
vn -0.9135517 0.1742693 -0.36749634
vn -0.76994544 0.25017044 0.58702534
vn -0.7325195 0.34469754 0.58702534
vn -0.68354136 0.43378854 0.58702534
vn -0.6237833 0.5160384 0.58702534
vn -0.94358635 0.3065898 0.1250898
vn -0.95105654 0.309017 0
vn -0.94358635 0.3065898 -0.1250898
vn -0.9212897 0.29934517 -0.24822941
vn -0.8845063 0.2873935 -0.36749634
vn -0.793269 0.37328407 0.48102316
vn -0.7852461 0.4983323 0.36749634
vn -0.74639714 0.6174734 0.24822941
vn -0.67917025 0.7232429 0.1250898
vn -0.90482706 0.42577928 0
vn -0.89772004 0.422435 -0.1250898
vn -0.8765071 0.41245294 -0.24822941
vn -0.8415117 0.39598536 -0.36749634
vn -0.74022895 0.46976358 0.48102316
vn -0.67551506 0.5588346 0.48102316
vn -0.60014784 0.63909256 0.48102316
vn -0.8376961 0.5316181 -0.1250898
vn -0.81790155 0.5190561 -0.24822941
vn -0.7852461 0.4983323 -0.36749634
vn -0.71659654 0.5928202 0.36749634
vn -0.66312164 0.70615286 0.24822941
vn -0.6366459 0.677959 0.36749634
vn -0.74639714 0.6174734 -0.24822941
vn -0.71659654 0.5928202 -0.36749634
vn -0.6366459 0.677959 -0.36749634
vn -0.3133993 0.7925461 0.5231172
vn -0.07998408 0.63313913 0.76989436
vn 0 0.729643 0.6838283
vn 0 0.6381713 0.76989436
vn 0.09144851 0.7238895 0.6838283
vn 0.43685833 -0.46520686 0.76989436
vn 0.42887336 -0.5902936 0.6838283
vn 0.39001262 -0.70943034 0.58702534
vn 0.3227377 -0.8151424 0.48102316
vn 0.2312878 -0.90080655 0.36749634
vn 0.12141046 -0.9610628 0.24822941
vn 0 -0.9921454 0.1250898
vn -0.12533323 -0.9921147 0
vn -0.24673653 -0.96097535 -0.1250898
vn 0.6366459 -0.677959 0.36749634
vn 0.66312164 -0.70615286 0.24822941
vn 0.43685833 -0.46520686 -0.76989436
vn 0.56938833 -0.7836958 0.24822941
vn 0.58316845 -0.8026625 0.1250898
vn 0.37510768 -0.51629144 -0.76989436
vn 0.4779697 -0.8694237 0.1250898
vn 0.48175368 -0.87630665 0
vn 0.30744138 -0.5592338 -0.76989436
vn 0.36812454 -0.9297765 0
vn 0.3652331 -0.9224735 -0.1250898
vn 0.24673653 -0.96097535 -0.1250898
vn 0.24090621 -0.93826777 -0.24822941
vn 0.11656304 -0.92269146 -0.36749634
vn 0.23492654 -0.59335667 -0.76989436
vn 0.15870675 -0.618122 -0.76989436
vn 0.07998408 -0.63313913 -0.76989436
vn 0 -0.6381713 -0.76989436
vn -0.07998408 -0.63313913 -0.76989436
vn -0.15870675 -0.618122 -0.76989436
vn 0.12141046 -0.9610628 -0.24822941
vn 0 -0.930025 -0.36749634
vn -0.15870675 -0.618122 0.76989436
vn -0.76994544 -0.25017044 0.58702534
vn -0.83379877 -0.27091762 0.48102316
vn -0.8845063 -0.2873935 0.36749634
vn -0.9212897 -0.29934517 0.24822941
vn -0.94358635 -0.3065898 0.1250898
vn -0.95105654 -0.309017 0
vn -0.94358635 -0.3065898 -0.1250898
vn -0.9212897 -0.29934517 -0.24822941
vn -0.8845063 -0.2873935 -0.36749634
vn -0.83379877 -0.27091762 -0.48102316
vn -0.76994544 -0.25017044 -0.58702534
vn -0.6939317 -0.22547208 -0.6838283
vn -0.4055953 -0.1317859 -0.9045026
vn -0.29441807 -0.09566223 -0.95087683
vn -0.861179 -0.16427867 0.48102316
vn -0.9135517 -0.1742693 0.36749634
vn -0.9515429 -0.18151651 0.24822941
vn -0.9745718 -0.18590951 0.1250898
vn -0.9822872 -0.18738131 0
vn -0.9745718 -0.18590951 -0.1250898
vn -0.9515429 -0.18151651 -0.24822941
vn -0.9135517 -0.1742693 -0.36749634
vn -0.861179 -0.16427867 -0.48102316
vn -0.7952289 -0.15169802 -0.58702534
vn -0.716719 -0.13672146 -0.6838283
vn -0.62686753 -0.11958138 -0.76989436
vn -0.30408615 -0.058007535 -0.95087683
vn 0.5308214 0.09488807 0.8421549
vn 0.52799034 0.07013054 0.8463498
vn 0.52799034 -0.07013054 0.8463498
vn 0.52665395 0.20868224 0.82406753
vn 0.53193915 0.27967456 0.79926395
vn 0.5268027 0.34143612 0.77839595
vn 0.5302617 0.4510749 0.7178816
vn 0.52843463 0.46434477 0.7107326
vn 0.5276048 0.5753439 0.62499005
vn 0.5312688 0.5990632 0.5990632
vn 0.5265647 0.670876 0.52216375
vn 0.53182745 0.7170507 0.45055282
vn 0.52701086 0.7474283 0.40448797
vn 0.52958924 0.80065304 0.2801606
vn 0.5289374 0.80267805 0.27555972
vn 0.52727824 0.83810395 0.13985482
vn 0.53160405 0.8416673 0.09483313
vn 0.5265349 0.8501535 0
vn 0.53160405 0.8416673 -0.09483313
vn 0.52727824 0.83810395 -0.13985482
vn 0.5289374 0.80267805 -0.27555972
vn 0.52958924 0.80065304 -0.2801606
vn 0.52701086 0.7474283 -0.40448797
vn 0.53182745 0.7170507 -0.45055282
vn 0.5265647 0.670876 -0.52216375
vn 0.5312688 0.5990632 -0.5990632
vn 0.5276048 0.5753439 -0.62499005
vn 0.52843463 0.46434477 -0.7107326
vn 0.5302617 0.4510749 -0.7178816
vn 0.5268027 0.34143612 -0.77839595
vn 0.53193915 0.27967456 -0.79926395
vn 0.52665395 0.20868224 -0.82406753
vn 0.5308214 0.09488807 -0.8421549
vn 0.52799034 0.07013054 -0.8463498
vn 0.52799034 -0.07013054 -0.8463498
vn 0.5308214 -0.09488807 -0.8421549
vn 0.52665395 -0.20868224 -0.82406753
vn 0.53193915 -0.27967456 -0.79926395
vn 0.5268027 -0.34143612 -0.77839595
vn 0.5302617 -0.4510749 -0.7178816
vn 0.52843463 -0.46434477 -0.7107326
vn 0.5276048 -0.5753439 -0.62499005
vn 0.5312688 -0.5990632 -0.5990632
vn 0.5265647 -0.670876 -0.52216375
vn 0.53182745 -0.7170507 -0.45055282
vn 0.52701086 -0.7474283 -0.40448797
vn 0.52958924 -0.80065304 -0.2801606
vn 0.5289374 -0.80267805 -0.27555972
vn 0.52727824 -0.83810395 -0.13985482
vn 0.53160405 -0.8416673 -0.09483313
vn 0.5265349 -0.8501535 0
vn 0.53160405 -0.8416673 0.09483313
vn 0.52727824 -0.83810395 0.13985482
vn 0.5289374 -0.80267805 0.27555972
vn 0.52958924 -0.80065304 0.2801606
vn 0.52701086 -0.7474283 0.40448797
vn 0.53182745 -0.7170507 0.45055282
vn 0.5265647 -0.670876 0.52216375
vn 0.5312688 -0.5990632 0.5990632
vn 0.5276048 -0.5753439 0.62499005
vn 0.52843463 -0.46434477 0.7107326
vn 0.5302617 -0.4510749 0.7178816
vn 0.5268027 -0.34143612 0.77839595
vn 0.53193915 -0.27967456 0.79926395
vn 0.52665395 -0.20868224 0.82406753
vn 0.5308214 -0.09488807 0.8421549
vn -0.8421549 0.09488807 0.5308214
vn -0.8463498 0.07013054 0.52799034
vn -0.8463498 -0.07013054 0.52799034
vn -0.82406753 0.20868224 0.52665395
vn -0.79926395 0.27967456 0.53193915
vn -0.77839595 0.34143612 0.5268027
vn -0.7178816 0.4510749 0.5302617
vn -0.7107326 0.46434477 0.52843463
vn -0.62499005 0.5753439 0.5276048
vn -0.5990632 0.5990632 0.5312688
vn -0.52216375 0.670876 0.5265647
vn -0.45055282 0.7170507 0.53182745
vn -0.40448797 0.7474283 0.52701086
vn -0.2801606 0.80065304 0.52958924
vn -0.27555972 0.80267805 0.5289374
vn -0.13985482 0.83810395 0.52727824
vn -0.09483313 0.8416673 0.53160405
vn 0 0.8501535 0.5265349
vn 0.09483313 0.8416673 0.53160405
vn 0.13985482 0.83810395 0.52727824
vn 0.27555972 0.80267805 0.5289374
vn 0.2801606 0.80065304 0.52958924
vn 0.40448797 0.7474283 0.52701086
vn 0.45055282 0.7170507 0.53182745
vn 0.52216375 0.670876 0.5265647
vn 0.5990632 0.5990632 0.5312688
vn 0.62499005 0.5753439 0.5276048
vn 0.7107326 0.46434477 0.52843463
vn 0.7178816 0.4510749 0.5302617
vn 0.77839595 0.34143612 0.5268027
vn 0.79926395 0.27967456 0.53193915
vn 0.82406753 0.20868224 0.52665395
vn 0.8421549 0.09488807 0.5308214
vn 0.8463498 0.07013054 0.52799034
vn 0.8463498 -0.07013054 0.52799034
vn 0.8421549 -0.09488807 0.5308214
vn 0.82406753 -0.20868224 0.52665395
vn 0.79926395 -0.27967456 0.53193915
vn 0.77839595 -0.34143612 0.5268027
vn 0.7178816 -0.4510749 0.5302617
vn 0.7107326 -0.46434477 0.52843463
vn 0.62499005 -0.5753439 0.5276048
vn 0.5990632 -0.5990632 0.5312688
vn 0.52216375 -0.670876 0.5265647
vn 0.45055282 -0.7170507 0.53182745
vn 0.40448797 -0.7474283 0.52701086
vn 0.2801606 -0.80065304 0.52958924
vn 0.27555972 -0.80267805 0.5289374
vn 0.13985482 -0.83810395 0.52727824
vn 0.09483313 -0.8416673 0.53160405
vn 0 -0.8501535 0.5265349
vn -0.09483313 -0.8416673 0.53160405
vn -0.13985482 -0.83810395 0.52727824
vn -0.27555972 -0.80267805 0.5289374
vn -0.2801606 -0.80065304 0.52958924
vn -0.40448797 -0.7474283 0.52701086
vn -0.45055282 -0.7170507 0.53182745
vn -0.52216375 -0.670876 0.5265647
vn -0.5990632 -0.5990632 0.5312688
vn -0.62499005 -0.5753439 0.5276048
vn -0.7107326 -0.46434477 0.52843463
vn -0.7178816 -0.4510749 0.5302617
vn -0.77839595 -0.34143612 0.5268027
vn -0.79926395 -0.27967456 0.53193915
vn -0.82406753 -0.20868224 0.52665395
vn -0.8421549 -0.09488807 0.5308214
vn 0.7290887 0.5 -0.4673646
vn -0.7213117 0.5 0.47928008
vn -0.7292796 0.5 -0.46706674
vn -6.097926E-16 0.5 0.8660254
vn 0.73884743 0.5 0.45177922
vn -0.73465085 0.5 0.45857182
vn 0.7268943 0.5 -0.4707703
vn 0.7244864 0.5 0.47446758
vn -0.7284353 0.5 -0.4683824
vn -1.5693042E-16 1 -1.5595295E-16
vn -6.038253E-17 1 -9.7666155E-17
vn 0 1 -1.2573922E-16
vn 0 1 -2.316092E-16
vn 8.685196E-32 1 -1.2334686E-16
vn 8.215429E-17 1 -8.51227E-17
vn 0 1 -2.2754455E-16
vn 1.7412509E-16 1 -1.445873E-16
vn 0.7290887 -0.4673646 -0.5
vn -0.7213117 0.47928008 -0.5
vn -0.7292796 -0.46706674 -0.5
vn -6.097926E-16 0.8660254 -0.5
vn 0.73884743 0.45177922 -0.5
vn -0.73465085 0.45857182 -0.5
vn 0.7268943 -0.4707703 -0.5
vn 0.7244864 0.47446758 -0.5
vn -0.7284353 -0.4683824 -0.5
vn -1.5693042E-16 -1.5595295E-16 -1
vn -6.038253E-17 -9.7666155E-17 -1
vn 0 -1.2573922E-16 -1
vn 0 -2.316092E-16 -1
vn 8.685196E-32 -1.2334686E-16 -1
vn 8.215429E-17 -8.51227E-17 -1
vn 0 -2.2754455E-16 -1
vn 1.7412509E-16 -1.445873E-16 -1
vn 0.7290887 -0.5 0.4673646
vn -0.7213117 -0.5 -0.47928008
vn -0.7292796 -0.5 0.46706674
vn -6.097926E-16 -0.5 -0.8660254
vn 0.73884743 -0.5 -0.45177922
vn -0.73465085 -0.5 -0.45857182
vn 0.7268943 -0.5 0.4707703
vn 0.7244864 -0.5 -0.47446758
vn -0.7284353 -0.5 0.4683824
vn 0.7290887 0.4673646 0.5
vn -0.7213117 -0.47928008 0.5
vn -0.7292796 0.46706674 0.5
vn -6.097926E-16 -0.8660254 0.5
vn 0 -0.8660254 0.5
vn 0.73884743 -0.45177922 0.5
vn -0.73465085 -0.45857182 0.5
vn 0.7268943 0.4707703 0.5
vn 0.7244864 -0.47446758 0.5
vn -0.7284353 0.4683824 0.5
vn 0.5458788 0.5 -0.67232156
vn 0.8660254 0.5 -1.6595363E-16
vn -0.54496276 0.5 0.67306435
vn 3.072899E-16 0.5 0.8660254
vn 3.0684703E-16 0.5 -0.8660254
vn 9.060795E-17 1 1.4705228E-16
vn 1.4107891E-16 1 7.572231E-17
vn 3.237875E-16 1 0
vn -1.56904E-17 1 2.1623897E-16
vn 5.6772447E-16 1 -8.899171E-16
vn -1.4647435E-15 1 0
vn 6.1369406E-16 1 7.7007423E-16
vn 1.4508146E-16 1 -2.6118915E-16
vn 0 1 -4.8848173E-16
vn -1.1049956E-15 1 0
vn 0 1 4.6878287E-16
vn 1.532684E-16 1 0
vn 0.5 -0.5458788 -0.67232156
vn 0.5 0 -0.8660254
vn 0.5 0 0.8660254
vn 0.5 -0.8660254 -1.6595363E-16
vn 0.5 -0.8660254 0
vn 0.5 0.54496276 0.67306435
vn 1 -9.060795E-17 1.4705228E-16
vn 1 -1.4107891E-16 7.572231E-17
vn 1 -3.237875E-16 0
vn 1 1.56904E-17 2.1623897E-16
vn 1 -1.4508146E-16 -2.6118915E-16
vn 1 0 -4.8848173E-16
vn 1 1.1049956E-15 0
vn 1 0 4.6878287E-16
vn 1 -1.532684E-16 0
vn -0.5458788 -0.5 -0.67232156
vn -0.8660254 -0.5 -8.2976817E-17
vn 0.54496276 -0.5 0.67306435
vn -0.5 0.5458788 -0.67232156
vn -0.5 0.8660254 -8.2976817E-17
vn -0.5 -0.54496276 0.67306435
vn 0.7316218 0.46338916 -0.5
vn 9.9703384E-15 -0.8660254 -0.5
vn 2.2226163E-16 -0.8660254 -0.5
vn -0.7482416 -0.43604422 -0.5
vn 0.7443037 -0.44273242 -0.5
vn -0.7319074 0.46293792 -0.5
vn -0.8660254 5.999605E-17 -0.5
vn 0.8660254 -3.7632863E-17 -0.5
vn 2.4107817E-30 -2.0940093E-16 -1
vn 1.5746505E-16 -1.3257945E-16 -1
vn 6.1143305E-17 7.580206E-17 -1
vn 0 1.0498576E-16 -1
vn 0.5 0.46338916 0.7316218
vn 0.5 -0.8660254 9.9703384E-15
vn 0.5 -0.43604422 -0.7482416
vn 0.5 -0.44273242 0.7443037
vn 0.5 -0.8660254 1.8915597E-16
vn 0.5 0.46293792 -0.7319074
vn 0.5 4.499704E-17 -0.8660254
vn 0.5 -4.5159436E-17 0.8660254
vn 1 -2.0940093E-16 2.4107817E-30
vn 1 -1.3257945E-16 1.5746505E-16
vn 1 7.580206E-17 6.1143305E-17
vn 1 1.0498576E-16 0
vn -0.7316218 0.46338916 0.5
vn -9.9703384E-15 -0.8660254 0.5
vn 0.7482416 -0.43604422 0.5
vn -0.7443037 -0.44273242 0.5
vn 0.7319074 0.46293792 0.5
vn 0.8660254 5.999605E-17 0.5
vn -0.8660254 -3.7632863E-17 0.5
vn -0.5 0.46338916 -0.7316218
vn -0.5 -0.8660254 -9.9703384E-15
vn -0.5 -0.43604422 0.7482416
vn -0.5 -0.44273242 -0.7443037
vn -0.5 0.46293792 0.7319074
vn -0.5 4.499704E-17 0.8660254
vn -0.5 -3.7632863E-17 -0.8660254
vn -3.9047793E-18 -2.1539751E-16 -1
vn -6.9597865E-16 0 -1
vn 0 9.871986E-16 -1
vn 5.201502E-16 -3.7775324E-18 -1
vn -5.2165583E-16 3.788467E-18 -1
vn 6.957503E-16 0 -1
vn 0 -2.1661281E-16 -1
vn 5.5227236E-19 -2.165951E-16 -1
vn -4.682077E-16 1 1.1539718E-18
vn 0 1 1.7399567E-15
vn 8.7722565E-16 1 0
vn -3.601085E-18 1 -1.9864496E-16
vn -3.9047793E-18 1 -2.1539751E-16
vn -6.9597865E-16 1 0
vn 0 1 9.871986E-16
vn 5.201502E-16 1 -3.7775324E-18
vn -5.2165583E-16 1 3.788467E-18
vn 6.957503E-16 1 0
vn 0 1 -2.1661281E-16
vn 0 1 -1.9783284E-16
vn 5.0439127E-19 1 -1.9781667E-16
vn 4.632014E-16 1 -1.141633E-18
vn -8.8712656E-16 1 0
vn 5.5227236E-19 1 -2.165951E-16
vn 2.0096909E-16 -5.083443E-17 -1
vn 4.4452326E-16 5.437432E-16 -1
vn 0 -1.036651E-15 -1
vn -3.6204406E-16 -2.1098429E-16 -1
vn 7.820756E-16 -2.0385112E-16 -1
vn 0 -2.073302E-15 -1
vn -1.933381E-15 0 -1
vn -2.928784E-16 3.637905E-16 -1
vn -2.1847972E-16 0 -1
vn 0 1.6050087E-15 -1
vn 2.1115847E-16 0 -1
vn 1 -1.5051024E-15 4.3683702E-16
vn 1 0 -9.666905E-16
vn 1 2.0506885E-16 -4.1938557E-17
vn -2.4186433E-16 1.5319021E-16 1
vn -8.474873E-16 0 1
vn 0 -1.036651E-15 1
vn 3.6204406E-16 -2.1098429E-16 1
vn -3.4726366E-16 -2.0656201E-16 1
vn 9.666905E-16 0 1
vn 2.5093984E-16 1.5872167E-16 1
vn 2.1847972E-16 0 1
vn 0 1.6050087E-15 1
vn -2.1115847E-16 0 1
# 3940 vertex normals

s 1
f 1//1 2//1 3//1
f 3//1 2//1 4//1
f 4//1 2//1 5//1
f 6//2 7//2 8//2
f 8//3 7//3 9//3
f 9//4 7//4 10//4
f 10//5 7//5 11//5
f 12//6 13//6 14//6
f 14//7 13//7 8//7
f 8//8 13//8 6//8
f 6//9 13//9 15//9
f 16//10 17//10 18//10
f 18//11 17//11 14//11
f 14//12 17//12 12//12
f 12//13 17//13 19//13
f 10//14 20//14 9//14
f 9//15 20//15 18//15
f 18//16 20//16 16//16
f 16//17 20//17 21//17
f 22//18 23//18 24//18
f 24//19 23//19 25//19
f 24//20 25//20 26//20
f 26//21 25//21 27//21
f 25//22 23//22 28//22
f 27//23 29//23 26//23
f 23//24 22//24 28//24
f 28//25 22//25 30//25
f 28//26 30//26 31//26
f 31//27 30//27 32//27
f 31//28 32//28 33//28
f 31//29 34//29 28//29
f 33//30 35//30 31//30
f 31//31 35//31 36//31
f 31//32 36//32 37//32
f 37//33 36//33 38//33
f 36//34 35//34 39//34
f 38//35 40//35 37//35
f 35//36 33//36 39//36
f 39//37 33//37 32//37
f 39//38 32//38 41//38
f 41//39 32//39 42//39
f 41//40 42//40 43//40
f 41//41 44//41 39//41
f 45//42 46//42 47//42
f 43//43 48//43 41//43
f 41//44 48//44 49//44
f 41//45 49//45 47//45
f 47//46 49//46 45//46
f 49//47 48//47 50//47
f 48//48 43//48 50//48
f 50//49 43//49 42//49
f 50//50 42//50 51//50
f 51//51 42//51 52//51
f 51//52 52//52 53//52
f 51//53 54//53 50//53
f 55//54 56//54 57//54
f 53//55 58//55 51//55
f 51//56 58//56 59//56
f 51//57 59//57 57//57
f 57//58 59//58 55//58
f 59//59 58//59 60//59
f 58//60 53//60 60//60
f 60//61 53//61 52//61
f 60//62 52//62 24//62
f 24//63 52//63 30//63
f 24//64 30//64 22//64
f 24//65 61//65 60//65
f 10//66 11//66 20//66
f 20//66 11//66 62//66
f 62//66 11//66 63//66
f 64//67 63//67 65//67
f 65//67 63//67 11//67
f 65//67 11//67 7//67
f 6//68 15//68 7//68
f 7//68 15//68 65//68
f 65//68 15//68 66//68
f 67//69 66//69 68//69
f 68//69 66//69 15//69
f 68//69 15//69 13//69
f 12//70 19//70 13//70
f 13//70 19//70 68//70
f 68//70 19//70 69//70
f 70//71 69//71 71//71
f 71//71 69//71 19//71
f 71//71 19//71 17//71
f 16//72 21//72 17//72
f 17//72 21//72 71//72
f 71//72 21//72 72//72
f 73//73 72//73 62//73
f 62//73 72//73 21//73
f 62//73 21//73 20//73
f 74//74 61//74 75//74
f 75//75 61//75 24//75
f 75//76 24//76 26//76
f 26//77 29//77 75//77
f 27//78 76//78 29//78
f 29//78 76//78 77//78
f 29//78 77//78 75//78
f 25//78 28//78 27//78
f 27//78 28//78 34//78
f 27//78 34//78 76//78
f 76//79 34//79 78//79
f 78//80 34//80 31//80
f 78//81 31//81 37//81
f 37//82 40//82 78//82
f 38//83 79//83 40//83
f 40//83 79//83 80//83
f 40//83 80//83 78//83
f 36//83 39//83 38//83
f 38//83 39//83 44//83
f 38//83 44//83 79//83
f 79//84 44//84 81//84
f 81//85 44//85 41//85
f 81//86 41//86 47//86
f 47//87 46//87 81//87
f 82//88 46//88 83//88
f 83//88 46//88 45//88
f 83//88 45//88 54//88
f 54//88 45//88 50//88
f 50//88 45//88 49//88
f 82//88 81//88 46//88
f 83//89 54//89 84//89
f 84//90 54//90 51//90
f 84//91 51//91 57//91
f 57//92 56//92 84//92
f 85//93 56//93 74//93
f 74//93 56//93 55//93
f 74//93 55//93 61//93
f 61//93 55//93 60//93
f 60//93 55//93 59//93
f 85//93 84//93 56//93
f 86//94 73//94 87//94
f 87//95 73//95 63//95
f 87//96 63//96 88//96
f 88//97 63//97 64//97
f 73//98 62//98 63//98
f 88//99 89//99 87//99
f 88//100 64//100 90//100
f 90//101 64//101 66//101
f 90//102 66//102 91//102
f 91//103 66//103 67//103
f 64//104 65//104 66//104
f 91//105 92//105 90//105
f 70//106 93//106 69//106
f 69//107 93//107 94//107
f 69//108 94//108 67//108
f 67//109 94//109 91//109
f 93//110 95//110 94//110
f 67//111 68//111 69//111
f 73//112 86//112 72//112
f 72//113 86//113 96//113
f 72//114 96//114 70//114
f 70//115 96//115 93//115
f 86//116 97//116 96//116
f 70//117 71//117 72//117
f 98//118 99//118 100//118
f 99//119 101//119 100//119
f 100//120 101//120 102//120
f 100//121 102//121 103//121
f 103//122 102//122 104//122
f 104//123 102//123 105//123
f 104//124 105//124 106//124
f 106//125 105//125 107//125
f 106//126 107//126 108//126
f 108//127 107//127 109//127
f 108//128 109//128 110//128
f 102//129 111//129 105//129
f 112//130 113//130 101//130
f 101//130 113//130 114//130
f 101//130 114//130 115//130
f 112//130 116//130 113//130
f 111//130 102//130 115//130
f 115//130 102//130 101//130
f 85//35 117//35 112//35
f 112//35 117//35 118//35
f 112//131 118//131 116//131
f 116//132 118//132 119//132
f 74//35 75//35 85//35
f 85//133 75//133 77//133
f 85//134 77//134 117//134
f 117//35 120//35 118//35
f 119//135 118//135 121//135
f 118//136 120//136 121//136
f 121//137 120//137 122//137
f 121//138 122//138 123//138
f 123//139 122//139 124//139
f 124//140 122//140 125//140
f 124//141 125//141 126//141
f 126//142 125//142 127//142
f 126//143 127//143 128//143
f 128//144 127//144 129//144
f 128//145 129//145 130//145
f 122//146 131//146 125//146
f 117//147 132//147 120//147
f 120//147 132//147 133//147
f 120//147 133//147 134//147
f 117//147 135//147 132//147
f 131//147 122//147 134//147
f 134//147 122//147 120//147
f 77//148 136//148 117//148
f 117//149 136//149 137//149
f 117//150 137//150 135//150
f 135//151 137//151 138//151
f 76//41 78//41 77//41
f 77//152 78//152 80//152
f 77//153 80//153 136//153
f 136//41 139//41 137//41
f 138//154 137//154 140//154
f 137//155 139//155 140//155
f 140//156 139//156 141//156
f 140//157 141//157 142//157
f 142//158 141//158 143//158
f 143//159 141//159 144//159
f 143//160 144//160 145//160
f 145//161 144//161 146//161
f 145//162 146//162 147//162
f 147//163 146//163 148//163
f 147//164 148//164 149//164
f 141//165 150//165 144//165
f 136//166 151//166 139//166
f 139//166 151//166 152//166
f 139//166 152//166 153//166
f 136//166 154//166 151//166
f 150//166 141//166 153//166
f 153//166 141//166 139//166
f 81//167 82//167 80//167
f 80//168 82//168 155//168
f 80//169 155//169 136//169
f 136//170 155//170 156//170
f 136//171 156//171 154//171
f 154//172 156//172 157//172
f 155//173 158//173 156//173
f 80//174 79//174 81//174
f 157//175 156//175 159//175
f 156//176 158//176 159//176
f 159//177 158//177 160//177
f 159//178 160//178 161//178
f 161//179 160//179 162//179
f 162//180 160//180 163//180
f 162//181 163//181 164//181
f 164//182 163//182 165//182
f 164//183 165//183 166//183
f 166//184 165//184 167//184
f 166//185 167//185 168//185
f 160//186 169//186 163//186
f 155//187 170//187 158//187
f 158//187 170//187 171//187
f 158//187 171//187 172//187
f 155//187 173//187 170//187
f 169//187 160//187 172//187
f 172//187 160//187 158//187
f 84//65 85//65 82//65
f 82//65 85//65 112//65
f 82//65 112//65 155//65
f 155//65 112//65 99//65
f 155//188 99//188 173//188
f 173//189 99//189 98//189
f 112//65 101//65 99//65
f 82//65 83//65 84//65
f 86//190 87//190 97//190
f 97//190 87//190 174//190
f 97//190 174//190 175//190
f 175//190 174//190 176//190
f 175//190 177//190 97//190
f 176//191 174//191 178//191
f 178//192 174//192 179//192
f 179//193 174//193 180//193
f 180//194 174//194 181//194
f 180//195 181//195 182//195
f 182//196 181//196 183//196
f 182//197 183//197 184//197
f 184//198 183//198 185//198
f 184//199 185//199 186//199
f 186//200 185//200 187//200
f 186//201 187//201 188//201
f 189//202 190//202 174//202
f 174//203 190//203 191//203
f 174//204 191//204 181//204
f 192//205 193//205 89//205
f 89//205 193//205 87//205
f 87//205 193//205 174//205
f 174//205 193//205 189//205
f 88//206 90//206 89//206
f 89//206 90//206 194//206
f 89//206 194//206 195//206
f 195//206 194//206 196//206
f 195//206 192//206 89//206
f 196//207 194//207 197//207
f 197//208 194//208 198//208
f 198//209 194//209 199//209
f 199//210 194//210 200//210
f 199//211 200//211 201//211
f 201//212 200//212 202//212
f 201//213 202//213 203//213
f 203//1 202//1 204//1
f 203//214 204//214 205//214
f 205//215 204//215 206//215
f 205//216 206//216 207//216
f 208//217 209//217 194//217
f 194//218 209//218 210//218
f 194//219 210//219 200//219
f 211//220 212//220 92//220
f 92//220 212//220 90//220
f 90//220 212//220 194//220
f 194//220 212//220 208//220
f 91//221 94//221 92//221
f 92//221 94//221 213//221
f 92//221 213//221 214//221
f 214//221 213//221 215//221
f 214//221 211//221 92//221
f 215//222 213//222 216//222
f 216//223 213//223 217//223
f 217//224 213//224 218//224
f 218//225 213//225 219//225
f 218//226 219//226 220//226
f 220//227 219//227 221//227
f 220//228 221//228 222//228
f 222//229 221//229 223//229
f 222//230 223//230 224//230
f 224//231 223//231 225//231
f 224//232 225//232 226//232
f 227//233 228//233 213//233
f 213//234 228//234 229//234
f 213//235 229//235 219//235
f 230//236 231//236 95//236
f 95//236 231//236 94//236
f 94//236 231//236 213//236
f 213//236 231//236 227//236
f 93//237 96//237 95//237
f 95//237 96//237 232//237
f 95//237 232//237 233//237
f 233//237 232//237 234//237
f 233//237 230//237 95//237
f 234//238 232//238 235//238
f 235//239 232//239 236//239
f 236//240 232//240 237//240
f 237//241 232//241 238//241
f 237//242 238//242 239//242
f 239//243 238//243 240//243
f 239//244 240//244 241//244
f 241//245 240//245 242//245
f 241//246 242//246 243//246
f 243//247 242//247 244//247
f 243//247 244//247 245//247
f 246//248 247//248 232//248
f 232//249 247//249 248//249
f 232//250 248//250 238//250
f 177//251 249//251 97//251
f 97//251 249//251 96//251
f 96//251 249//251 232//251
f 232//251 249//251 246//251
f 170//252 173//252 250//252
f 250//253 173//253 98//253
f 250//254 98//254 100//254
f 250//255 100//255 251//255
f 251//256 100//256 103//256
f 251//257 103//257 104//257
f 251//258 104//258 252//258
f 252//259 104//259 106//259
f 252//260 106//260 108//260
f 252//261 108//261 253//261
f 253//262 108//262 110//262
f 253//263 110//263 109//263
f 253//264 109//264 254//264
f 254//265 109//265 107//265
f 254//266 107//266 105//266
f 254//267 105//267 255//267
f 255//268 105//268 111//268
f 255//269 111//269 115//269
f 255//270 115//270 256//270
f 256//271 115//271 114//271
f 256//272 114//272 257//272
f 257//273 114//273 113//273
f 257//274 113//274 116//274
f 116//275 119//275 257//275
f 257//276 119//276 258//276
f 257//277 258//277 259//277
f 259//278 258//278 260//278
f 260//279 258//279 261//279
f 260//280 261//280 262//280
f 262//281 261//281 128//281
f 262//282 128//282 130//282
f 119//283 121//283 258//283
f 258//284 121//284 123//284
f 258//285 123//285 124//285
f 258//286 124//286 261//286
f 261//287 124//287 126//287
f 261//288 126//288 128//288
f 262//289 130//289 263//289
f 263//290 130//290 129//290
f 263//291 129//291 127//291
f 263//292 127//292 264//292
f 264//293 127//293 125//293
f 264//294 125//294 131//294
f 264//295 131//295 265//295
f 265//296 131//296 134//296
f 265//297 134//297 133//297
f 265//298 133//298 266//298
f 266//299 133//299 132//299
f 266//300 132//300 135//300
f 266//301 135//301 267//301
f 267//302 135//302 138//302
f 267//303 138//303 140//303
f 140//304 142//304 267//304
f 267//305 142//305 268//305
f 267//306 268//306 269//306
f 269//307 268//307 270//307
f 270//308 268//308 271//308
f 270//309 271//309 272//309
f 272//310 271//310 149//310
f 272//311 149//311 148//311
f 142//312 143//312 268//312
f 268//313 143//313 145//313
f 268//314 145//314 271//314
f 271//315 145//315 147//315
f 271//316 147//316 149//316
f 148//317 146//317 272//317
f 272//318 146//318 273//318
f 272//319 273//319 274//319
f 274//320 273//320 275//320
f 275//321 273//321 276//321
f 275//322 276//322 277//322
f 277//323 276//323 152//323
f 277//324 152//324 151//324
f 146//325 144//325 273//325
f 273//326 144//326 150//326
f 273//327 150//327 276//327
f 276//328 150//328 153//328
f 276//329 153//329 152//329
f 277//330 151//330 278//330
f 278//331 151//331 154//331
f 278//332 154//332 157//332
f 157//333 159//333 278//333
f 278//334 159//334 279//334
f 278//335 279//335 280//335
f 280//336 279//336 281//336
f 281//337 279//337 282//337
f 281//338 282//338 283//338
f 283//339 282//339 284//339
f 283//340 284//340 285//340
f 285//341 284//341 167//341
f 285//342 167//342 165//342
f 159//343 161//343 279//343
f 279//344 161//344 162//344
f 279//345 162//345 164//345
f 279//346 164//346 282//346
f 282//347 164//347 166//347
f 282//348 166//348 284//348
f 284//349 166//349 168//349
f 284//350 168//350 167//350
f 165//351 163//351 285//351
f 285//352 163//352 286//352
f 285//353 286//353 287//353
f 287//354 286//354 288//354
f 288//355 286//355 289//355
f 288//356 289//356 250//356
f 250//357 289//357 170//357
f 163//358 169//358 286//358
f 286//359 169//359 172//359
f 286//360 172//360 289//360
f 289//361 172//361 171//361
f 289//362 171//362 170//362
f 278//363 280//363 277//363
f 277//364 280//364 275//364
f 274//365 270//365 272//365
f 269//366 290//366 267//366
f 267//367 290//367 266//367
f 266//368 290//368 265//368
f 265//369 290//369 291//369
f 265//370 291//370 264//370
f 264//371 291//371 263//371
f 291//372 292//372 263//372
f 263//373 292//373 262//373
f 292//374 260//374 262//374
f 257//375 259//375 256//375
f 256//376 259//376 293//376
f 256//377 293//377 255//377
f 255//378 293//378 294//378
f 255//379 294//379 254//379
f 254//380 294//380 253//380
f 294//381 295//381 253//381
f 253//382 295//382 252//382
f 295//383 296//383 252//383
f 252//384 296//384 251//384
f 251//385 296//385 250//385
f 250//386 296//386 288//386
f 287//387 283//387 285//387
f 249//388 297//388 246//388
f 246//389 297//389 298//389
f 246//390 298//390 247//390
f 247//391 298//391 248//391
f 248//392 298//392 238//392
f 238//393 298//393 299//393
f 238//394 299//394 240//394
f 240//395 299//395 242//395
f 242//396 299//396 300//396
f 242//397 300//397 244//397
f 244//398 300//398 245//398
f 245//399 300//399 243//399
f 243//400 300//400 241//400
f 241//401 300//401 301//401
f 241//402 301//402 239//402
f 239//403 301//403 237//403
f 237//404 301//404 302//404
f 237//405 302//405 236//405
f 236//406 302//406 235//406
f 235//407 302//407 234//407
f 234//408 302//408 303//408
f 234//409 303//409 233//409
f 233//410 303//410 230//410
f 230//411 303//411 304//411
f 230//412 304//412 231//412
f 231//413 304//413 305//413
f 231//414 305//414 227//414
f 227//415 305//415 228//415
f 228//416 305//416 229//416
f 229//417 305//417 306//417
f 229//418 306//418 219//418
f 219//419 306//419 221//419
f 221//420 306//420 223//420
f 223//421 306//421 307//421
f 223//422 307//422 225//422
f 225//423 307//423 226//423
f 226//424 307//424 224//424
f 224//425 307//425 308//425
f 224//426 308//426 222//426
f 222//427 308//427 220//427
f 220//428 308//428 309//428
f 220//429 309//429 218//429
f 218//430 309//430 217//430
f 217//431 309//431 216//431
f 216//432 309//432 310//432
f 216//433 310//433 215//433
f 215//434 310//434 214//434
f 214//435 310//435 211//435
f 211//436 310//436 311//436
f 211//437 311//437 212//437
f 212//438 311//438 312//438
f 212//439 312//439 208//439
f 208//440 312//440 209//440
f 209//441 312//441 313//441
f 209//442 313//442 210//442
f 210//443 313//443 200//443
f 200//444 313//444 202//444
f 202//445 313//445 314//445
f 202//446 314//446 204//446
f 204//447 314//447 206//447
f 206//448 314//448 207//448
f 207//449 314//449 315//449
f 207//450 315//450 205//450
f 205//451 315//451 203//451
f 203//452 315//452 201//452
f 201//453 315//453 316//453
f 201//454 316//454 199//454
f 199//455 316//455 198//455
f 198//456 316//456 197//456
f 197//457 316//457 317//457
f 197//458 317//458 196//458
f 196//459 317//459 195//459
f 195//460 317//460 318//460
f 195//461 318//461 192//461
f 192//462 318//462 193//462
f 193//463 318//463 319//463
f 193//464 319//464 189//464
f 189//465 319//465 320//465
f 189//466 320//466 190//466
f 190//467 320//467 191//467
f 191//468 320//468 181//468
f 181//469 320//469 183//469
f 183//470 320//470 321//470
f 183//471 321//471 185//471
f 185//472 321//472 187//472
f 187//473 321//473 322//473
f 187//474 322//474 188//474
f 188//475 322//475 186//475
f 186//476 322//476 184//476
f 184//477 322//477 323//477
f 184//478 323//478 182//478
f 182//479 323//479 180//479
f 180//480 323//480 179//480
f 179//481 323//481 324//481
f 179//482 324//482 178//482
f 178//483 324//483 176//483
f 176//484 324//484 175//484
f 175//485 324//485 325//485
f 175//486 325//486 177//486
f 177//487 325//487 297//487
f 177//488 297//488 249//488
f 326//489 301//489 327//489
f 327//490 301//490 300//490
f 327//491 300//491 299//491
f 301//492 326//492 302//492
f 302//493 326//493 328//493
f 302//494 328//494 303//494
f 303//495 328//495 304//495
f 328//496 329//496 304//496
f 304//497 329//497 305//497
f 305//498 329//498 306//498
f 306//499 329//499 330//499
f 306//500 330//500 307//500
f 307//501 330//501 331//501
f 307//502 331//502 308//502
f 308//503 331//503 309//503
f 331//504 332//504 309//504
f 309//505 332//505 310//505
f 332//506 333//506 310//506
f 310//507 333//507 311//507
f 311//508 333//508 312//508
f 312//509 333//509 334//509
f 312//510 334//510 313//510
f 313//511 334//511 314//511
f 334//512 335//512 314//512
f 314//513 335//513 315//513
f 335//514 336//514 315//514
f 315//515 336//515 316//515
f 316//516 336//516 317//516
f 317//517 336//517 337//517
f 317//518 337//518 318//518
f 318//519 337//519 319//519
f 337//520 338//520 319//520
f 319//521 338//521 320//521
f 338//522 339//522 320//522
f 320//523 339//523 321//523
f 321//524 339//524 322//524
f 322//525 339//525 340//525
f 322//526 340//526 323//526
f 323//527 340//527 341//527
f 323//528 341//528 324//528
f 324//529 341//529 325//529
f 341//530 342//530 325//530
f 325//531 342//531 297//531
f 297//532 342//532 298//532
f 298//533 342//533 343//533
f 298//534 343//534 299//534
f 299//535 343//535 327//535
f 344//536 345//536 346//536
f 346//537 345//537 347//537
f 346//538 347//538 348//538
f 348//539 347//539 349//539
f 348//119 349//119 350//119
f 350//119 349//119 351//119
f 350//540 351//540 352//540
f 352//540 351//540 353//540
f 352//541 353//541 354//541
f 354//541 353//541 355//541
f 354//35 355//35 356//35
f 356//35 355//35 357//35
f 356//542 357//542 358//542
f 358//542 357//542 359//542
f 358//543 359//543 360//543
f 360//543 359//543 361//543
f 360//82 361//82 362//82
f 362//82 361//82 363//82
f 362//544 363//544 364//544
f 364//544 363//544 365//544
f 364//545 365//545 366//545
f 366//545 365//545 367//545
f 366//156 367//156 368//156
f 368//156 367//156 369//156
f 368//546 369//546 370//546
f 370//546 369//546 371//546
f 370//547 371//547 372//547
f 372//547 371//547 373//547
f 372//229 373//229 374//229
f 374//229 373//229 375//229
f 374//548 375//548 376//548
f 376//548 375//548 377//548
f 376//549 377//549 378//549
f 378//549 377//549 379//549
f 378//90 379//90 344//90
f 344//90 379//90 345//90
f 287//550 380//550 283//550
f 283//551 380//551 381//551
f 283//552 381//552 281//552
f 281//536 381//536 382//536
f 281//90 382//90 280//90
f 280//90 382//90 383//90
f 280//549 383//549 275//549
f 275//549 383//549 384//549
f 275//548 384//548 274//548
f 274//548 384//548 385//548
f 274//229 385//229 270//229
f 270//229 385//229 386//229
f 270//547 386//547 269//547
f 269//553 386//553 387//553
f 269//554 387//554 290//554
f 290//546 387//546 388//546
f 290//156 388//156 291//156
f 291//156 388//156 389//156
f 291//545 389//545 292//545
f 292//545 389//545 390//545
f 292//544 390//544 260//544
f 260//544 390//544 391//544
f 260//82 391//82 259//82
f 259//82 391//82 392//82
f 259//543 392//543 293//543
f 293//555 392//555 393//555
f 293//556 393//556 294//556
f 294//557 393//557 394//557
f 294//558 394//558 295//558
f 295//558 394//558 395//558
f 295//559 395//559 296//559
f 296//541 395//541 396//541
f 296//540 396//540 288//540
f 288//540 396//540 397//540
f 288//119 397//119 287//119
f 287//560 397//560 380//560
f 347//539 381//539 349//539
f 349//539 381//539 380//539
f 349//119 380//119 351//119
f 351//119 380//119 397//119
f 351//540 397//540 353//540
f 353//540 397//540 396//540
f 353//541 396//541 355//541
f 355//541 396//541 395//541
f 355//35 395//35 357//35
f 357//35 395//35 394//35
f 357//542 394//542 359//542
f 359//561 394//561 393//561
f 359//562 393//562 361//562
f 361//543 393//543 392//543
f 361//82 392//82 363//82
f 363//82 392//82 391//82
f 363//544 391//544 365//544
f 365//544 391//544 390//544
f 365//545 390//545 367//545
f 367//545 390//545 389//545
f 367//156 389//156 369//156
f 369//156 389//156 388//156
f 369//546 388//546 371//546
f 371//563 388//563 387//563
f 371//564 387//564 373//564
f 373//565 387//565 386//565
f 373//566 386//566 375//566
f 375//566 386//566 385//566
f 375//567 385//567 377//567
f 377//548 385//548 384//548
f 377//549 384//549 379//549
f 379//549 384//549 383//549
f 379//90 383//90 345//90
f 345//568 383//568 382//568
f 345//569 382//569 347//569
f 347//536 382//536 381//536
f 398//570 399//570 400//570
f 400//571 399//571 401//571
f 400//572 401//572 402//572
f 402//573 401//573 403//573
f 402//574 403//574 404//574
f 404//574 403//574 405//574
f 404//575 405//575 406//575
f 406//575 405//575 407//575
f 406//576 407//576 408//576
f 408//576 407//576 409//576
f 408//35 409//35 410//35
f 410//35 409//35 411//35
f 410//577 411//577 412//577
f 412//577 411//577 413//577
f 412//578 413//578 414//578
f 414//578 413//578 415//578
f 414//33 415//33 416//33
f 416//33 415//33 417//33
f 416//579 417//579 418//579
f 418//579 417//579 419//579
f 418//580 419//580 420//580
f 420//580 419//580 421//580
f 420//581 421//581 422//581
f 422//581 421//581 423//581
f 422//582 423//582 424//582
f 424//582 423//582 425//582
f 424//583 425//583 426//583
f 426//583 425//583 427//583
f 426//229 427//229 428//229
f 428//229 427//229 429//229
f 428//584 429//584 430//584
f 430//584 429//584 431//584
f 430//585 431//585 432//585
f 432//585 431//585 433//585
f 432//586 433//586 398//586
f 398//586 433//586 399//586
f 343//587 434//587 327//587
f 327//588 434//588 435//588
f 327//589 435//589 326//589
f 326//570 435//570 436//570
f 326//586 436//586 328//586
f 328//586 436//586 437//586
f 328//585 437//585 329//585
f 329//585 437//585 438//585
f 329//584 438//584 330//584
f 330//584 438//584 439//584
f 330//229 439//229 331//229
f 331//229 439//229 440//229
f 331//583 440//583 332//583
f 332//590 440//590 441//590
f 332//591 441//591 333//591
f 333//582 441//582 442//582
f 333//581 442//581 334//581
f 334//581 442//581 443//581
f 334//580 443//580 335//580
f 335//580 443//580 444//580
f 335//579 444//579 336//579
f 336//579 444//579 445//579
f 336//33 445//33 337//33
f 337//33 445//33 446//33
f 337//578 446//578 338//578
f 338//592 446//592 447//592
f 338//593 447//593 339//593
f 339//594 447//594 448//594
f 339//595 448//595 340//595
f 340//595 448//595 449//595
f 340//596 449//596 341//596
f 341//576 449//576 450//576
f 341//575 450//575 342//575
f 342//575 450//575 451//575
f 342//574 451//574 343//574
f 343//597 451//597 434//597
f 401//573 435//573 403//573
f 403//573 435//573 434//573
f 403//574 434//574 405//574
f 405//574 434//574 451//574
f 405//575 451//575 407//575
f 407//575 451//575 450//575
f 407//576 450//576 409//576
f 409//576 450//576 449//576
f 409//35 449//35 411//35
f 411//35 449//35 448//35
f 411//577 448//577 413//577
f 413//598 448//598 447//598
f 413//599 447//599 415//599
f 415//578 447//578 446//578
f 415//33 446//33 417//33
f 417//33 446//33 445//33
f 417//579 445//579 419//579
f 419//579 445//579 444//579
f 419//580 444//580 421//580
f 421//580 444//580 443//580
f 421//581 443//581 423//581
f 423//581 443//581 442//581
f 423//582 442//582 425//582
f 425//600 442//600 441//600
f 425//601 441//601 427//601
f 427//602 441//602 440//602
f 427//603 440//603 429//603
f 429//603 440//603 439//603
f 429//604 439//604 431//604
f 431//584 439//584 438//584
f 431//585 438//585 433//585
f 433//585 438//585 437//585
f 433//586 437//586 399//586
f 399//605 437//605 436//605
f 399//606 436//606 401//606
f 401//570 436//570 435//570
f 348//607 452//607 346//607
f 346//608 452//608 453//608
f 346//609 453//609 454//609
f 350//610 455//610 348//610
f 348//611 455//611 456//611
f 348//612 456//612 452//612
f 352//613 457//613 350//613
f 350//614 457//614 458//614
f 350//615 458//615 455//615
f 457//616 352//616 459//616
f 459//617 352//617 354//617
f 459//618 354//618 460//618
f 460//619 354//619 461//619
f 461//620 354//620 356//620
f 461//621 356//621 462//621
f 462//622 356//622 463//622
f 463//623 356//623 358//623
f 463//624 358//624 464//624
f 464//625 358//625 465//625
f 465//626 358//626 360//626
f 465//627 360//627 466//627
f 466//628 360//628 467//628
f 467//629 360//629 362//629
f 467//630 362//630 468//630
f 468//631 362//631 469//631
f 469//632 362//632 364//632
f 469//633 364//633 470//633
f 470//634 364//634 366//634
f 470//635 366//635 471//635
f 471//636 366//636 472//636
f 472//637 366//637 368//637
f 472//638 368//638 473//638
f 473//639 368//639 474//639
f 474//640 368//640 370//640
f 474//641 370//641 475//641
f 475//642 370//642 476//642
f 476//643 370//643 372//643
f 476//644 372//644 477//644
f 477//645 372//645 478//645
f 478//646 372//646 374//646
f 478//647 374//647 479//647
f 479//648 374//648 480//648
f 480//649 374//649 376//649
f 480//650 376//650 481//650
f 481//651 376//651 378//651
f 481//652 378//652 482//652
f 482//653 378//653 483//653
f 483//654 378//654 344//654
f 483//655 344//655 484//655
f 484//656 344//656 454//656
f 454//657 344//657 346//657
f 402//658 485//658 400//658
f 400//659 485//659 486//659
f 400//660 486//660 487//660
f 404//661 488//661 402//661
f 402//662 488//662 489//662
f 402//663 489//663 485//663
f 406//664 490//664 404//664
f 404//665 490//665 491//665
f 404//666 491//666 488//666
f 490//667 406//667 492//667
f 492//668 406//668 408//668
f 492//669 408//669 493//669
f 493//670 408//670 494//670
f 494//671 408//671 410//671
f 494//672 410//672 495//672
f 495//673 410//673 496//673
f 496//674 410//674 412//674
f 496//675 412//675 497//675
f 497//676 412//676 498//676
f 498//677 412//677 414//677
f 498//678 414//678 499//678
f 499//679 414//679 500//679
f 500//680 414//680 416//680
f 500//681 416//681 501//681
f 501//682 416//682 502//682
f 502//683 416//683 418//683
f 502//684 418//684 503//684
f 503//685 418//685 420//685
f 503//686 420//686 504//686
f 504//687 420//687 505//687
f 505//688 420//688 422//688
f 505//689 422//689 506//689
f 506//690 422//690 507//690
f 507//691 422//691 424//691
f 507//692 424//692 508//692
f 508//693 424//693 509//693
f 509//694 424//694 426//694
f 509//695 426//695 510//695
f 510//696 426//696 511//696
f 511//697 426//697 428//697
f 511//698 428//698 512//698
f 512//699 428//699 513//699
f 513//700 428//700 430//700
f 513//701 430//701 514//701
f 514//702 430//702 432//702
f 514//703 432//703 515//703
f 515//704 432//704 516//704
f 516//705 432//705 398//705
f 516//706 398//706 517//706
f 517//707 398//707 487//707
f 487//708 398//708 400//708
f 518//709 519//709 520//709
f 520//710 519//710 521//710
f 520//711 521//711 522//711
f 522//712 521//712 523//712
f 523//713 521//713 524//713
f 523//714 524//714 525//714
f 525//715 524//715 526//715
f 525//715 526//715 527//715
f 527//716 526//716 528//716
f 527//716 528//716 529//716
f 529//717 528//717 530//717
f 529//717 530//717 531//717
f 531//718 530//718 532//718
f 531//718 532//718 533//718
f 533//719 532//719 534//719
f 533//719 534//719 535//719
f 535//720 534//720 536//720
f 535//720 536//720 537//720
f 537//721 536//721 538//721
f 537//721 538//721 539//721
f 539//722 538//722 540//722
f 539//722 540//722 541//722
f 541//723 540//723 542//723
f 541//723 542//723 543//723
f 543//724 542//724 455//724
f 543//725 455//725 544//725
f 544//726 455//726 458//726
f 544//727 458//727 545//727
f 545//728 458//728 457//728
f 545//729 457//729 546//729
f 546//730 457//730 459//730
f 546//730 459//730 547//730
f 547//731 459//731 548//731
f 547//732 548//732 549//732
f 549//733 548//733 550//733
f 549//734 550//734 551//734
f 551//735 550//735 552//735
f 551//736 552//736 553//736
f 553//737 552//737 554//737
f 553//738 554//738 555//738
f 555//739 554//739 556//739
f 555//740 556//740 557//740
f 557//741 556//741 558//741
f 557//742 558//742 559//742
f 559//743 558//743 560//743
f 559//744 560//744 561//744
f 561//745 560//745 562//745
f 561//746 562//746 563//746
f 563//747 562//747 564//747
f 563//748 564//748 565//748
f 565//749 564//749 566//749
f 565//750 566//750 567//750
f 567//751 566//751 568//751
f 567//752 568//752 569//752
f 569//753 568//753 570//753
f 569//754 570//754 571//754
f 571//755 570//755 572//755
f 571//756 572//756 573//756
f 573//757 572//757 574//757
f 573//758 574//758 575//758
f 575//759 574//759 576//759
f 575//760 576//760 577//760
f 577//761 576//761 578//761
f 577//762 578//762 579//762
f 579//763 578//763 580//763
f 579//764 580//764 581//764
f 581//765 580//765 582//765
f 581//766 582//766 583//766
f 583//767 582//767 584//767
f 585//768 586//768 518//768
f 518//769 586//769 587//769
f 518//770 587//770 519//770
f 519//771 587//771 588//771
f 519//772 588//772 589//772
f 589//773 588//773 590//773
f 589//774 590//774 591//774
f 591//775 590//775 592//775
f 591//776 592//776 593//776
f 593//777 592//777 594//777
f 593//778 594//778 595//778
f 595//779 594//779 596//779
f 595//780 596//780 597//780
f 597//781 596//781 598//781
f 597//782 598//782 599//782
f 599//783 598//783 600//783
f 599//784 600//784 601//784
f 601//785 600//785 602//785
f 601//786 602//786 603//786
f 603//787 602//787 604//787
f 603//788 604//788 605//788
f 605//789 604//789 606//789
f 605//790 606//790 607//790
f 607//791 606//791 608//791
f 607//792 608//792 609//792
f 609//793 608//793 610//793
f 609//794 610//794 480//794
f 480//795 610//795 479//795
f 479//796 610//796 611//796
f 479//797 611//797 478//797
f 478//798 611//798 612//798
f 478//799 612//799 613//799
f 613//800 612//800 614//800
f 613//800 614//800 615//800
f 615//801 614//801 616//801
f 615//801 616//801 617//801
f 617//802 616//802 618//802
f 617//803 618//803 619//803
f 585//804 620//804 586//804
f 586//805 620//805 621//805
f 586//806 621//806 587//806
f 587//807 621//807 622//807
f 587//808 622//808 623//808
f 623//808 622//808 624//808
f 623//809 624//809 625//809
f 625//809 624//809 626//809
f 625//810 626//810 627//810
f 627//810 626//810 628//810
f 627//811 628//811 629//811
f 629//811 628//811 630//811
f 629//812 630//812 631//812
f 631//812 630//812 632//812
f 631//813 632//813 633//813
f 633//813 632//813 634//813
f 633//814 634//814 635//814
f 635//814 634//814 636//814
f 635//815 636//815 637//815
f 637//815 636//815 638//815
f 637//816 638//816 639//816
f 639//816 638//816 640//816
f 639//817 640//817 641//817
f 641//817 640//817 642//817
f 641//818 642//818 643//818
f 643//818 642//818 644//818
f 643//819 644//819 645//819
f 645//819 644//819 646//819
f 645//820 646//820 647//820
f 647//820 646//820 648//820
f 647//821 648//821 649//821
f 649//821 648//821 650//821
f 649//822 650//822 651//822
f 651//822 650//822 652//822
f 651//823 652//823 653//823
f 653//823 652//823 654//823
f 653//824 654//824 655//824
f 655//824 654//824 656//824
f 655//825 656//825 657//825
f 657//825 656//825 658//825
f 657//826 658//826 659//826
f 659//826 658//826 660//826
f 659//827 660//827 661//827
f 661//828 660//828 662//828
f 661//829 662//829 663//829
f 663//830 662//830 664//830
f 663//831 664//831 665//831
f 665//832 664//832 666//832
f 665//833 666//833 667//833
f 667//833 666//833 580//833
f 667//763 580//763 578//763
f 621//834 620//834 668//834
f 668//835 620//835 669//835
f 668//836 669//836 670//836
f 670//837 669//837 671//837
f 670//838 671//838 672//838
f 670//839 672//839 673//839
f 673//840 672//840 674//840
f 673//841 674//841 675//841
f 675//842 674//842 676//842
f 675//843 676//843 677//843
f 677//844 676//844 678//844
f 677//845 678//845 679//845
f 679//846 678//846 680//846
f 679//847 680//847 681//847
f 681//848 680//848 682//848
f 681//849 682//849 683//849
f 681//850 683//850 684//850
f 684//851 683//851 685//851
f 684//852 685//852 686//852
f 687//853 688//853 686//853
f 686//854 688//854 689//854
f 686//855 689//855 684//855
f 684//856 689//856 690//856
f 684//857 690//857 691//857
f 691//858 690//858 692//858
f 691//859 692//859 693//859
f 693//860 692//860 694//860
f 693//861 694//861 695//861
f 695//862 694//862 696//862
f 695//863 696//863 697//863
f 697//864 696//864 698//864
f 697//865 698//865 699//865
f 699//866 698//866 700//866
f 699//867 700//867 701//867
f 701//868 700//868 702//868
f 701//869 702//869 703//869
f 703//870 702//870 704//870
f 703//871 704//871 583//871
f 687//872 705//872 688//872
f 688//873 705//873 706//873
f 688//874 706//874 707//874
f 707//875 706//875 708//875
f 707//876 708//876 709//876
f 709//877 708//877 529//877
f 709//878 529//878 531//878
f 705//879 710//879 706//879
f 706//880 710//880 711//880
f 706//875 711//875 708//875
f 708//881 711//881 527//881
f 708//877 527//877 529//877
f 710//882 712//882 711//882
f 711//883 712//883 713//883
f 711//884 713//884 525//884
f 525//885 713//885 714//885
f 525//886 714//886 523//886
f 715//887 716//887 717//887
f 717//888 716//888 718//888
f 717//889 718//889 719//889
f 719//890 718//890 720//890
f 719//891 720//891 721//891
f 721//892 720//892 722//892
f 721//893 722//893 723//893
f 723//894 722//894 724//894
f 723//895 724//895 725//895
f 725//896 724//896 726//896
f 725//897 726//897 727//897
f 727//898 726//898 728//898
f 727//899 728//899 729//899
f 729//900 728//900 730//900
f 730//901 728//901 731//901
f 730//902 731//902 732//902
f 732//903 731//903 733//903
f 732//904 733//904 734//904
f 734//905 733//905 735//905
f 734//906 735//906 736//906
f 736//907 735//907 737//907
f 737//908 735//908 738//908
f 737//909 738//909 739//909
f 739//910 738//910 515//910
f 739//911 515//911 516//911
f 716//912 715//912 740//912
f 740//913 715//913 741//913
f 740//914 741//914 742//914
f 740//915 742//915 743//915
f 743//916 742//916 744//916
f 743//917 744//917 745//917
f 745//918 744//918 746//918
f 745//919 746//919 747//919
f 747//920 746//920 748//920
f 747//921 748//921 749//921
f 747//922 749//922 750//922
f 750//923 749//923 751//923
f 750//924 751//924 752//924
f 752//925 751//925 753//925
f 752//926 753//926 754//926
f 754//927 753//927 755//927
f 754//928 755//928 756//928
f 756//929 755//929 757//929
f 756//930 757//930 758//930
f 758//930 757//930 759//930
f 758//931 759//931 760//931
f 760//931 759//931 761//931
f 760//932 761//932 762//932
f 762//932 761//932 763//932
f 762//933 763//933 764//933
f 764//933 763//933 765//933
f 764//934 765//934 766//934
f 766//934 765//934 767//934
f 766//935 767//935 768//935
f 768//935 767//935 769//935
f 768//936 769//936 770//936
f 770//937 769//937 771//937
f 770//938 771//938 772//938
f 772//939 771//939 773//939
f 772//940 773//940 774//940
f 774//940 773//940 775//940
f 774//941 775//941 776//941
f 776//941 775//941 777//941
f 776//942 777//942 778//942
f 778//942 777//942 779//942
f 778//943 779//943 780//943
f 780//943 779//943 781//943
f 780//944 781//944 782//944
f 782//944 781//944 556//944
f 782//739 556//739 554//739
f 755//945 783//945 757//945
f 757//946 783//946 784//946
f 757//947 784//947 737//947
f 737//948 784//948 783//948
f 485//949 763//949 486//949
f 486//950 763//950 761//950
f 486//951 761//951 487//951
f 487//952 761//952 759//952
f 487//953 759//953 517//953
f 517//954 759//954 757//954
f 517//955 757//955 739//955
f 739//956 757//956 737//956
f 763//957 485//957 765//957
f 765//958 485//958 489//958
f 765//959 489//959 767//959
f 767//960 489//960 785//960
f 767//961 785//961 769//961
f 769//961 785//961 786//961
f 769//962 786//962 771//962
f 771//963 786//963 787//963
f 771//964 787//964 773//964
f 773//965 787//965 788//965
f 773//966 788//966 775//966
f 775//966 788//966 789//966
f 775//967 789//967 777//967
f 777//967 789//967 790//967
f 777//968 790//968 779//968
f 779//968 790//968 791//968
f 779//969 791//969 781//969
f 781//969 791//969 558//969
f 781//741 558//741 556//741
f 489//970 488//970 785//970
f 785//971 488//971 491//971
f 785//972 491//972 786//972
f 786//973 491//973 792//973
f 786//974 792//974 787//974
f 787//975 792//975 490//975
f 787//976 490//976 492//976
f 491//977 490//977 792//977
f 787//978 492//978 793//978
f 793//979 492//979 493//979
f 793//980 493//980 788//980
f 788//981 493//981 794//981
f 788//982 794//982 789//982
f 789//982 794//982 795//982
f 789//983 795//983 790//983
f 790//983 795//983 796//983
f 790//984 796//984 791//984
f 791//984 796//984 560//984
f 791//743 560//743 558//743
f 794//985 493//985 797//985
f 797//986 493//986 494//986
f 797//987 494//987 794//987
f 794//988 494//988 798//988
f 794//989 798//989 795//989
f 795//989 798//989 799//989
f 795//990 799//990 796//990
f 796//990 799//990 562//990
f 796//745 562//745 560//745
f 494//991 495//991 798//991
f 798//992 495//992 800//992
f 798//993 800//993 799//993
f 799//993 800//993 564//993
f 799//747 564//747 562//747
f 495//994 496//994 800//994
f 800//995 496//995 497//995
f 800//996 497//996 566//996
f 566//997 497//997 801//997
f 566//751 801//751 568//751
f 568//998 801//998 498//998
f 568//999 498//999 499//999
f 497//1000 498//1000 801//1000
f 568//1001 499//1001 802//1001
f 802//1002 499//1002 500//1002
f 802//1003 500//1003 570//1003
f 570//1004 500//1004 803//1004
f 570//755 803//755 572//755
f 572//1005 803//1005 804//1005
f 572//757 804//757 574//757
f 574//1006 804//1006 805//1006
f 574//759 805//759 576//759
f 576//1007 805//1007 806//1007
f 576//761 806//761 578//761
f 578//1008 806//1008 667//1008
f 500//1009 501//1009 803//1009
f 803//1010 501//1010 807//1010
f 803//1005 807//1005 804//1005
f 804//1011 807//1011 808//1011
f 804//1006 808//1006 805//1006
f 805//1012 808//1012 809//1012
f 805//1007 809//1007 806//1007
f 806//1013 809//1013 810//1013
f 806//1008 810//1008 667//1008
f 667//1014 810//1014 665//1014
f 501//1015 502//1015 807//1015
f 807//1016 502//1016 503//1016
f 807//1016 503//1016 811//1016
f 811//1017 503//1017 504//1017
f 811//1018 504//1018 812//1018
f 812//1019 504//1019 505//1019
f 812//1020 505//1020 813//1020
f 813//1021 505//1021 814//1021
f 813//1022 814//1022 815//1022
f 815//1022 814//1022 816//1022
f 815//1023 816//1023 817//1023
f 817//1024 816//1024 818//1024
f 817//1025 818//1025 819//1025
f 819//1026 818//1026 820//1026
f 819//1027 820//1027 821//1027
f 821//1028 820//1028 822//1028
f 821//1029 822//1029 823//1029
f 823//1030 822//1030 824//1030
f 824//1031 822//1031 825//1031
f 824//1032 825//1032 826//1032
f 826//1033 825//1033 827//1033
f 827//1034 825//1034 828//1034
f 827//1035 828//1035 829//1035
f 829//1036 828//1036 830//1036
f 829//1037 830//1037 827//1037
f 505//1038 506//1038 814//1038
f 814//1039 506//1039 816//1039
f 506//1040 507//1040 816//1040
f 816//1041 507//1041 831//1041
f 816//1042 831//1042 818//1042
f 818//1043 831//1043 508//1043
f 818//1044 508//1044 832//1044
f 832//1045 508//1045 509//1045
f 832//1046 509//1046 833//1046
f 833//1047 509//1047 510//1047
f 833//1048 510//1048 511//1048
f 507//1049 508//1049 831//1049
f 833//1050 511//1050 834//1050
f 834//1051 511//1051 512//1051
f 834//1052 512//1052 835//1052
f 835//1053 512//1053 513//1053
f 835//1054 513//1054 731//1054
f 731//1055 513//1055 733//1055
f 513//1056 514//1056 733//1056
f 733//1057 514//1057 836//1057
f 733//1058 836//1058 738//1058
f 738//1059 836//1059 515//1059
f 514//1060 515//1060 836//1060
f 516//1061 517//1061 739//1061
f 452//1062 837//1062 453//1062
f 453//1063 837//1063 838//1063
f 453//1064 838//1064 839//1064
f 839//1065 838//1065 840//1065
f 839//1065 840//1065 841//1065
f 841//1066 840//1066 842//1066
f 841//1066 842//1066 843//1066
f 843//1067 842//1067 844//1067
f 843//1067 844//1067 845//1067
f 845//1068 844//1068 846//1068
f 845//1068 846//1068 847//1068
f 847//1069 846//1069 848//1069
f 847//1069 848//1069 849//1069
f 849//1070 848//1070 850//1070
f 849//1070 850//1070 851//1070
f 851//1071 850//1071 852//1071
f 851//1071 852//1071 595//1071
f 595//778 852//778 593//778
f 837//1072 452//1072 853//1072
f 853//1073 452//1073 456//1073
f 853//1074 456//1074 542//1074
f 542//1075 456//1075 455//1075
f 459//1076 460//1076 548//1076
f 548//1077 460//1077 854//1077
f 548//733 854//733 550//733
f 550//1078 854//1078 855//1078
f 550//735 855//735 552//735
f 552//1079 855//1079 856//1079
f 552//737 856//737 554//737
f 554//1080 856//1080 782//1080
f 460//1081 461//1081 854//1081
f 854//1082 461//1082 857//1082
f 854//1078 857//1078 855//1078
f 855//1083 857//1083 858//1083
f 855//1079 858//1079 856//1079
f 856//1084 858//1084 859//1084
f 856//1080 859//1080 782//1080
f 782//1085 859//1085 780//1085
f 857//1086 461//1086 860//1086
f 860//1087 461//1087 462//1087
f 860//1088 462//1088 861//1088
f 861//1089 462//1089 463//1089
f 861//1090 463//1090 862//1090
f 862//1091 463//1091 464//1091
f 862//1092 464//1092 863//1092
f 863//1093 464//1093 864//1093
f 863//1094 864//1094 865//1094
f 865//1095 864//1095 866//1095
f 865//1096 866//1096 867//1096
f 867//1097 866//1097 868//1097
f 867//1098 868//1098 772//1098
f 772//1099 868//1099 770//1099
f 464//1100 465//1100 864//1100
f 864//1101 465//1101 869//1101
f 864//1095 869//1095 866//1095
f 866//1102 869//1102 870//1102
f 866//1097 870//1097 868//1097
f 868//1103 870//1103 871//1103
f 868//1104 871//1104 770//1104
f 770//1105 871//1105 768//1105
f 465//1106 466//1106 869//1106
f 869//1107 466//1107 872//1107
f 869//1102 872//1102 870//1102
f 870//1108 872//1108 873//1108
f 870//1109 873//1109 871//1109
f 871//1110 873//1110 874//1110
f 871//1111 874//1111 768//1111
f 768//1112 874//1112 766//1112
f 872//1113 466//1113 873//1113
f 873//1114 466//1114 467//1114
f 873//1115 467//1115 874//1115
f 874//1116 467//1116 875//1116
f 874//1112 875//1112 766//1112
f 766//1117 875//1117 764//1117
f 467//1118 468//1118 875//1118
f 875//1119 468//1119 876//1119
f 875//1117 876//1117 764//1117
f 764//1120 876//1120 762//1120
f 468//1121 469//1121 876//1121
f 876//1122 469//1122 877//1122
f 876//1120 877//1120 762//1120
f 762//1123 877//1123 760//1123
f 469//1124 470//1124 877//1124
f 877//1124 470//1124 878//1124
f 877//1123 878//1123 760//1123
f 760//1125 878//1125 758//1125
f 878//1126 470//1126 879//1126
f 879//1127 470//1127 471//1127
f 879//1128 471//1128 880//1128
f 880//1129 471//1129 472//1129
f 880//1130 472//1130 752//1130
f 752//1131 472//1131 750//1131
f 472//1132 473//1132 750//1132
f 750//1133 473//1133 747//1133
f 473//1134 474//1134 747//1134
f 747//1135 474//1135 745//1135
f 474//1136 475//1136 745//1136
f 745//1137 475//1137 743//1137
f 743//1138 475//1138 881//1138
f 881//1139 475//1139 476//1139
f 881//1140 476//1140 882//1140
f 882//1141 476//1141 477//1141
f 882//1142 477//1142 613//1142
f 613//1143 477//1143 478//1143
f 480//1144 481//1144 609//1144
f 609//1144 481//1144 883//1144
f 609//792 883//792 607//792
f 607//1145 883//1145 884//1145
f 607//790 884//790 605//790
f 605//1146 884//1146 885//1146
f 605//788 885//788 603//788
f 603//1147 885//1147 886//1147
f 603//786 886//786 601//786
f 601//1148 886//1148 887//1148
f 601//784 887//784 599//784
f 599//1149 887//1149 888//1149
f 599//782 888//782 597//782
f 597//1150 888//1150 851//1150
f 597//780 851//780 595//780
f 883//1151 481//1151 889//1151
f 889//1152 481//1152 482//1152
f 889//1153 482//1153 890//1153
f 890//1154 482//1154 483//1154
f 890//1155 483//1155 891//1155
f 891//1156 483//1156 892//1156
f 891//1157 892//1157 893//1157
f 893//1158 892//1158 894//1158
f 893//1159 894//1159 895//1159
f 895//1160 894//1160 843//1160
f 895//1161 843//1161 845//1161
f 483//1162 484//1162 892//1162
f 892//1163 484//1163 896//1163
f 892//1158 896//1158 894//1158
f 894//1164 896//1164 841//1164
f 894//1160 841//1160 843//1160
f 484//1165 454//1165 896//1165
f 896//1166 454//1166 839//1166
f 896//1164 839//1164 841//1164
f 454//1167 453//1167 839//1167
f 897//1168 898//1168 899//1168
f 899//1169 898//1169 900//1169
f 899//1170 900//1170 901//1170
f 901//1171 900//1171 902//1171
f 901//1172 902//1172 903//1172
f 903//1173 902//1173 904//1173
f 904//1174 902//1174 905//1174
f 904//1175 905//1175 906//1175
f 906//1176 905//1176 907//1176
f 906//1176 907//1176 908//1176
f 908//1177 907//1177 909//1177
f 908//1177 909//1177 910//1177
f 910//1178 909//1178 641//1178
f 910//1178 641//1178 643//1178
f 898//1179 897//1179 911//1179
f 911//1180 897//1180 912//1180
f 911//1181 912//1181 913//1181
f 914//1182 915//1182 913//1182
f 913//1183 915//1183 916//1183
f 913//1184 916//1184 911//1184
f 911//1185 916//1185 917//1185
f 911//1186 917//1186 918//1186
f 918//1187 917//1187 919//1187
f 918//1188 919//1188 920//1188
f 920//1189 919//1189 921//1189
f 920//1190 921//1190 922//1190
f 922//1191 921//1191 923//1191
f 922//1192 923//1192 924//1192
f 924//1193 923//1193 925//1193
f 924//1194 925//1194 926//1194
f 926//1195 925//1195 927//1195
f 926//1196 927//1196 928//1196
f 928//1197 927//1197 929//1197
f 928//1198 929//1198 627//1198
f 627//1199 929//1199 625//1199
f 915//1200 914//1200 930//1200
f 930//1201 914//1201 931//1201
f 930//1202 931//1202 932//1202
f 932//1203 931//1203 933//1203
f 932//1204 933//1204 934//1204
f 934//1205 933//1205 935//1205
f 934//1206 935//1206 936//1206
f 936//1207 935//1207 614//1207
f 936//1208 614//1208 612//1208
f 933//1209 937//1209 935//1209
f 935//1210 937//1210 616//1210
f 935//1207 616//1207 614//1207
f 937//1211 938//1211 616//1211
f 616//1212 938//1212 618//1212
f 617//1213 619//1213 939//1213
f 939//1214 619//1214 940//1214
f 939//1215 940//1215 716//1215
f 716//1216 940//1216 718//1216
f 940//1217 941//1217 718//1217
f 718//1218 941//1218 720//1218
f 941//1219 942//1219 720//1219
f 720//1220 942//1220 722//1220
f 942//1221 830//1221 722//1221
f 722//1222 830//1222 724//1222
f 821//1223 823//1223 943//1223
f 943//1224 823//1224 944//1224
f 943//1225 944//1225 945//1225
f 945//1226 944//1226 946//1226
f 945//1227 946//1227 947//1227
f 948//1228 949//1228 947//1228
f 947//1229 949//1229 950//1229
f 947//1230 950//1230 945//1230
f 945//1231 950//1231 951//1231
f 945//1232 951//1232 821//1232
f 821//1233 951//1233 819//1233
f 952//1234 953//1234 948//1234
f 948//1235 953//1235 954//1235
f 948//1236 954//1236 949//1236
f 949//1237 954//1237 950//1237
f 953//1238 952//1238 955//1238
f 955//1239 952//1239 956//1239
f 955//1240 956//1240 957//1240
f 957//1241 956//1241 958//1241
f 957//1242 958//1242 959//1242
f 957//1243 959//1243 960//1243
f 960//1244 959//1244 961//1244
f 960//1245 961//1245 962//1245
f 962//1246 961//1246 963//1246
f 962//1247 963//1247 910//1247
f 910//1247 963//1247 908//1247
f 961//1248 964//1248 963//1248
f 963//1249 964//1249 908//1249
f 964//1250 965//1250 908//1250
f 908//1251 965//1251 906//1251
f 965//1252 904//1252 906//1252
f 966//1253 583//1253 967//1253
f 967//1254 583//1254 968//1254
f 968//1255 583//1255 969//1255
f 969//1256 583//1256 970//1256
f 970//1257 583//1257 971//1257
f 971//1258 583//1258 972//1258
f 972//1259 583//1259 973//1259
f 973//1260 583//1260 974//1260
f 974//1261 583//1261 975//1261
f 975//1262 583//1262 976//1262
f 976//1263 583//1263 977//1263
f 977//1264 583//1264 978//1264
f 978//1265 583//1265 979//1265
f 979//1266 583//1266 980//1266
f 980//1267 583//1267 981//1267
f 982//1268 583//1268 983//1268
f 983//1269 583//1269 584//1269
f 581//1270 583//1270 984//1270
f 984//1271 583//1271 985//1271
f 985//1272 583//1272 986//1272
f 986//1273 583//1273 987//1273
f 987//1274 583//1274 988//1274
f 988//1275 583//1275 989//1275
f 989//1276 583//1276 990//1276
f 990//1277 583//1277 991//1277
f 991//1278 583//1278 704//1278
f 992//1279 583//1279 993//1279
f 993//1280 583//1280 994//1280
f 994//1281 583//1281 995//1281
f 995//1282 583//1282 996//1282
f 996//1283 583//1283 997//1283
f 997//1284 583//1284 998//1284
f 998//1285 583//1285 999//1285
f 999//1286 583//1286 1000//1286
f 1000//1287 583//1287 1001//1287
f 1001//1288 583//1288 1002//1288
f 1002//1289 583//1289 1003//1289
f 1004//1290 583//1290 1005//1290
f 1005//1291 583//1291 966//1291
f 840//1292 838//1292 1006//1292
f 1006//1292 838//1292 837//1292
f 1006//1293 837//1293 1007//1293
f 1007//1293 837//1293 853//1293
f 1007//1294 853//1294 540//1294
f 540//1294 853//1294 542//1294
f 842//1295 840//1295 1008//1295
f 1008//1295 840//1295 1006//1295
f 1008//1296 1006//1296 1009//1296
f 1009//1296 1006//1296 1007//1296
f 1009//1297 1007//1297 538//1297
f 538//1297 1007//1297 540//1297
f 844//1298 842//1298 1010//1298
f 1010//1298 842//1298 1008//1298
f 1010//1299 1008//1299 1011//1299
f 1011//1299 1008//1299 1009//1299
f 1011//1300 1009//1300 536//1300
f 536//1300 1009//1300 538//1300
f 846//1301 844//1301 1012//1301
f 1012//1301 844//1301 1010//1301
f 1012//1302 1010//1302 1013//1302
f 1013//1302 1010//1302 1011//1302
f 1013//1303 1011//1303 534//1303
f 534//1303 1011//1303 536//1303
f 848//1304 846//1304 1014//1304
f 1014//1304 846//1304 1012//1304
f 1014//1305 1012//1305 1015//1305
f 1015//1305 1012//1305 1013//1305
f 1015//1306 1013//1306 532//1306
f 532//1306 1013//1306 534//1306
f 850//1307 848//1307 1016//1307
f 1016//1307 848//1307 1014//1307
f 1016//1308 1014//1308 1017//1308
f 1017//1308 1014//1308 1015//1308
f 1017//1309 1015//1309 530//1309
f 530//1309 1015//1309 532//1309
f 852//1310 850//1310 1018//1310
f 1018//1310 850//1310 1016//1310
f 1018//1311 1016//1311 1019//1311
f 1019//1311 1016//1311 1017//1311
f 1019//1312 1017//1312 528//1312
f 528//1312 1017//1312 530//1312
f 593//1313 852//1313 1020//1313
f 1020//1313 852//1313 1018//1313
f 1020//1314 1018//1314 1021//1314
f 1021//1314 1018//1314 1019//1314
f 1021//1315 1019//1315 526//1315
f 526//1315 1019//1315 528//1315
f 592//1316 1022//1316 1023//1316
f 1023//1316 1022//1316 927//1316
f 1023//1195 927//1195 925//1195
f 927//1197 1022//1197 929//1197
f 929//1317 1022//1317 1024//1317
f 929//1199 1024//1199 625//1199
f 625//1318 1024//1318 623//1318
f 1024//1317 1022//1317 590//1317
f 590//775 1022//775 592//775
f 928//1198 627//1198 629//1198
f 628//1319 1025//1319 630//1319
f 630//1319 1025//1319 1026//1319
f 630//1320 1026//1320 632//1320
f 632//1320 1026//1320 1027//1320
f 632//1321 1027//1321 634//1321
f 634//1321 1027//1321 1028//1321
f 634//1322 1028//1322 636//1322
f 636//1322 1028//1322 1029//1322
f 636//1323 1029//1323 638//1323
f 638//1323 1029//1323 1030//1323
f 638//1324 1030//1324 640//1324
f 640//1324 1030//1324 1031//1324
f 640//1325 1031//1325 642//1325
f 642//1325 1031//1325 1032//1325
f 642//1326 1032//1326 644//1326
f 644//1326 1032//1326 1033//1326
f 644//1327 1033//1327 646//1327
f 646//1327 1033//1327 1034//1327
f 646//1328 1034//1328 648//1328
f 648//1328 1034//1328 1035//1328
f 648//1329 1035//1329 650//1329
f 650//1329 1035//1329 1036//1329
f 650//1330 1036//1330 652//1330
f 652//1330 1036//1330 1037//1330
f 652//1331 1037//1331 654//1331
f 654//1331 1037//1331 1038//1331
f 654//1332 1038//1332 656//1332
f 656//1332 1038//1332 1039//1332
f 656//1333 1039//1333 658//1333
f 658//1333 1039//1333 1040//1333
f 658//1334 1040//1334 660//1334
f 660//1334 1040//1334 1041//1334
f 660//1335 1041//1335 662//1335
f 662//1336 1041//1336 1042//1336
f 662//1337 1042//1337 664//1337
f 664//1338 1042//1338 1043//1338
f 664//1339 1043//1339 666//1339
f 666//1340 1043//1340 582//1340
f 666//765 582//765 580//765
f 1025//1341 1044//1341 1026//1341
f 1026//1341 1044//1341 1045//1341
f 1026//1342 1045//1342 1027//1342
f 1027//1342 1045//1342 1046//1342
f 1027//1343 1046//1343 1028//1343
f 1028//1343 1046//1343 1047//1343
f 1028//1344 1047//1344 1029//1344
f 1029//1344 1047//1344 1048//1344
f 1029//1345 1048//1345 1030//1345
f 1030//1345 1048//1345 1049//1345
f 1030//1346 1049//1346 1031//1346
f 1031//1346 1049//1346 1050//1346
f 1031//1347 1050//1347 1032//1347
f 1032//1347 1050//1347 1051//1347
f 1032//1348 1051//1348 1033//1348
f 1033//1348 1051//1348 1052//1348
f 1033//1349 1052//1349 1034//1349
f 1034//1349 1052//1349 1053//1349
f 1034//1350 1053//1350 1035//1350
f 1035//1350 1053//1350 1054//1350
f 1035//1351 1054//1351 1036//1351
f 1036//1351 1054//1351 1055//1351
f 1036//1352 1055//1352 1037//1352
f 1037//1352 1055//1352 1056//1352
f 1037//1353 1056//1353 1038//1353
f 1038//1353 1056//1353 1057//1353
f 1038//1354 1057//1354 1039//1354
f 1039//1354 1057//1354 1058//1354
f 1039//1355 1058//1355 1040//1355
f 1040//1355 1058//1355 1059//1355
f 1040//1356 1059//1356 1041//1356
f 1041//1356 1059//1356 1060//1356
f 1041//1357 1060//1357 1042//1357
f 1042//1358 1060//1358 1061//1358
f 1042//1359 1061//1359 1043//1359
f 1043//1360 1061//1360 584//1360
f 1043//1361 584//1361 582//1361
f 1025//1362 628//1362 1062//1362
f 1062//1362 628//1362 626//1362
f 1062//1363 626//1363 1063//1363
f 1063//1363 626//1363 624//1363
f 1063//1364 624//1364 1064//1364
f 1064//1364 624//1364 622//1364
f 1064//1365 622//1365 1065//1365
f 1065//1366 622//1366 621//1366
f 1065//1367 621//1367 1066//1367
f 1066//1368 621//1368 668//1368
f 1066//1369 668//1369 1067//1369
f 1067//1369 668//1369 670//1369
f 1067//1370 670//1370 1068//1370
f 1068//1370 670//1370 673//1370
f 1068//1371 673//1371 1069//1371
f 1069//1371 673//1371 675//1371
f 1069//1372 675//1372 1070//1372
f 1070//1372 675//1372 677//1372
f 1070//1373 677//1373 1071//1373
f 1071//1373 677//1373 1072//1373
f 1071//1374 1072//1374 1073//1374
f 1073//1374 1072//1374 1074//1374
f 1073//1375 1074//1375 1075//1375
f 1075//1375 1074//1375 695//1375
f 1075//863 695//863 697//863
f 1044//1376 1076//1376 1045//1376
f 1045//1376 1076//1376 1077//1376
f 1045//1377 1077//1377 1046//1377
f 1046//1377 1077//1377 1078//1377
f 1046//1378 1078//1378 1047//1378
f 1047//1378 1078//1378 1079//1378
f 1047//1379 1079//1379 1048//1379
f 1048//1379 1079//1379 1080//1379
f 1048//1380 1080//1380 1049//1380
f 1049//1380 1080//1380 1081//1380
f 1049//1381 1081//1381 1050//1381
f 1050//1381 1081//1381 1082//1381
f 1050//1382 1082//1382 1051//1382
f 1051//1382 1082//1382 1083//1382
f 1051//1383 1083//1383 1052//1383
f 1052//1383 1083//1383 1084//1383
f 1052//1384 1084//1384 1053//1384
f 1053//1384 1084//1384 1085//1384
f 1053//1385 1085//1385 1054//1385
f 1054//1385 1085//1385 1086//1385
f 1054//1386 1086//1386 1055//1386
f 1055//1386 1086//1386 1087//1386
f 1055//1387 1087//1387 1056//1387
f 1056//1387 1087//1387 1088//1387
f 1056//1388 1088//1388 1057//1388
f 1057//1388 1088//1388 1089//1388
f 1057//1389 1089//1389 1058//1389
f 1058//1389 1089//1389 1090//1389
f 1058//1390 1090//1390 1059//1390
f 1059//1390 1090//1390 1091//1390
f 1059//1391 1091//1391 1060//1391
f 1060//1391 1091//1391 1092//1391
f 1060//1392 1092//1392 1061//1392
f 1061//1393 1092//1393 983//1393
f 1061//1394 983//1394 584//1394
f 1044//1395 1025//1395 1093//1395
f 1093//1395 1025//1395 1062//1395
f 1093//1396 1062//1396 1094//1396
f 1094//1396 1062//1396 1063//1396
f 1094//1397 1063//1397 1095//1397
f 1095//1397 1063//1397 1064//1397
f 1095//1398 1064//1398 1096//1398
f 1096//1399 1064//1399 1065//1399
f 1096//1400 1065//1400 1097//1400
f 1097//1401 1065//1401 1066//1401
f 1097//1402 1066//1402 1098//1402
f 1098//1402 1066//1402 1067//1402
f 1098//1403 1067//1403 1099//1403
f 1099//1403 1067//1403 1068//1403
f 1099//1404 1068//1404 1100//1404
f 1100//1404 1068//1404 1069//1404
f 1100//1405 1069//1405 1101//1405
f 1101//1405 1069//1405 1070//1405
f 1101//1406 1070//1406 1102//1406
f 1102//1406 1070//1406 1071//1406
f 1102//1407 1071//1407 1103//1407
f 1103//1407 1071//1407 1073//1407
f 1103//1408 1073//1408 1104//1408
f 1104//1408 1073//1408 1075//1408
f 1104//1409 1075//1409 1105//1409
f 1105//1409 1075//1409 697//1409
f 1105//865 697//865 699//865
f 1076//1410 966//1410 1077//1410
f 1077//1410 966//1410 967//1410
f 1077//1411 967//1411 1078//1411
f 1078//1411 967//1411 968//1411
f 1078//1412 968//1412 1079//1412
f 1079//1412 968//1412 969//1412
f 1079//1413 969//1413 1080//1413
f 1080//1413 969//1413 970//1413
f 1080//1414 970//1414 1081//1414
f 1081//1414 970//1414 971//1414
f 1081//1415 971//1415 1082//1415
f 1082//1415 971//1415 972//1415
f 1082//1416 972//1416 1083//1416
f 1083//1416 972//1416 973//1416
f 1083//1417 973//1417 1084//1417
f 1084//1417 973//1417 974//1417
f 1084//1418 974//1418 1085//1418
f 1085//1418 974//1418 975//1418
f 1085//1419 975//1419 1086//1419
f 1086//1419 975//1419 976//1419
f 1086//1420 976//1420 1087//1420
f 1087//1420 976//1420 977//1420
f 1087//1421 977//1421 1088//1421
f 1088//1421 977//1421 978//1421
f 1088//1422 978//1422 1089//1422
f 1089//1422 978//1422 979//1422
f 1089//1423 979//1423 1090//1423
f 1090//1423 979//1423 980//1423
f 1090//1424 980//1424 1091//1424
f 1091//1424 980//1424 981//1424
f 1091//1425 981//1425 1092//1425
f 1092//1425 981//1425 982//1425
f 1092//1426 982//1426 983//1426
f 1076//1427 1044//1427 1106//1427
f 1106//1427 1044//1427 1093//1427
f 1106//1428 1093//1428 1107//1428
f 1107//1428 1093//1428 1094//1428
f 1107//1429 1094//1429 1108//1429
f 1108//1429 1094//1429 1095//1429
f 1108//1430 1095//1430 1109//1430
f 1109//1431 1095//1431 1096//1431
f 1109//1432 1096//1432 1110//1432
f 1110//1433 1096//1433 1097//1433
f 1110//1434 1097//1434 1111//1434
f 1111//1434 1097//1434 1098//1434
f 1111//1435 1098//1435 1112//1435
f 1112//1435 1098//1435 1099//1435
f 1112//1436 1099//1436 1113//1436
f 1113//1436 1099//1436 1100//1436
f 1113//1437 1100//1437 1114//1437
f 1114//1437 1100//1437 1101//1437
f 1114//1438 1101//1438 1115//1438
f 1115//1438 1101//1438 1102//1438
f 1115//1439 1102//1439 1116//1439
f 1116//1439 1102//1439 1103//1439
f 1116//1440 1103//1440 1117//1440
f 1117//1440 1103//1440 1104//1440
f 1117//1441 1104//1441 1118//1441
f 1118//1441 1104//1441 1105//1441
f 1118//1442 1105//1442 1119//1442
f 1119//1442 1105//1442 699//1442
f 1119//867 699//867 701//867
f 966//1443 1076//1443 1005//1443
f 1005//1443 1076//1443 1106//1443
f 1005//1444 1106//1444 1004//1444
f 1004//1444 1106//1444 1107//1444
f 1004//1445 1107//1445 1120//1445
f 1120//1445 1107//1445 1108//1445
f 1120//1446 1108//1446 1003//1446
f 1003//1447 1108//1447 1109//1447
f 1003//1448 1109//1448 1002//1448
f 1002//1449 1109//1449 1110//1449
f 1002//1450 1110//1450 1001//1450
f 1001//1450 1110//1450 1111//1450
f 1001//1451 1111//1451 1000//1451
f 1000//1451 1111//1451 1112//1451
f 1000//1452 1112//1452 999//1452
f 999//1452 1112//1452 1113//1452
f 999//1453 1113//1453 998//1453
f 998//1453 1113//1453 1114//1453
f 998//1454 1114//1454 997//1454
f 997//1454 1114//1454 1115//1454
f 997//1455 1115//1455 996//1455
f 996//1455 1115//1455 1116//1455
f 996//1456 1116//1456 995//1456
f 995//1456 1116//1456 1117//1456
f 995//1457 1117//1457 994//1457
f 994//1457 1117//1457 1118//1457
f 994//1458 1118//1458 993//1458
f 993//1458 1118//1458 1119//1458
f 993//1459 1119//1459 992//1459
f 992//1459 1119//1459 701//1459
f 992//869 701//869 703//869
f 1004//1460 1120//1460 583//1460
f 583//1461 1120//1461 1003//1461
f 703//1462 583//1462 992//1462
f 733//1463 738//1463 735//1463
f 981//1464 583//1464 982//1464
f 588//771 587//771 623//771
f 519//772 589//772 521//772
f 521//1465 589//1465 1121//1465
f 521//1465 1121//1465 524//1465
f 524//1466 1121//1466 1021//1466
f 524//1466 1021//1466 526//1466
f 541//1467 543//1467 1122//1467
f 1122//1467 543//1467 544//1467
f 1122//1468 544//1468 1123//1468
f 1123//1468 544//1468 545//1468
f 1123//1469 545//1469 1124//1469
f 1124//1469 545//1469 546//1469
f 1124//1470 546//1470 1125//1470
f 1125//1470 546//1470 547//1470
f 1125//732 547//732 549//732
f 539//1471 541//1471 1126//1471
f 1126//1471 541//1471 1122//1471
f 1126//1472 1122//1472 1127//1472
f 1127//1472 1122//1472 1123//1472
f 1127//1473 1123//1473 1128//1473
f 1128//1473 1123//1473 1124//1473
f 1128//1474 1124//1474 1129//1474
f 1129//1474 1124//1474 1125//1474
f 1129//1475 1125//1475 1130//1475
f 1130//1475 1125//1475 549//1475
f 1130//734 549//734 551//734
f 537//1476 539//1476 1131//1476
f 1131//1476 539//1476 1126//1476
f 1131//1477 1126//1477 1132//1477
f 1132//1477 1126//1477 1127//1477
f 1132//1478 1127//1478 1133//1478
f 1133//1478 1127//1478 1128//1478
f 1133//1479 1128//1479 1134//1479
f 1134//1479 1128//1479 1129//1479
f 1134//1480 1129//1480 1135//1480
f 1135//1480 1129//1480 1130//1480
f 1135//1481 1130//1481 1136//1481
f 1136//1481 1130//1481 551//1481
f 1136//736 551//736 553//736
f 535//1482 537//1482 1137//1482
f 1137//1482 537//1482 1131//1482
f 1137//1483 1131//1483 1138//1483
f 1138//1483 1131//1483 1132//1483
f 1138//1484 1132//1484 1139//1484
f 1139//1484 1132//1484 1133//1484
f 1139//1485 1133//1485 1140//1485
f 1140//1485 1133//1485 1134//1485
f 1140//1486 1134//1486 1141//1486
f 1141//1486 1134//1486 1135//1486
f 1141//1487 1135//1487 1142//1487
f 1142//1487 1135//1487 1136//1487
f 1142//1488 1136//1488 1143//1488
f 1143//1488 1136//1488 553//1488
f 1143//738 553//738 555//738
f 533//1489 535//1489 1144//1489
f 1144//1489 535//1489 1137//1489
f 1144//1490 1137//1490 1145//1490
f 1145//1490 1137//1490 1138//1490
f 1145//1491 1138//1491 1146//1491
f 1146//1491 1138//1491 1139//1491
f 1146//1492 1139//1492 1147//1492
f 1147//1492 1139//1492 1140//1492
f 1147//1493 1140//1493 1148//1493
f 1148//1493 1140//1493 1141//1493
f 1148//1494 1141//1494 1149//1494
f 1149//1494 1141//1494 1142//1494
f 1149//1495 1142//1495 1150//1495
f 1150//1495 1142//1495 1143//1495
f 1150//1496 1143//1496 1151//1496
f 1151//1496 1143//1496 555//1496
f 1151//740 555//740 557//740
f 531//1497 533//1497 1152//1497
f 1152//1497 533//1497 1144//1497
f 1152//1498 1144//1498 1153//1498
f 1153//1498 1144//1498 1145//1498
f 1153//1499 1145//1499 1154//1499
f 1154//1499 1145//1499 1146//1499
f 1154//1500 1146//1500 1155//1500
f 1155//1500 1146//1500 1147//1500
f 1155//1501 1147//1501 1156//1501
f 1156//1501 1147//1501 1148//1501
f 1156//1502 1148//1502 1157//1502
f 1157//1502 1148//1502 1149//1502
f 1157//1503 1149//1503 1158//1503
f 1158//1503 1149//1503 1150//1503
f 1158//1504 1150//1504 1159//1504
f 1159//1504 1150//1504 1151//1504
f 1159//1505 1151//1505 1160//1505
f 1160//1505 1151//1505 557//1505
f 1160//742 557//742 559//742
f 711//881 525//881 527//881
f 1155//75 1161//75 1154//75
f 1154//75 1161//75 1162//75
f 1154//1506 1162//1506 1153//1506
f 1153//1506 1162//1506 1163//1506
f 1153//1507 1163//1507 1152//1507
f 1152//1507 1163//1507 709//1507
f 1152//878 709//878 531//878
f 1161//1508 1164//1508 1162//1508
f 1162//1508 1164//1508 1165//1508
f 1162//1509 1165//1509 1163//1509
f 1163//1509 1165//1509 707//1509
f 1163//876 707//876 709//876
f 1161//1510 1155//1510 1166//1510
f 1166//1510 1155//1510 1156//1510
f 1166//1511 1156//1511 1167//1511
f 1167//1511 1156//1511 1157//1511
f 1167//1512 1157//1512 1168//1512
f 1168//1512 1157//1512 1158//1512
f 1168//1513 1158//1513 1169//1513
f 1169//1513 1158//1513 1159//1513
f 1169//1514 1159//1514 1170//1514
f 1170//1514 1159//1514 1160//1514
f 1170//1515 1160//1515 1171//1515
f 1171//1515 1160//1515 559//1515
f 1171//744 559//744 561//744
f 1164//1516 689//1516 1165//1516
f 1165//1516 689//1516 688//1516
f 1165//874 688//874 707//874
f 1164//1517 1161//1517 1172//1517
f 1172//1517 1161//1517 1166//1517
f 1172//1518 1166//1518 1173//1518
f 1173//1518 1166//1518 1167//1518
f 1173//1519 1167//1519 1174//1519
f 1174//1519 1167//1519 1168//1519
f 1174//1520 1168//1520 1175//1520
f 1175//1520 1168//1520 1169//1520
f 1175//1521 1169//1521 1176//1521
f 1176//1521 1169//1521 1170//1521
f 1176//1522 1170//1522 1177//1522
f 1177//1522 1170//1522 1171//1522
f 1177//1523 1171//1523 1178//1523
f 1178//1523 1171//1523 561//1523
f 1178//746 561//746 563//746
f 689//1524 1164//1524 1179//1524
f 1179//1524 1164//1524 1172//1524
f 1179//1525 1172//1525 1180//1525
f 1180//1525 1172//1525 1173//1525
f 1180//1526 1173//1526 1181//1526
f 1181//1526 1173//1526 1174//1526
f 1181//1527 1174//1527 1182//1527
f 1182//1527 1174//1527 1175//1527
f 1182//1528 1175//1528 1183//1528
f 1183//1528 1175//1528 1176//1528
f 1183//1529 1176//1529 1184//1529
f 1184//1529 1176//1529 1177//1529
f 1184//1530 1177//1530 1185//1530
f 1185//1530 1177//1530 1178//1530
f 1185//1531 1178//1531 1186//1531
f 1186//1531 1178//1531 563//1531
f 1186//748 563//748 565//748
f 684//857 691//857 681//857
f 681//1532 691//1532 1187//1532
f 681//1532 1187//1532 679//1532
f 679//1533 1187//1533 1072//1533
f 679//1533 1072//1533 677//1533
f 743//1534 881//1534 740//1534
f 740//1535 881//1535 1188//1535
f 740//1536 1188//1536 939//1536
f 939//1537 1188//1537 617//1537
f 939//1536 716//1536 740//1536
f 830//1538 828//1538 724//1538
f 724//1539 828//1539 1189//1539
f 724//1540 1189//1540 726//1540
f 726//1541 1189//1541 1190//1541
f 726//1542 1190//1542 728//1542
f 728//1543 1190//1543 835//1543
f 728//1544 835//1544 731//1544
f 880//1545 752//1545 754//1545
f 879//1546 880//1546 756//1546
f 756//1545 880//1545 754//1545
f 879//1546 756//1546 758//1546
f 665//1547 1191//1547 663//1547
f 663//1548 1191//1548 1192//1548
f 663//1549 1192//1549 661//1549
f 661//1550 1192//1550 1193//1550
f 661//1551 1193//1551 659//1551
f 659//1552 1193//1552 1194//1552
f 659//1553 1194//1553 657//1553
f 657//1553 1194//1553 1195//1553
f 657//1554 1195//1554 655//1554
f 655//1554 1195//1554 954//1554
f 655//1555 954//1555 653//1555
f 653//1555 954//1555 953//1555
f 653//1556 953//1556 651//1556
f 651//1556 953//1556 955//1556
f 651//1557 955//1557 649//1557
f 649//1557 955//1557 957//1557
f 649//1558 957//1558 647//1558
f 647//1558 957//1558 960//1558
f 647//1559 960//1559 645//1559
f 645//1559 960//1559 962//1559
f 645//1560 962//1560 643//1560
f 643//1560 962//1560 910//1560
f 1191//1561 1196//1561 1192//1561
f 1192//1562 1196//1562 1197//1562
f 1192//1563 1197//1563 1193//1563
f 1193//1564 1197//1564 1198//1564
f 1193//1565 1198//1565 1194//1565
f 1194//1566 1198//1566 1199//1566
f 1194//1567 1199//1567 1195//1567
f 1195//1567 1199//1567 950//1567
f 1195//1237 950//1237 954//1237
f 665//1014 810//1014 1191//1014
f 1191//1568 810//1568 1200//1568
f 1191//1568 1200//1568 1196//1568
f 1196//1569 1200//1569 1201//1569
f 1196//1569 1201//1569 1202//1569
f 1202//1570 1201//1570 813//1570
f 1202//1570 813//1570 815//1570
f 1196//1571 1202//1571 1197//1571
f 1197//1572 1202//1572 1203//1572
f 1197//1573 1203//1573 1198//1573
f 1198//1574 1203//1574 1204//1574
f 1198//1575 1204//1575 1199//1575
f 1199//1576 1204//1576 951//1576
f 1199//1231 951//1231 950//1231
f 1202//1577 815//1577 1203//1577
f 1203//1578 815//1578 817//1578
f 1203//1579 817//1579 1204//1579
f 1204//1580 817//1580 819//1580
f 1204//1581 819//1581 951//1581
f 835//1582 1190//1582 834//1582
f 834//1583 1190//1583 1205//1583
f 834//1584 1205//1584 833//1584
f 833//1585 1205//1585 1206//1585
f 833//1586 1206//1586 832//1586
f 832//1587 1206//1587 820//1587
f 832//1588 820//1588 818//1588
f 1190//1589 1189//1589 1205//1589
f 1205//1590 1189//1590 1207//1590
f 1205//1591 1207//1591 1206//1591
f 1206//1592 1207//1592 822//1592
f 1206//1593 822//1593 820//1593
f 825//1594 822//1594 1207//1594
f 825//1595 1207//1595 828//1595
f 828//1596 1207//1596 1189//1596
f 943//1232 945//1232 821//1232
f 879//1125 758//1125 878//1125
f 788//1597 787//1597 793//1597
f 990//1598 1208//1598 989//1598
f 989//1598 1208//1598 1209//1598
f 989//1599 1209//1599 988//1599
f 988//1599 1209//1599 1210//1599
f 988//1600 1210//1600 987//1600
f 987//1600 1210//1600 1211//1600
f 987//1601 1211//1601 986//1601
f 986//1601 1211//1601 1212//1601
f 986//1602 1212//1602 985//1602
f 985//1602 1212//1602 1213//1602
f 985//1603 1213//1603 984//1603
f 984//1603 1213//1603 579//1603
f 984//764 579//764 581//764
f 1208//1604 1214//1604 1209//1604
f 1209//1604 1214//1604 1215//1604
f 1209//1605 1215//1605 1210//1605
f 1210//1605 1215//1605 1216//1605
f 1210//1606 1216//1606 1211//1606
f 1211//1606 1216//1606 1217//1606
f 1211//1607 1217//1607 1212//1607
f 1212//1607 1217//1607 1218//1607
f 1212//1608 1218//1608 1213//1608
f 1213//1608 1218//1608 577//1608
f 1213//762 577//762 579//762
f 1208//1609 990//1609 1219//1609
f 1219//1609 990//1609 991//1609
f 1219//1610 991//1610 1220//1610
f 1220//1610 991//1610 704//1610
f 1220//870 704//870 702//870
f 1214//1611 1221//1611 1215//1611
f 1215//1611 1221//1611 1222//1611
f 1215//1612 1222//1612 1216//1612
f 1216//1612 1222//1612 1223//1612
f 1216//1613 1223//1613 1217//1613
f 1217//1613 1223//1613 1224//1613
f 1217//1614 1224//1614 1218//1614
f 1218//1614 1224//1614 575//1614
f 1218//760 575//760 577//760
f 1214//1615 1208//1615 1225//1615
f 1225//1615 1208//1615 1219//1615
f 1225//1616 1219//1616 1226//1616
f 1226//1616 1219//1616 1220//1616
f 1226//1617 1220//1617 1227//1617
f 1227//1617 1220//1617 702//1617
f 1227//868 702//868 700//868
f 1221//1618 1228//1618 1222//1618
f 1222//1618 1228//1618 1229//1618
f 1222//1619 1229//1619 1223//1619
f 1223//1619 1229//1619 1230//1619
f 1223//1620 1230//1620 1224//1620
f 1224//1620 1230//1620 573//1620
f 1224//758 573//758 575//758
f 1221//1621 1214//1621 1231//1621
f 1231//1621 1214//1621 1225//1621
f 1231//1622 1225//1622 1232//1622
f 1232//1622 1225//1622 1226//1622
f 1232//1623 1226//1623 1233//1623
f 1233//1623 1226//1623 1227//1623
f 1233//1624 1227//1624 1234//1624
f 1234//1624 1227//1624 700//1624
f 1234//866 700//866 698//866
f 1228//1625 1235//1625 1229//1625
f 1229//1625 1235//1625 1236//1625
f 1229//1626 1236//1626 1230//1626
f 1230//1626 1236//1626 571//1626
f 1230//756 571//756 573//756
f 1228//1627 1221//1627 1237//1627
f 1237//1627 1221//1627 1231//1627
f 1237//1628 1231//1628 1238//1628
f 1238//1628 1231//1628 1232//1628
f 1238//1629 1232//1629 1239//1629
f 1239//1629 1232//1629 1233//1629
f 1239//1630 1233//1630 1240//1630
f 1240//1630 1233//1630 1234//1630
f 1240//1631 1234//1631 1241//1631
f 1241//1631 1234//1631 698//1631
f 1241//864 698//864 696//864
f 1235//1632 1242//1632 1236//1632
f 1236//1632 1242//1632 569//1632
f 1236//754 569//754 571//754
f 1235//1633 1228//1633 1243//1633
f 1243//1633 1228//1633 1237//1633
f 1243//1634 1237//1634 1244//1634
f 1244//1634 1237//1634 1238//1634
f 1244//1635 1238//1635 1245//1635
f 1245//1635 1238//1635 1239//1635
f 1245//1636 1239//1636 1246//1636
f 1246//1636 1239//1636 1240//1636
f 1246//1637 1240//1637 1247//1637
f 1247//1637 1240//1637 1241//1637
f 1247//1638 1241//1638 1248//1638
f 1248//1638 1241//1638 696//1638
f 1248//862 696//862 694//862
f 569//752 1242//752 567//752
f 567//1639 1242//1639 1249//1639
f 567//750 1249//750 565//750
f 565//1640 1249//1640 1186//1640
f 1242//1641 1235//1641 1250//1641
f 1250//1641 1235//1641 1243//1641
f 1250//1642 1243//1642 1251//1642
f 1251//1642 1243//1642 1244//1642
f 1251//1643 1244//1643 1252//1643
f 1252//1643 1244//1643 1245//1643
f 1252//1644 1245//1644 1253//1644
f 1253//1644 1245//1644 1246//1644
f 1253//1645 1246//1645 1254//1645
f 1254//1645 1246//1645 1247//1645
f 1254//1646 1247//1646 1255//1646
f 1255//1646 1247//1646 1248//1646
f 1255//1647 1248//1647 1256//1647
f 1256//1647 1248//1647 694//1647
f 1256//860 694//860 692//860
f 564//749 800//749 566//749
f 867//1098 772//1098 774//1098
f 802//753 570//753 568//753
f 807//1011 811//1011 808//1011
f 808//1648 811//1648 1257//1648
f 808//1012 1257//1012 809//1012
f 809//1649 1257//1649 1200//1649
f 809//1013 1200//1013 810//1013
f 811//1648 812//1648 1257//1648
f 1257//1650 812//1650 1201//1650
f 1257//1649 1201//1649 1200//1649
f 813//1650 1201//1650 812//1650
f 593//776 1020//776 591//776
f 591//1651 1020//1651 1121//1651
f 591//774 1121//774 589//774
f 1121//1651 1020//1651 1021//1651
f 623//1318 1024//1318 588//1318
f 588//773 1024//773 590//773
f 689//856 1179//856 690//856
f 690//1652 1179//1652 1258//1652
f 690//858 1258//858 692//858
f 692//1653 1258//1653 1256//1653
f 1258//1652 1179//1652 1180//1652
f 1074//1654 1072//1654 1187//1654
f 1074//1654 1187//1654 693//1654
f 693//859 1187//859 691//859
f 1258//1655 1180//1655 1259//1655
f 1259//1655 1180//1655 1181//1655
f 1259//1656 1181//1656 1260//1656
f 1260//1656 1181//1656 1182//1656
f 1260//1657 1182//1657 1261//1657
f 1261//1657 1182//1657 1183//1657
f 1261//1658 1183//1658 1262//1658
f 1262//1658 1183//1658 1184//1658
f 1262//1659 1184//1659 1263//1659
f 1263//1659 1184//1659 1185//1659
f 1263//1660 1185//1660 1264//1660
f 1264//1660 1185//1660 1186//1660
f 1264//1640 1186//1640 1249//1640
f 695//861 1074//861 693//861
f 1255//1661 1256//1661 1259//1661
f 1259//1653 1256//1653 1258//1653
f 1255//1661 1259//1661 1260//1661
f 861//1662 1265//1662 860//1662
f 860//1662 1265//1662 858//1662
f 860//1083 858//1083 857//1083
f 858//1084 1265//1084 859//1084
f 859//1663 1265//1663 1266//1663
f 859//1085 1266//1085 780//1085
f 780//1664 1266//1664 778//1664
f 1265//1665 861//1665 1267//1665
f 1267//1665 861//1665 862//1665
f 1267//1666 862//1666 1268//1666
f 1268//1666 862//1666 863//1666
f 1268//1094 863//1094 865//1094
f 1255//1667 1260//1667 1254//1667
f 1254//1667 1260//1667 1261//1667
f 1254//1668 1261//1668 1253//1668
f 1253//1668 1261//1668 1262//1668
f 1253//1669 1262//1669 1252//1669
f 1252//1669 1262//1669 1263//1669
f 1252//1670 1263//1670 1251//1670
f 1251//1670 1263//1670 1264//1670
f 1251//1671 1264//1671 1250//1671
f 1250//1671 1264//1671 1249//1671
f 1250//1639 1249//1639 1242//1639
f 1265//1663 1267//1663 1266//1663
f 1266//1672 1267//1672 1269//1672
f 1266//1664 1269//1664 778//1664
f 778//1673 1269//1673 776//1673
f 1269//1672 1267//1672 1268//1672
f 1269//1674 1268//1674 1270//1674
f 1270//1674 1268//1674 865//1674
f 1270//1096 865//1096 867//1096
f 774//1675 776//1675 1270//1675
f 1270//1673 776//1673 1269//1673
f 774//1675 1270//1675 867//1675
f 881//1535 882//1535 1188//1535
f 1188//1676 882//1676 615//1676
f 1188//1537 615//1537 617//1537
f 613//1676 615//1676 882//1676
f 612//1208 611//1208 936//1208
f 936//1677 611//1677 1271//1677
f 936//1206 1271//1206 934//1206
f 934//1678 1271//1678 1272//1678
f 934//1679 1272//1679 930//1679
f 930//1680 1272//1680 1273//1680
f 930//1681 1273//1681 916//1681
f 916//1682 1273//1682 1274//1682
f 916//1185 1274//1185 917//1185
f 917//1683 1274//1683 1275//1683
f 917//1187 1275//1187 919//1187
f 919//1684 1275//1684 1276//1684
f 919//1189 1276//1189 921//1189
f 921//1685 1276//1685 1277//1685
f 921//1191 1277//1191 923//1191
f 923//1686 1277//1686 1278//1686
f 923//1193 1278//1193 925//1193
f 925//1687 1278//1687 1023//1687
f 611//1677 610//1677 1271//1677
f 1271//793 610//793 608//793
f 1271//1678 608//1678 1272//1678
f 1272//791 608//791 606//791
f 1272//1680 606//1680 1273//1680
f 1273//789 606//789 604//789
f 1273//1682 604//1682 1274//1682
f 1274//787 604//787 602//787
f 1274//1683 602//1683 1275//1683
f 1275//785 602//785 600//785
f 1275//1684 600//1684 1276//1684
f 1276//783 600//783 598//783
f 1276//1685 598//1685 1277//1685
f 1277//781 598//781 596//781
f 1277//1686 596//1686 1278//1686
f 1278//779 596//779 594//779
f 1278//1687 594//1687 1023//1687
f 1023//777 594//777 592//777
f 930//1679 932//1679 934//1679
f 916//1681 915//1681 930//1681
f 883//1145 889//1145 884//1145
f 884//1688 889//1688 1279//1688
f 884//1146 1279//1146 885//1146
f 885//1689 1279//1689 1280//1689
f 885//1147 1280//1147 886//1147
f 886//1690 1280//1690 1281//1690
f 886//1148 1281//1148 887//1148
f 887//1691 1281//1691 1282//1691
f 887//1149 1282//1149 888//1149
f 888//1692 1282//1692 849//1692
f 888//1150 849//1150 851//1150
f 898//1186 911//1186 918//1186
f 900//1693 898//1693 1283//1693
f 1283//1693 898//1693 918//1693
f 1283//1188 918//1188 920//1188
f 902//1694 900//1694 1284//1694
f 1284//1694 900//1694 1283//1694
f 1284//1695 1283//1695 1285//1695
f 1285//1695 1283//1695 920//1695
f 1285//1190 920//1190 922//1190
f 905//1696 902//1696 1286//1696
f 1286//1696 902//1696 1284//1696
f 1286//1697 1284//1697 1287//1697
f 1287//1697 1284//1697 1285//1697
f 1287//1698 1285//1698 1288//1698
f 1288//1698 1285//1698 922//1698
f 1288//1192 922//1192 924//1192
f 907//1699 905//1699 1289//1699
f 1289//1699 905//1699 1286//1699
f 1289//1700 1286//1700 1290//1700
f 1290//1700 1286//1700 1287//1700
f 1290//1701 1287//1701 1291//1701
f 1291//1701 1287//1701 1288//1701
f 1291//1702 1288//1702 1292//1702
f 1292//1702 1288//1702 924//1702
f 1292//1194 924//1194 926//1194
f 909//1703 907//1703 1293//1703
f 1293//1703 907//1703 1289//1703
f 1293//1704 1289//1704 1294//1704
f 1294//1704 1289//1704 1290//1704
f 1294//1705 1290//1705 1295//1705
f 1295//1705 1290//1705 1291//1705
f 1295//1706 1291//1706 1296//1706
f 1296//1706 1291//1706 1292//1706
f 1296//1707 1292//1707 1297//1707
f 1297//1707 1292//1707 926//1707
f 1297//1196 926//1196 928//1196
f 641//1708 909//1708 639//1708
f 639//1708 909//1708 1293//1708
f 639//1709 1293//1709 637//1709
f 637//1709 1293//1709 1294//1709
f 637//1710 1294//1710 635//1710
f 635//1710 1294//1710 1295//1710
f 635//1711 1295//1711 633//1711
f 633//1711 1295//1711 1296//1711
f 633//1712 1296//1712 631//1712
f 631//1712 1296//1712 1297//1712
f 631//1713 1297//1713 629//1713
f 629//1713 1297//1713 928//1713
f 889//1688 890//1688 1279//1688
f 1279//1714 890//1714 1298//1714
f 1279//1689 1298//1689 1280//1689
f 1280//1715 1298//1715 1299//1715
f 1280//1690 1299//1690 1281//1690
f 1281//1716 1299//1716 1300//1716
f 1281//1691 1300//1691 1282//1691
f 1282//1717 1300//1717 847//1717
f 1282//1692 847//1692 849//1692
f 890//1714 891//1714 1298//1714
f 1298//1157 891//1157 893//1157
f 1298//1715 893//1715 1299//1715
f 1299//1159 893//1159 895//1159
f 1299//1716 895//1716 1300//1716
f 1300//1161 895//1161 845//1161
f 1300//1717 845//1717 847//1717
f 1301//1718 1302//1718 1303//1718
f 1304//1719 1305//1719 1306//1719
f 1307//1720 897//1720 1308//1720
f 1308//1721 897//1721 899//1721
f 1308//1722 899//1722 901//1722
f 1309//1723 913//1723 1307//1723
f 1307//1724 913//1724 912//1724
f 1307//1725 912//1725 897//1725
f 1310//1726 931//1726 1309//1726
f 1309//1727 931//1727 914//1727
f 1309//1728 914//1728 913//1728
f 931//1729 1310//1729 933//1729
f 933//1730 1310//1730 1311//1730
f 933//1731 1311//1731 937//1731
f 937//1732 1311//1732 938//1732
f 938//1733 1311//1733 1312//1733
f 938//1734 1312//1734 618//1734
f 618//1735 1312//1735 619//1735
f 619//1736 1312//1736 1313//1736
f 619//1737 1313//1737 940//1737
f 940//1738 1313//1738 941//1738
f 941//1739 1313//1739 1314//1739
f 941//1740 1314//1740 942//1740
f 942//1741 1314//1741 830//1741
f 830//1742 1314//1742 1315//1742
f 830//1743 1315//1743 827//1743
f 827//1744 1315//1744 826//1744
f 826//1745 1315//1745 1316//1745
f 826//1746 1316//1746 824//1746
f 824//1747 1316//1747 1317//1747
f 824//1748 1317//1748 823//1748
f 823//1749 1317//1749 944//1749
f 944//1750 1317//1750 1318//1750
f 944//1751 1318//1751 946//1751
f 946//1752 1318//1752 947//1752
f 947//1753 1318//1753 1319//1753
f 947//1754 1319//1754 948//1754
f 948//1755 1319//1755 952//1755
f 952//1756 1319//1756 1320//1756
f 952//1757 1320//1757 956//1757
f 956//1758 1320//1758 958//1758
f 958//1759 1320//1759 1321//1759
f 958//1760 1321//1760 959//1760
f 959//1761 1321//1761 961//1761
f 961//1762 1321//1762 1322//1762
f 961//1763 1322//1763 964//1763
f 964//1764 1322//1764 1323//1764
f 964//1765 1323//1765 965//1765
f 965//1766 1323//1766 904//1766
f 904//1767 1323//1767 1324//1767
f 904//1768 1324//1768 903//1768
f 903//1769 1324//1769 901//1769
f 901//1770 1324//1770 1308//1770
f 1325//1771 1326//1771 1327//1771
f 1327//247 1326//247 1328//247
f 1329//247 1330//247 1331//247
f 1331//247 1330//247 1332//247
f 1332//247 1330//247 1333//247
f 1329//41 1334//41 1330//41
f 1330//41 1334//41 1335//41
f 1336//1 1337//1 1338//1
f 1338//1 1337//1 1339//1
f 1336//1772 1338//1772 1340//1772
f 1340//1773 1338//1773 1341//1773
f 1341//41 1338//41 1342//41
f 1343//1774 1344//1774 1345//1774
f 1345//1775 1344//1775 1346//1775
f 1303//1776 1302//1776 1344//1776
f 1344//1776 1302//1776 1347//1776
f 1344//1776 1347//1776 1346//1776
f 1301//1777 1348//1777 1302//1777
f 1302//1777 1348//1777 1347//1777
f 1347//1777 1348//1777 1349//1777
f 1329//1778 1331//1778 1334//1778
f 1334//1778 1331//1778 1350//1778
f 1334//1778 1350//1778 1351//1778
f 1352//1779 1353//1779 1348//1779
f 1348//1780 1353//1780 1349//1780
f 1354//1 1355//1 1356//1
f 1325//1781 1327//1781 1357//1781
f 1357//1782 1327//1782 1358//1782
f 1358//1783 1327//1783 1359//1783
f 1360//1784 1361//1784 1362//1784
f 1363//1785 1364//1785 1365//1785
f 1365//1786 1364//1786 1366//1786
f 1306//1787 1305//1787 1364//1787
f 1364//1787 1305//1787 1367//1787
f 1364//1787 1367//1787 1366//1787
f 1304//1788 1368//1788 1305//1788
f 1305//1788 1368//1788 1367//1788
f 1367//1788 1368//1788 1369//1788
f 1343//1789 1345//1789 1368//1789
f 1368//1790 1345//1790 1369//1790
f 1370//1791 1350//1791 1371//1791
f 1371//1791 1350//1791 1332//1791
f 1332//1791 1350//1791 1331//1791
f 1325//1792 1357//1792 1326//1792
f 1326//1792 1357//1792 1372//1792
f 1326//1792 1372//1792 1373//1792
f 1324//1793 1374//1793 1308//1793
f 1308//1794 1374//1794 1375//1794
f 1308//1795 1375//1795 1307//1795
f 1307//1796 1375//1796 1376//1796
f 1307//1797 1376//1797 1309//1797
f 1309//1797 1376//1797 1377//1797
f 1309//1798 1377//1798 1310//1798
f 1310//1798 1377//1798 1378//1798
f 1310//1799 1378//1799 1311//1799
f 1311//1799 1378//1799 1379//1799
f 1311//247 1379//247 1312//247
f 1312//247 1379//247 1380//247
f 1312//1800 1380//1800 1313//1800
f 1313//1800 1380//1800 1381//1800
f 1313//1801 1381//1801 1314//1801
f 1314//1801 1381//1801 1382//1801
f 1314//1802 1382//1802 1315//1802
f 1315//1802 1382//1802 1383//1802
f 1315//1803 1383//1803 1316//1803
f 1316//1803 1383//1803 1384//1803
f 1316//1804 1384//1804 1317//1804
f 1317//1804 1384//1804 1385//1804
f 1317//1805 1385//1805 1318//1805
f 1318//1805 1385//1805 1386//1805
f 1318//1806 1386//1806 1319//1806
f 1319//1806 1386//1806 1387//1806
f 1319//1807 1387//1807 1320//1807
f 1320//1807 1387//1807 1388//1807
f 1320//1 1388//1 1321//1
f 1321//1 1388//1 1389//1
f 1321//1808 1389//1808 1322//1808
f 1322//1808 1389//1808 1390//1808
f 1322//1809 1390//1809 1323//1809
f 1323//1809 1390//1809 1391//1809
f 1323//1810 1391//1810 1324//1810
f 1324//1810 1391//1810 1374//1810
f 1392//1811 1393//1811 1394//1811
f 1394//1812 1393//1812 1395//1812
f 1394//1813 1395//1813 1396//1813
f 1396//1793 1395//1793 1397//1793
f 1396//1810 1397//1810 1398//1810
f 1398//1810 1397//1810 1399//1810
f 1398//1809 1399//1809 1400//1809
f 1400//1809 1399//1809 1401//1809
f 1400//1808 1401//1808 1402//1808
f 1402//1808 1401//1808 1403//1808
f 1402//1 1403//1 1404//1
f 1404//1 1403//1 1405//1
f 1404//1807 1405//1807 1406//1807
f 1406//1814 1405//1814 1407//1814
f 1406//1815 1407//1815 1408//1815
f 1408//1806 1407//1806 1409//1806
f 1408//1805 1409//1805 1410//1805
f 1410//1805 1409//1805 1411//1805
f 1410//1804 1411//1804 1412//1804
f 1412//1804 1411//1804 1413//1804
f 1412//1803 1413//1803 1414//1803
f 1414//1803 1413//1803 1415//1803
f 1414//1802 1415//1802 1416//1802
f 1416//1802 1415//1802 1417//1802
f 1416//1801 1417//1801 1418//1801
f 1418//1816 1417//1816 1419//1816
f 1418//1817 1419//1817 1420//1817
f 1420//1818 1419//1818 1421//1818
f 1420//1819 1421//1819 1422//1819
f 1422//1819 1421//1819 1423//1819
f 1422//1820 1423//1820 1424//1820
f 1424//1799 1423//1799 1425//1799
f 1424//1798 1425//1798 1426//1798
f 1426//1798 1425//1798 1427//1798
f 1426//1797 1427//1797 1392//1797
f 1392//1821 1427//1821 1393//1821
f 1375//1796 1395//1796 1376//1796
f 1376//1796 1395//1796 1393//1796
f 1376//1797 1393//1797 1377//1797
f 1377//1797 1393//1797 1427//1797
f 1377//1798 1427//1798 1378//1798
f 1378//1798 1427//1798 1425//1798
f 1378//1799 1425//1799 1379//1799
f 1379//1799 1425//1799 1423//1799
f 1379//247 1423//247 1380//247
f 1380//247 1423//247 1421//247
f 1380//1800 1421//1800 1381//1800
f 1381//1822 1421//1822 1419//1822
f 1381//1823 1419//1823 1382//1823
f 1382//1801 1419//1801 1417//1801
f 1382//1802 1417//1802 1383//1802
f 1383//1802 1417//1802 1415//1802
f 1383//1803 1415//1803 1384//1803
f 1384//1803 1415//1803 1413//1803
f 1384//1804 1413//1804 1385//1804
f 1385//1804 1413//1804 1411//1804
f 1385//1805 1411//1805 1386//1805
f 1386//1805 1411//1805 1409//1805
f 1386//1806 1409//1806 1387//1806
f 1387//1824 1409//1824 1407//1824
f 1387//1825 1407//1825 1388//1825
f 1388//1826 1407//1826 1405//1826
f 1388//1827 1405//1827 1389//1827
f 1389//1827 1405//1827 1403//1827
f 1389//1828 1403//1828 1390//1828
f 1390//1808 1403//1808 1401//1808
f 1390//1809 1401//1809 1391//1809
f 1391//1809 1401//1809 1399//1809
f 1391//1810 1399//1810 1374//1810
f 1374//1829 1399//1829 1397//1829
f 1374//1830 1397//1830 1375//1830
f 1375//1793 1397//1793 1395//1793
f 1428//35 1359//35 1429//35
f 1429//35 1359//35 1327//35
f 1429//35 1327//35 1430//35
f 1430//35 1327//35 1328//35
f 1430//35 1328//35 1431//35
f 1328//1802 1326//1802 1431//1802
f 1431//1831 1326//1831 1373//1831
f 1431//1832 1373//1832 1432//1832
f 1432//1833 1373//1833 1433//1833
f 1432//1834 1433//1834 1434//1834
f 1435//1835 1436//1835 1437//1835
f 1437//1836 1436//1836 1438//1836
f 1437//1837 1438//1837 1439//1837
f 1439//1838 1440//1838 1437//1838
f 1437//1839 1440//1839 1441//1839
f 1437//1840 1441//1840 1442//1840
f 1442//1841 1443//1841 1437//1841
f 1437//1842 1443//1842 1433//1842
f 1433//1843 1443//1843 1434//1843
f 1333//1844 1444//1844 1332//1844
f 1332//1845 1444//1845 1371//1845
f 1371//1797 1444//1797 1445//1797
f 1371//1846 1445//1846 1435//1846
f 1435//1847 1437//1847 1371//1847
f 1444//35 1333//35 1446//35
f 1446//35 1333//35 1330//35
f 1446//35 1330//35 1447//35
f 1447//35 1330//35 1335//35
f 1447//35 1335//35 1448//35
f 1335//1848 1334//1848 1448//1848
f 1448//1849 1334//1849 1351//1849
f 1448//1850 1351//1850 1449//1850
f 1449//1851 1351//1851 1450//1851
f 1449//1852 1450//1852 1451//1852
f 1452//1853 1453//1853 1454//1853
f 1454//1854 1453//1854 1455//1854
f 1454//1855 1455//1855 1456//1855
f 1456//1856 1457//1856 1454//1856
f 1454//1857 1457//1857 1458//1857
f 1454//1858 1458//1858 1459//1858
f 1459//1859 1460//1859 1454//1859
f 1454//1860 1460//1860 1450//1860
f 1450//1861 1460//1861 1451//1861
f 1342//1862 1461//1862 1341//1862
f 1341//1863 1461//1863 1462//1863
f 1462//1864 1461//1864 1463//1864
f 1462//1865 1463//1865 1452//1865
f 1452//1866 1454//1866 1462//1866
f 1461//35 1342//35 1464//35
f 1464//35 1342//35 1338//35
f 1464//35 1338//35 1465//35
f 1465//35 1338//35 1339//35
f 1465//35 1339//35 1466//35
f 1339//1867 1337//1867 1466//1867
f 1466//1868 1337//1868 1467//1868
f 1466//1869 1467//1869 1468//1869
f 1468//1870 1467//1870 1469//1870
f 1468//1871 1469//1871 1470//1871
f 1336//1872 1340//1872 1337//1872
f 1337//1872 1340//1872 1471//1872
f 1337//1872 1471//1872 1467//1872
f 1472//1873 1471//1873 1462//1873
f 1462//1873 1471//1873 1341//1873
f 1341//1873 1471//1873 1340//1873
f 1345//1874 1346//1874 1370//1874
f 1370//1875 1346//1875 1347//1875
f 1370//41 1347//41 1351//41
f 1351//41 1347//41 1462//41
f 1351//1876 1462//1876 1450//1876
f 1450//1877 1462//1877 1454//1877
f 1462//41 1347//41 1472//41
f 1472//1878 1347//1878 1349//1878
f 1472//1879 1349//1879 1353//1879
f 1351//1880 1350//1880 1370//1880
f 1352//1881 1473//1881 1353//1881
f 1353//1882 1473//1882 1474//1882
f 1356//1883 1355//1883 1473//1883
f 1473//1883 1355//1883 1475//1883
f 1473//1883 1475//1883 1474//1883
f 1354//1884 1476//1884 1355//1884
f 1355//1884 1476//1884 1475//1884
f 1475//1884 1476//1884 1477//1884
f 1478//1885 1479//1885 1476//1885
f 1476//1886 1479//1886 1477//1886
f 1480//1887 1372//1887 1481//1887
f 1481//1887 1372//1887 1358//1887
f 1358//1887 1372//1887 1357//1887
f 1359//1888 1428//1888 1358//1888
f 1358//1889 1428//1889 1481//1889
f 1481//1890 1428//1890 1482//1890
f 1481//1891 1482//1891 1483//1891
f 1483//1892 1484//1892 1481//1892
f 1478//1893 1485//1893 1479//1893
f 1479//1894 1485//1894 1486//1894
f 1362//1895 1361//1895 1485//1895
f 1485//1895 1361//1895 1487//1895
f 1485//1895 1487//1895 1486//1895
f 1360//1896 1488//1896 1361//1896
f 1361//1896 1488//1896 1487//1896
f 1487//1896 1488//1896 1489//1896
f 1363//1897 1365//1897 1488//1897
f 1488//1898 1365//1898 1489//1898
f 1365//247 1366//247 1480//247
f 1480//247 1366//247 1367//247
f 1480//247 1367//247 1373//247
f 1373//247 1367//247 1371//247
f 1373//1899 1371//1899 1433//1899
f 1433//1900 1371//1900 1437//1900
f 1371//1901 1367//1901 1370//1901
f 1370//1902 1367//1902 1369//1902
f 1370//1903 1369//1903 1345//1903
f 1373//247 1372//247 1480//247
f 1483//1904 1490//1904 1484//1904
f 1484//1905 1490//1905 1491//1905
f 1484//1906 1491//1906 1492//1906
f 1492//1907 1493//1907 1484//1907
f 1484//1908 1493//1908 1494//1908
f 1484//1909 1494//1909 1495//1909
f 1495//1910 1496//1910 1484//1910
f 1484//1911 1496//1911 1497//1911
f 1497//1912 1496//1912 1498//1912
f 1482//1913 1428//1913 1483//1913
f 1483//1914 1428//1914 1429//1914
f 1483//1915 1429//1915 1499//1915
f 1499//1916 1429//1916 1500//1916
f 1499//1917 1500//1917 1426//1917
f 1426//1918 1500//1918 1424//1918
f 1424//1919 1500//1919 1501//1919
f 1424//1920 1501//1920 1502//1920
f 1502//1921 1501//1921 1443//1921
f 1502//1922 1443//1922 1442//1922
f 1429//1923 1430//1923 1500//1923
f 1500//1924 1430//1924 1434//1924
f 1500//1925 1434//1925 1501//1925
f 1501//1926 1434//1926 1443//1926
f 1430//1927 1431//1927 1434//1927
f 1434//1928 1431//1928 1432//1928
f 1442//1929 1441//1929 1502//1929
f 1502//1930 1441//1930 1503//1930
f 1502//1931 1503//1931 1422//1931
f 1422//1932 1503//1932 1504//1932
f 1422//1932 1504//1932 1420//1932
f 1420//1933 1504//1933 1505//1933
f 1420//1934 1505//1934 1418//1934
f 1418//1935 1505//1935 1506//1935
f 1418//1936 1506//1936 1507//1936
f 1507//1937 1506//1937 1435//1937
f 1507//1938 1435//1938 1446//1938
f 1446//1939 1435//1939 1444//1939
f 1444//1940 1435//1940 1445//1940
f 1441//1941 1440//1941 1503//1941
f 1503//1942 1440//1942 1504//1942
f 1440//1943 1439//1943 1504//1943
f 1504//1944 1439//1944 1438//1944
f 1504//1945 1438//1945 1505//1945
f 1505//1946 1438//1946 1436//1946
f 1505//1947 1436//1947 1506//1947
f 1506//1948 1436//1948 1435//1948
f 1446//1949 1447//1949 1507//1949
f 1507//1950 1447//1950 1451//1950
f 1507//1951 1451//1951 1508//1951
f 1508//1952 1451//1952 1460//1952
f 1508//1953 1460//1953 1509//1953
f 1509//1954 1460//1954 1459//1954
f 1509//1955 1459//1955 1510//1955
f 1510//1956 1459//1956 1458//1956
f 1510//1957 1458//1957 1511//1957
f 1511//1958 1458//1958 1457//1958
f 1511//1959 1457//1959 1456//1959
f 1447//1960 1448//1960 1451//1960
f 1451//1961 1448//1961 1449//1961
f 1511//1962 1456//1962 1512//1962
f 1512//1963 1456//1963 1455//1963
f 1512//1964 1455//1964 1513//1964
f 1513//1965 1455//1965 1453//1965
f 1513//1966 1453//1966 1452//1966
f 1463//1967 1461//1967 1452//1967
f 1452//1968 1461//1968 1464//1968
f 1452//1969 1464//1969 1514//1969
f 1514//1970 1464//1970 1515//1970
f 1514//1971 1515//1971 1408//1971
f 1408//1972 1515//1972 1406//1972
f 1406//1973 1515//1973 1516//1973
f 1406//1974 1516//1974 1517//1974
f 1517//1975 1516//1975 1518//1975
f 1517//1976 1518//1976 1519//1976
f 1464//1977 1465//1977 1515//1977
f 1515//1978 1465//1978 1470//1978
f 1515//1979 1470//1979 1516//1979
f 1516//1980 1470//1980 1518//1980
f 1465//1981 1466//1981 1470//1981
f 1470//1982 1466//1982 1468//1982
f 1519//1983 1520//1983 1517//1983
f 1517//1984 1520//1984 1521//1984
f 1517//1985 1521//1985 1404//1985
f 1404//1986 1521//1986 1522//1986
f 1404//1986 1522//1986 1402//1986
f 1402//1987 1522//1987 1523//1987
f 1402//1988 1523//1988 1400//1988
f 1400//1989 1523//1989 1524//1989
f 1400//1990 1524//1990 1525//1990
f 1525//1991 1524//1991 1526//1991
f 1525//1992 1526//1992 1527//1992
f 1527//1993 1526//1993 1528//1993
f 1528//1994 1526//1994 1529//1994
f 1520//1995 1530//1995 1521//1995
f 1521//1996 1530//1996 1522//1996
f 1530//1997 1531//1997 1522//1997
f 1522//1998 1531//1998 1532//1998
f 1522//1999 1532//1999 1523//1999
f 1523//2000 1532//2000 1533//2000
f 1523//2001 1533//2001 1524//2001
f 1524//2002 1533//2002 1526//2002
f 1527//2003 1534//2003 1525//2003
f 1525//2004 1534//2004 1498//2004
f 1525//2005 1498//2005 1535//2005
f 1535//2006 1498//2006 1496//2006
f 1535//2007 1496//2007 1536//2007
f 1536//2008 1496//2008 1495//2008
f 1536//2009 1495//2009 1537//2009
f 1537//2010 1495//2010 1494//2010
f 1537//2011 1494//2011 1538//2011
f 1538//2012 1494//2012 1493//2012
f 1538//2013 1493//2013 1492//2013
f 1534//2014 1539//2014 1498//2014
f 1498//2015 1539//2015 1540//2015
f 1538//2016 1492//2016 1541//2016
f 1541//2017 1492//2017 1491//2017
f 1541//2018 1491//2018 1542//2018
f 1542//2019 1491//2019 1490//2019
f 1542//2020 1490//2020 1483//2020
f 1396//2021 1537//2021 1394//2021
f 1394//2022 1537//2022 1538//2022
f 1394//2023 1538//2023 1541//2023
f 1537//2024 1396//2024 1536//2024
f 1536//2025 1396//2025 1398//2025
f 1536//2025 1398//2025 1535//2025
f 1535//2026 1398//2026 1525//2026
f 1398//2027 1400//2027 1525//2027
f 1404//2028 1406//2028 1517//2028
f 1408//2029 1410//2029 1514//2029
f 1514//2029 1410//2029 1513//2029
f 1514//2030 1513//2030 1452//2030
f 1513//2031 1410//2031 1512//2031
f 1512//2032 1410//2032 1412//2032
f 1512//2033 1412//2033 1511//2033
f 1511//2034 1412//2034 1510//2034
f 1412//2035 1414//2035 1510//2035
f 1510//2036 1414//2036 1509//2036
f 1414//2037 1416//2037 1509//2037
f 1509//2037 1416//2037 1508//2037
f 1508//2038 1416//2038 1507//2038
f 1507//2039 1416//2039 1418//2039
f 1422//2040 1424//2040 1502//2040
f 1426//2041 1392//2041 1499//2041
f 1499//2041 1392//2041 1542//2041
f 1499//2042 1542//2042 1483//2042
f 1542//2043 1392//2043 1541//2043
f 1541//2044 1392//2044 1394//2044
f 1526//2045 1533//2045 1543//2045
f 1543//2046 1533//2046 1532//2046
f 1543//2047 1532//2047 1531//2047
f 1531//2048 1530//2048 1543//2048
f 1543//2049 1530//2049 1520//2049
f 1543//2050 1520//2050 1519//2050
f 1519//2051 1518//2051 1543//2051
f 1543//2052 1518//2052 1469//2052
f 1469//2053 1518//2053 1470//2053
f 1479//2054 1544//2054 1477//2054
f 1477//2055 1544//2055 1475//2055
f 1475//2056 1544//2056 1545//2056
f 1475//1 1545//1 1467//1
f 1467//2057 1545//2057 1469//2057
f 1469//2058 1545//2058 1543//2058
f 1471//2059 1472//2059 1467//2059
f 1467//2060 1472//2060 1475//2060
f 1353//1 1474//1 1472//1
f 1472//2061 1474//2061 1475//2061
f 1365//2062 1480//2062 1489//2062
f 1489//65 1480//65 1487//65
f 1487//65 1480//65 1481//65
f 1487//65 1481//65 1546//65
f 1546//65 1481//65 1497//65
f 1497//2063 1481//2063 1484//2063
f 1547//65 1544//65 1546//65
f 1546//65 1544//65 1487//65
f 1479//2064 1486//2064 1544//2064
f 1544//65 1486//65 1487//65
f 1548//2065 1549//2065 1539//2065
f 1539//2066 1549//2066 1546//2066
f 1539//2067 1546//2067 1540//2067
f 1540//2068 1546//2068 1497//2068
f 1540//2069 1497//2069 1498//2069
f 1//2070 1549//2070 2//2070
f 2//2071 1549//2071 1548//2071
f 1539//35 1534//35 1548//35
f 1548//35 1534//35 2//35
f 2//35 1534//35 1527//35
f 2//35 1527//35 5//35
f 5//35 1527//35 1528//35
f 5//1805 1528//1805 4//1805
f 4//2072 1528//2072 1545//2072
f 1545//2073 1528//2073 1529//2073
f 1545//2074 1529//2074 1526//2074
f 1526//2075 1543//2075 1545//2075
f 1544//2076 1547//2076 1545//2076
f 1545//2076 1547//2076 4//2076
f 4//2076 1547//2076 3//2076
f 1//2077 3//2077 1549//2077
f 1549//2077 3//2077 1547//2077
f 1549//2077 1547//2077 1546//2077
f 1550//2078 715//2078 1551//2078
f 1551//2078 715//2078 717//2078
f 1551//2079 717//2079 1552//2079
f 1552//2079 717//2079 719//2079
f 1552//2080 719//2080 1553//2080
f 1553//2080 719//2080 721//2080
f 1553//2081 721//2081 1554//2081
f 1554//2081 721//2081 723//2081
f 1554//2082 723//2082 1555//2082
f 1555//2082 723//2082 725//2082
f 1555//2083 725//2083 1556//2083
f 1556//2083 725//2083 727//2083
f 1556//2084 727//2084 1557//2084
f 1557//2084 727//2084 729//2084
f 1557//2085 729//2085 1558//2085
f 1558//2085 729//2085 730//2085
f 1558//2086 730//2086 1559//2086
f 1559//2086 730//2086 732//2086
f 1559//2087 732//2087 1560//2087
f 1560//2087 732//2087 734//2087
f 1560//2088 734//2088 1561//2088
f 1561//2088 734//2088 736//2088
f 1561//2089 736//2089 1562//2089
f 1562//2089 736//2089 737//2089
f 1562//2090 737//2090 1563//2090
f 1563//2091 737//2091 783//2091
f 1563//2092 783//2092 1564//2092
f 1564//2092 783//2092 755//2092
f 1564//2093 755//2093 1565//2093
f 1565//2093 755//2093 753//2093
f 1565//2094 753//2094 1566//2094
f 1566//2094 753//2094 751//2094
f 1566//2095 751//2095 1567//2095
f 1567//2095 751//2095 749//2095
f 1567//2096 749//2096 1568//2096
f 1568//2096 749//2096 748//2096
f 1568//2097 748//2097 1569//2097
f 1569//2097 748//2097 746//2097
f 1569//2098 746//2098 1570//2098
f 1570//2098 746//2098 744//2098
f 1570//2099 744//2099 1571//2099
f 1571//2099 744//2099 742//2099
f 1571//2100 742//2100 1572//2100
f 1572//2100 742//2100 741//2100
f 1572//2101 741//2101 1550//2101
f 1550//2101 741//2101 715//2101
f 522//2078 1573//2078 520//2078
f 520//2078 1573//2078 1574//2078
f 520//2079 1574//2079 518//2079
f 518//2079 1574//2079 1575//2079
f 518//2080 1575//2080 585//2080
f 585//2080 1575//2080 1576//2080
f 585//2081 1576//2081 620//2081
f 620//2081 1576//2081 1577//2081
f 620//2082 1577//2082 669//2082
f 669//2082 1577//2082 1578//2082
f 669//2083 1578//2083 671//2083
f 671//2083 1578//2083 1579//2083
f 671//2084 1579//2084 672//2084
f 672//2084 1579//2084 1580//2084
f 672//2085 1580//2085 674//2085
f 674//2085 1580//2085 1581//2085
f 674//2086 1581//2086 676//2086
f 676//2086 1581//2086 1582//2086
f 676//2087 1582//2087 678//2087
f 678//2087 1582//2087 1583//2087
f 678//2088 1583//2088 680//2088
f 680//2088 1583//2088 1584//2088
f 680//2089 1584//2089 682//2089
f 682//2089 1584//2089 1585//2089
f 682//2102 1585//2102 683//2102
f 683//2103 1585//2103 1586//2103
f 683//2092 1586//2092 685//2092
f 685//2092 1586//2092 1587//2092
f 685//2093 1587//2093 686//2093
f 686//2093 1587//2093 1588//2093
f 686//2094 1588//2094 687//2094
f 687//2094 1588//2094 1589//2094
f 687//2095 1589//2095 705//2095
f 705//2095 1589//2095 1590//2095
f 705//2096 1590//2096 710//2096
f 710//2096 1590//2096 1591//2096
f 710//2097 1591//2097 712//2097
f 712//2097 1591//2097 1592//2097
f 712//2098 1592//2098 713//2098
f 713//2098 1592//2098 1593//2098
f 713//2099 1593//2099 714//2099
f 714//2099 1593//2099 1594//2099
f 714//2100 1594//2100 523//2100
f 523//2100 1594//2100 1595//2100
f 523//2101 1595//2101 522//2101
f 522//2101 1595//2101 1573//2101
f 1596//2104 1597//2104 1598//2104
f 1598//2105 1597//2105 1599//2105
f 1598//2106 1599//2106 1600//2106
f 1597//2107 1596//2107 1601//2107
f 1601//2108 1596//2108 1602//2108
f 1601//2109 1602//2109 1603//2109
f 1603//2110 1602//2110 1604//2110
f 1603//2111 1604//2111 1605//2111
f 1605//2112 1604//2112 1606//2112
f 1605//2112 1606//2112 1607//2112
f 1607//2113 1606//2113 1608//2113
f 1608//2114 1606//2114 1609//2114
f 1608//2115 1609//2115 1610//2115
f 1610//2116 1609//2116 1611//2116
f 1610//2117 1611//2117 1612//2117
f 1612//2118 1611//2118 1613//2118
f 1612//2119 1613//2119 1614//2119
f 1614//2120 1613//2120 1615//2120
f 1615//2121 1613//2121 1616//2121
f 1615//2122 1616//2122 1617//2122
f 1617//2123 1616//2123 1618//2123
f 1617//2124 1618//2124 1619//2124
f 1619//2125 1618//2125 1620//2125
f 1619//2126 1620//2126 1621//2126
f 1621//2127 1620//2127 1622//2127
f 1621//2127 1622//2127 1623//2127
f 1623//2128 1622//2128 1624//2128
f 1624//2129 1622//2129 1625//2129
f 1624//2130 1625//2130 1626//2130
f 1626//2131 1625//2131 1627//2131
f 1626//2132 1627//2132 1628//2132
f 1628//2133 1627//2133 1629//2133
f 1628//2134 1629//2134 1630//2134
f 1630//2135 1629//2135 1631//2135
f 1631//2136 1629//2136 1632//2136
f 1631//2137 1632//2137 1633//2137
f 1633//2138 1632//2138 1634//2138
f 1633//2139 1634//2139 1635//2139
f 1635//2140 1634//2140 1636//2140
f 1635//2141 1636//2141 1637//2141
f 1637//2142 1636//2142 1638//2142
f 1637//2142 1638//2142 1639//2142
f 1639//2143 1638//2143 1640//2143
f 1640//2144 1638//2144 1641//2144
f 1640//2145 1641//2145 1642//2145
f 1642//2146 1641//2146 1643//2146
f 1642//2147 1643//2147 1644//2147
f 1644//2148 1643//2148 1645//2148
f 1644//2149 1645//2149 1646//2149
f 1646//2150 1645//2150 1647//2150
f 1647//2151 1645//2151 1648//2151
f 1647//2152 1648//2152 1649//2152
f 1649//2153 1648//2153 1650//2153
f 1649//2154 1650//2154 1651//2154
f 1651//2155 1650//2155 1652//2155
f 1651//2156 1652//2156 1653//2156
f 1653//2157 1652//2157 1654//2157
f 1653//2157 1654//2157 1655//2157
f 1655//2158 1654//2158 1656//2158
f 1656//2159 1654//2159 1657//2159
f 1656//2160 1657//2160 1658//2160
f 1658//2161 1657//2161 1659//2161
f 1658//2162 1659//2162 1600//2162
f 1600//2163 1659//2163 1598//2163
f 1630//41 1631//41 1660//41
f 1660//41 1631//41 1633//41
f 1660//41 1633//41 1635//41
f 1635//41 1637//41 1660//41
f 1660//41 1637//41 1639//41
f 1660//41 1639//41 1640//41
f 1640//41 1642//41 1660//41
f 1660//41 1642//41 1644//41
f 1660//41 1644//41 1646//41
f 1646//41 1647//41 1661//41
f 1661//41 1647//41 1649//41
f 1661//41 1649//41 1651//41
f 1651//41 1653//41 1661//41
f 1661//41 1653//41 1655//41
f 1661//41 1655//41 1656//41
f 1656//41 1658//41 1661//41
f 1661//41 1658//41 1600//41
f 1661//41 1600//41 1599//41
f 1599//41 1597//41 1662//41
f 1662//41 1597//41 1601//41
f 1662//41 1601//41 1603//41
f 1603//41 1605//41 1662//41
f 1662//41 1605//41 1607//41
f 1662//41 1607//41 1608//41
f 1608//41 1610//41 1662//41
f 1662//41 1610//41 1612//41
f 1662//41 1612//41 1614//41
f 1614//41 1615//41 1663//41
f 1663//41 1615//41 1617//41
f 1663//41 1617//41 1619//41
f 1619//41 1621//41 1663//41
f 1663//41 1621//41 1623//41
f 1663//41 1623//41 1624//41
f 1624//41 1626//41 1663//41
f 1663//41 1626//41 1628//41
f 1663//41 1628//41 1630//41
f 1664//2164 1665//2164 1666//2164
f 1666//2164 1665//2164 1667//2164
f 1666//2165 1667//2165 1668//2165
f 1668//2165 1667//2165 1669//2165
f 1668//2166 1669//2166 1670//2166
f 1670//2166 1669//2166 1671//2166
f 1670//2167 1671//2167 1672//2167
f 1672//2167 1671//2167 1673//2167
f 1672//2168 1673//2168 1674//2168
f 1674//2168 1673//2168 1675//2168
f 1674//2169 1675//2169 1676//2169
f 1676//2169 1675//2169 1677//2169
f 1676//2170 1677//2170 1678//2170
f 1678//2170 1677//2170 1679//2170
f 1678//2171 1679//2171 1680//2171
f 1680//2171 1679//2171 1681//2171
f 1680//2172 1681//2172 1682//2172
f 1682//2172 1681//2172 1683//2172
f 1682//2173 1683//2173 1684//2173
f 1684//2173 1683//2173 1685//2173
f 1684//2174 1685//2174 1686//2174
f 1686//2174 1685//2174 1687//2174
f 1686//2175 1687//2175 1688//2175
f 1688//2175 1687//2175 1689//2175
f 1688//2176 1689//2176 1690//2176
f 1690//2176 1689//2176 1691//2176
f 1690//2177 1691//2177 1692//2177
f 1692//2177 1691//2177 1693//2177
f 1692//2178 1693//2178 1694//2178
f 1694//2178 1693//2178 1695//2178
f 1694//2179 1695//2179 1696//2179
f 1696//2179 1695//2179 1697//2179
f 1696//2180 1697//2180 1698//2180
f 1698//2180 1697//2180 1699//2180
f 1698//2181 1699//2181 1700//2181
f 1700//2181 1699//2181 1701//2181
f 1700//2182 1701//2182 1702//2182
f 1702//2182 1701//2182 1703//2182
f 1702//2183 1703//2183 1704//2183
f 1704//2183 1703//2183 1705//2183
f 1704//2184 1705//2184 1706//2184
f 1706//2184 1705//2184 1707//2184
f 1706//2185 1707//2185 1708//2185
f 1708//2185 1707//2185 1709//2185
f 1708//2186 1709//2186 1710//2186
f 1710//2186 1709//2186 1711//2186
f 1710//2187 1711//2187 1712//2187
f 1712//2187 1711//2187 1713//2187
f 1712//2188 1713//2188 1714//2188
f 1714//2188 1713//2188 1715//2188
f 1714//2189 1715//2189 1716//2189
f 1716//2189 1715//2189 1717//2189
f 1716//2190 1717//2190 1718//2190
f 1718//2190 1717//2190 1719//2190
f 1718//2191 1719//2191 1664//2191
f 1664//2191 1719//2191 1665//2191
f 1659//2165 1669//2165 1598//2165
f 1598//2192 1669//2192 1667//2192
f 1598//2193 1667//2193 1596//2193
f 1596//2164 1667//2164 1665//2164
f 1596//2191 1665//2191 1602//2191
f 1602//2191 1665//2191 1719//2191
f 1602//2190 1719//2190 1604//2190
f 1604//2190 1719//2190 1717//2190
f 1604//2189 1717//2189 1606//2189
f 1606//2189 1717//2189 1715//2189
f 1606//2188 1715//2188 1609//2188
f 1609//2188 1715//2188 1713//2188
f 1609//2187 1713//2187 1611//2187
f 1611//2187 1713//2187 1711//2187
f 1611//2186 1711//2186 1613//2186
f 1613//2186 1711//2186 1709//2186
f 1613//2185 1709//2185 1616//2185
f 1616//2185 1709//2185 1707//2185
f 1616//2184 1707//2184 1618//2184
f 1618//2184 1707//2184 1705//2184
f 1618//2183 1705//2183 1620//2183
f 1620//2183 1705//2183 1703//2183
f 1620//2182 1703//2182 1622//2182
f 1622//2182 1703//2182 1701//2182
f 1622//2181 1701//2181 1625//2181
f 1625//2181 1701//2181 1699//2181
f 1625//2180 1699//2180 1627//2180
f 1627//2180 1699//2180 1697//2180
f 1627//2179 1697//2179 1629//2179
f 1629//2179 1697//2179 1695//2179
f 1629//2178 1695//2178 1632//2178
f 1632//2178 1695//2178 1693//2178
f 1632//2177 1693//2177 1634//2177
f 1634//2177 1693//2177 1691//2177
f 1634//2176 1691//2176 1636//2176
f 1636//2176 1691//2176 1689//2176
f 1636//2175 1689//2175 1638//2175
f 1638//2175 1689//2175 1687//2175
f 1638//2174 1687//2174 1641//2174
f 1641//2174 1687//2174 1685//2174
f 1641//2173 1685//2173 1643//2173
f 1643//2173 1685//2173 1683//2173
f 1643//2172 1683//2172 1645//2172
f 1645//2172 1683//2172 1681//2172
f 1645//2171 1681//2171 1648//2171
f 1648//2171 1681//2171 1679//2171
f 1648//2170 1679//2170 1650//2170
f 1650//2170 1679//2170 1677//2170
f 1650//2169 1677//2169 1652//2169
f 1652//2169 1677//2169 1675//2169
f 1652//2168 1675//2168 1654//2168
f 1654//2168 1675//2168 1673//2168
f 1654//2167 1673//2167 1657//2167
f 1657//2167 1673//2167 1671//2167
f 1657//2166 1671//2166 1659//2166
f 1659//2166 1671//2166 1669//2166
f 1720//2194 1721//2194 1722//2194
f 1722//2195 1721//2195 1723//2195
f 1722//2196 1723//2196 1724//2196
f 1721//2197 1720//2197 1725//2197
f 1725//2198 1720//2198 1726//2198
f 1725//2199 1726//2199 1727//2199
f 1727//2200 1726//2200 1728//2200
f 1727//2201 1728//2201 1729//2201
f 1729//2202 1728//2202 1730//2202
f 1729//2202 1730//2202 1731//2202
f 1731//2203 1730//2203 1732//2203
f 1732//2204 1730//2204 1733//2204
f 1732//2205 1733//2205 1734//2205
f 1734//2206 1733//2206 1735//2206
f 1734//2207 1735//2207 1736//2207
f 1736//2208 1735//2208 1737//2208
f 1736//2209 1737//2209 1738//2209
f 1738//2210 1737//2210 1739//2210
f 1739//2211 1737//2211 1740//2211
f 1739//2212 1740//2212 1741//2212
f 1741//2213 1740//2213 1742//2213
f 1741//2214 1742//2214 1743//2214
f 1743//2215 1742//2215 1744//2215
f 1743//2216 1744//2216 1745//2216
f 1745//2217 1744//2217 1746//2217
f 1745//2217 1746//2217 1747//2217
f 1747//2218 1746//2218 1748//2218
f 1748//2219 1746//2219 1749//2219
f 1748//2220 1749//2220 1750//2220
f 1750//2221 1749//2221 1751//2221
f 1750//2222 1751//2222 1752//2222
f 1752//2223 1751//2223 1753//2223
f 1752//2224 1753//2224 1754//2224
f 1754//2225 1753//2225 1755//2225
f 1755//2226 1753//2226 1756//2226
f 1755//2227 1756//2227 1757//2227
f 1757//2228 1756//2228 1758//2228
f 1757//2229 1758//2229 1759//2229
f 1759//2230 1758//2230 1760//2230
f 1759//2231 1760//2231 1761//2231
f 1761//2232 1760//2232 1762//2232
f 1761//2232 1762//2232 1763//2232
f 1763//2233 1762//2233 1764//2233
f 1764//2234 1762//2234 1765//2234
f 1764//2235 1765//2235 1766//2235
f 1766//2236 1765//2236 1767//2236
f 1766//2237 1767//2237 1768//2237
f 1768//2238 1767//2238 1769//2238
f 1768//2239 1769//2239 1770//2239
f 1770//2240 1769//2240 1771//2240
f 1771//2241 1769//2241 1772//2241
f 1771//2242 1772//2242 1773//2242
f 1773//2243 1772//2243 1774//2243
f 1773//2244 1774//2244 1775//2244
f 1775//2245 1774//2245 1776//2245
f 1775//2246 1776//2246 1777//2246
f 1777//2247 1776//2247 1778//2247
f 1777//2247 1778//2247 1779//2247
f 1779//2248 1778//2248 1780//2248
f 1780//2249 1778//2249 1781//2249
f 1780//2250 1781//2250 1782//2250
f 1782//2251 1781//2251 1783//2251
f 1782//2252 1783//2252 1724//2252
f 1724//2253 1783//2253 1722//2253
f 1754//229 1755//229 1784//229
f 1784//229 1755//229 1757//229
f 1784//229 1757//229 1759//229
f 1759//229 1761//229 1784//229
f 1784//229 1761//229 1763//229
f 1784//229 1763//229 1764//229
f 1764//229 1766//229 1784//229
f 1784//229 1766//229 1768//229
f 1784//229 1768//229 1770//229
f 1770//229 1771//229 1785//229
f 1785//229 1771//229 1773//229
f 1785//229 1773//229 1775//229
f 1775//229 1777//229 1785//229
f 1785//229 1777//229 1779//229
f 1785//229 1779//229 1780//229
f 1780//229 1782//229 1785//229
f 1785//229 1782//229 1724//229
f 1785//229 1724//229 1723//229
f 1723//229 1721//229 1786//229
f 1786//229 1721//229 1725//229
f 1786//229 1725//229 1727//229
f 1727//229 1729//229 1786//229
f 1786//229 1729//229 1731//229
f 1786//229 1731//229 1732//229
f 1732//229 1734//229 1786//229
f 1786//229 1734//229 1736//229
f 1786//229 1736//229 1738//229
f 1738//229 1739//229 1787//229
f 1787//229 1739//229 1741//229
f 1787//229 1741//229 1743//229
f 1743//229 1745//229 1787//229
f 1787//229 1745//229 1747//229
f 1787//229 1747//229 1748//229
f 1748//229 1750//229 1787//229
f 1787//229 1750//229 1752//229
f 1787//229 1752//229 1754//229
f 1788//2254 1789//2254 1790//2254
f 1790//2254 1789//2254 1791//2254
f 1790//2255 1791//2255 1792//2255
f 1792//2255 1791//2255 1793//2255
f 1792//2256 1793//2256 1794//2256
f 1794//2256 1793//2256 1795//2256
f 1794//2257 1795//2257 1796//2257
f 1796//2257 1795//2257 1797//2257
f 1796//2258 1797//2258 1798//2258
f 1798//2258 1797//2258 1799//2258
f 1798//2259 1799//2259 1800//2259
f 1800//2259 1799//2259 1801//2259
f 1800//2260 1801//2260 1802//2260
f 1802//2260 1801//2260 1803//2260
f 1802//2261 1803//2261 1804//2261
f 1804//2261 1803//2261 1805//2261
f 1804//2262 1805//2262 1806//2262
f 1806//2262 1805//2262 1807//2262
f 1806//2263 1807//2263 1808//2263
f 1808//2263 1807//2263 1809//2263
f 1808//2264 1809//2264 1810//2264
f 1810//2264 1809//2264 1811//2264
f 1810//2265 1811//2265 1812//2265
f 1812//2265 1811//2265 1813//2265
f 1812//2266 1813//2266 1814//2266
f 1814//2266 1813//2266 1815//2266
f 1814//2267 1815//2267 1816//2267
f 1816//2267 1815//2267 1817//2267
f 1816//2268 1817//2268 1818//2268
f 1818//2268 1817//2268 1819//2268
f 1818//2269 1819//2269 1820//2269
f 1820//2269 1819//2269 1821//2269
f 1820//2270 1821//2270 1822//2270
f 1822//2270 1821//2270 1823//2270
f 1822//2271 1823//2271 1824//2271
f 1824//2271 1823//2271 1825//2271
f 1824//2272 1825//2272 1826//2272
f 1826//2272 1825//2272 1827//2272
f 1826//2273 1827//2273 1828//2273
f 1828//2273 1827//2273 1829//2273
f 1828//2274 1829//2274 1830//2274
f 1830//2274 1829//2274 1831//2274
f 1830//2275 1831//2275 1832//2275
f 1832//2275 1831//2275 1833//2275
f 1832//2276 1833//2276 1834//2276
f 1834//2276 1833//2276 1835//2276
f 1834//2277 1835//2277 1836//2277
f 1836//2277 1835//2277 1837//2277
f 1836//2278 1837//2278 1838//2278
f 1838//2278 1837//2278 1839//2278
f 1838//2279 1839//2279 1840//2279
f 1840//2279 1839//2279 1841//2279
f 1840//2280 1841//2280 1842//2280
f 1842//2280 1841//2280 1843//2280
f 1842//2281 1843//2281 1788//2281
f 1788//2281 1843//2281 1789//2281
f 1783//2255 1793//2255 1722//2255
f 1722//2282 1793//2282 1791//2282
f 1722//2283 1791//2283 1720//2283
f 1720//2254 1791//2254 1789//2254
f 1720//2281 1789//2281 1726//2281
f 1726//2281 1789//2281 1843//2281
f 1726//2280 1843//2280 1728//2280
f 1728//2280 1843//2280 1841//2280
f 1728//2279 1841//2279 1730//2279
f 1730//2279 1841//2279 1839//2279
f 1730//2278 1839//2278 1733//2278
f 1733//2278 1839//2278 1837//2278
f 1733//2277 1837//2277 1735//2277
f 1735//2277 1837//2277 1835//2277
f 1735//2276 1835//2276 1737//2276
f 1737//2276 1835//2276 1833//2276
f 1737//2275 1833//2275 1740//2275
f 1740//2275 1833//2275 1831//2275
f 1740//2274 1831//2274 1742//2274
f 1742//2274 1831//2274 1829//2274
f 1742//2273 1829//2273 1744//2273
f 1744//2273 1829//2273 1827//2273
f 1744//2272 1827//2272 1746//2272
f 1746//2272 1827//2272 1825//2272
f 1746//2271 1825//2271 1749//2271
f 1749//2271 1825//2271 1823//2271
f 1749//2270 1823//2270 1751//2270
f 1751//2270 1823//2270 1821//2270
f 1751//2269 1821//2269 1753//2269
f 1753//2269 1821//2269 1819//2269
f 1753//2268 1819//2268 1756//2268
f 1756//2268 1819//2268 1817//2268
f 1756//2267 1817//2267 1758//2267
f 1758//2267 1817//2267 1815//2267
f 1758//2266 1815//2266 1760//2266
f 1760//2266 1815//2266 1813//2266
f 1760//2265 1813//2265 1762//2265
f 1762//2265 1813//2265 1811//2265
f 1762//2264 1811//2264 1765//2264
f 1765//2264 1811//2264 1809//2264
f 1765//2263 1809//2263 1767//2263
f 1767//2263 1809//2263 1807//2263
f 1767//2262 1807//2262 1769//2262
f 1769//2262 1807//2262 1805//2262
f 1769//2261 1805//2261 1772//2261
f 1772//2261 1805//2261 1803//2261
f 1772//2260 1803//2260 1774//2260
f 1774//2260 1803//2260 1801//2260
f 1774//2259 1801//2259 1776//2259
f 1776//2259 1801//2259 1799//2259
f 1776//2258 1799//2258 1778//2258
f 1778//2258 1799//2258 1797//2258
f 1778//2257 1797//2257 1781//2257
f 1781//2257 1797//2257 1795//2257
f 1781//2256 1795//2256 1783//2256
f 1783//2256 1795//2256 1793//2256
f 1844//2284 1845//2284 1846//2284
f 1846//2285 1845//2285 1847//2285
f 1846//2286 1847//2286 1848//2286
f 1845//2287 1844//2287 1849//2287
f 1849//2288 1844//2288 1850//2288
f 1849//2289 1850//2289 1851//2289
f 1851//2290 1850//2290 1852//2290
f 1851//2291 1852//2291 1853//2291
f 1853//2292 1852//2292 1854//2292
f 1853//2292 1854//2292 1855//2292
f 1855//2293 1854//2293 1856//2293
f 1856//2294 1854//2294 1857//2294
f 1856//2295 1857//2295 1858//2295
f 1858//2296 1857//2296 1859//2296
f 1858//2297 1859//2297 1860//2297
f 1860//2298 1859//2298 1861//2298
f 1860//2299 1861//2299 1862//2299
f 1862//2300 1861//2300 1863//2300
f 1863//2301 1861//2301 1864//2301
f 1863//2302 1864//2302 1865//2302
f 1865//2303 1864//2303 1866//2303
f 1865//2304 1866//2304 1867//2304
f 1867//2305 1866//2305 1868//2305
f 1867//2306 1868//2306 1869//2306
f 1869//2307 1868//2307 1870//2307
f 1869//2307 1870//2307 1871//2307
f 1871//2308 1870//2308 1872//2308
f 1872//2309 1870//2309 1873//2309
f 1872//2310 1873//2310 1874//2310
f 1874//2311 1873//2311 1875//2311
f 1874//2312 1875//2312 1876//2312
f 1876//2313 1875//2313 1877//2313
f 1876//2314 1877//2314 1878//2314
f 1878//2315 1877//2315 1879//2315
f 1879//2316 1877//2316 1880//2316
f 1879//2317 1880//2317 1881//2317
f 1881//2318 1880//2318 1882//2318
f 1881//2319 1882//2319 1883//2319
f 1883//2320 1882//2320 1884//2320
f 1883//2321 1884//2321 1885//2321
f 1885//2322 1884//2322 1886//2322
f 1885//2322 1886//2322 1887//2322
f 1887//2323 1886//2323 1888//2323
f 1888//2324 1886//2324 1889//2324
f 1888//2325 1889//2325 1890//2325
f 1890//2326 1889//2326 1891//2326
f 1890//2327 1891//2327 1892//2327
f 1892//2328 1891//2328 1893//2328
f 1892//2329 1893//2329 1894//2329
f 1894//2330 1893//2330 1895//2330
f 1895//2331 1893//2331 1896//2331
f 1895//2332 1896//2332 1897//2332
f 1897//2333 1896//2333 1898//2333
f 1897//2334 1898//2334 1899//2334
f 1899//2335 1898//2335 1900//2335
f 1899//2336 1900//2336 1901//2336
f 1901//2337 1900//2337 1902//2337
f 1901//2337 1902//2337 1903//2337
f 1903//2338 1902//2338 1904//2338
f 1904//2339 1902//2339 1905//2339
f 1904//2340 1905//2340 1906//2340
f 1906//2341 1905//2341 1907//2341
f 1906//2342 1907//2342 1848//2342
f 1848//2343 1907//2343 1846//2343
f 1878//247 1879//247 1908//247
f 1908//247 1879//247 1881//247
f 1908//247 1881//247 1883//247
f 1883//247 1885//247 1908//247
f 1908//247 1885//247 1887//247
f 1908//247 1887//247 1888//247
f 1888//247 1890//247 1908//247
f 1908//247 1890//247 1892//247
f 1908//247 1892//247 1894//247
f 1894//247 1895//247 1909//247
f 1909//247 1895//247 1897//247
f 1909//247 1897//247 1899//247
f 1899//247 1901//247 1909//247
f 1909//247 1901//247 1903//247
f 1909//247 1903//247 1904//247
f 1904//247 1906//247 1909//247
f 1909//247 1906//247 1848//247
f 1909//247 1848//247 1847//247
f 1847//247 1845//247 1910//247
f 1910//247 1845//247 1849//247
f 1910//247 1849//247 1851//247
f 1851//247 1853//247 1910//247
f 1910//247 1853//247 1855//247
f 1910//247 1855//247 1856//247
f 1856//247 1858//247 1910//247
f 1910//247 1858//247 1860//247
f 1910//247 1860//247 1862//247
f 1862//247 1863//247 1911//247
f 1911//247 1863//247 1865//247
f 1911//247 1865//247 1867//247
f 1867//247 1869//247 1911//247
f 1911//247 1869//247 1871//247
f 1911//247 1871//247 1872//247
f 1872//247 1874//247 1911//247
f 1911//247 1874//247 1876//247
f 1911//247 1876//247 1878//247
f 1912//2344 1913//2344 1914//2344
f 1914//2344 1913//2344 1915//2344
f 1914//2345 1915//2345 1916//2345
f 1916//2345 1915//2345 1917//2345
f 1916//2346 1917//2346 1918//2346
f 1918//2346 1917//2346 1919//2346
f 1918//2347 1919//2347 1920//2347
f 1920//2347 1919//2347 1921//2347
f 1920//2348 1921//2348 1922//2348
f 1922//2348 1921//2348 1923//2348
f 1922//2349 1923//2349 1924//2349
f 1924//2349 1923//2349 1925//2349
f 1924//2350 1925//2350 1926//2350
f 1926//2350 1925//2350 1927//2350
f 1926//2351 1927//2351 1928//2351
f 1928//2351 1927//2351 1929//2351
f 1928//2352 1929//2352 1930//2352
f 1930//2352 1929//2352 1931//2352
f 1930//2353 1931//2353 1932//2353
f 1932//2353 1931//2353 1933//2353
f 1932//2354 1933//2354 1934//2354
f 1934//2354 1933//2354 1935//2354
f 1934//2355 1935//2355 1936//2355
f 1936//2355 1935//2355 1937//2355
f 1936//2356 1937//2356 1938//2356
f 1938//2356 1937//2356 1939//2356
f 1938//2357 1939//2357 1940//2357
f 1940//2357 1939//2357 1941//2357
f 1940//2358 1941//2358 1942//2358
f 1942//2358 1941//2358 1943//2358
f 1942//2359 1943//2359 1944//2359
f 1944//2359 1943//2359 1945//2359
f 1944//2360 1945//2360 1946//2360
f 1946//2360 1945//2360 1947//2360
f 1946//2361 1947//2361 1948//2361
f 1948//2361 1947//2361 1949//2361
f 1948//2362 1949//2362 1950//2362
f 1950//2362 1949//2362 1951//2362
f 1950//2363 1951//2363 1952//2363
f 1952//2363 1951//2363 1953//2363
f 1952//2364 1953//2364 1954//2364
f 1954//2364 1953//2364 1955//2364
f 1954//2365 1955//2365 1956//2365
f 1956//2365 1955//2365 1957//2365
f 1956//2366 1957//2366 1958//2366
f 1958//2366 1957//2366 1959//2366
f 1958//2367 1959//2367 1960//2367
f 1960//2367 1959//2367 1961//2367
f 1960//2368 1961//2368 1962//2368
f 1962//2368 1961//2368 1963//2368
f 1962//2369 1963//2369 1964//2369
f 1964//2369 1963//2369 1965//2369
f 1964//2370 1965//2370 1966//2370
f 1966//2370 1965//2370 1967//2370
f 1966//2371 1967//2371 1912//2371
f 1912//2371 1967//2371 1913//2371
f 1907//2345 1917//2345 1846//2345
f 1846//2372 1917//2372 1915//2372
f 1846//2373 1915//2373 1844//2373
f 1844//2344 1915//2344 1913//2344
f 1844//2371 1913//2371 1850//2371
f 1850//2371 1913//2371 1967//2371
f 1850//2370 1967//2370 1852//2370
f 1852//2370 1967//2370 1965//2370
f 1852//2369 1965//2369 1854//2369
f 1854//2369 1965//2369 1963//2369
f 1854//2368 1963//2368 1857//2368
f 1857//2368 1963//2368 1961//2368
f 1857//2367 1961//2367 1859//2367
f 1859//2367 1961//2367 1959//2367
f 1859//2366 1959//2366 1861//2366
f 1861//2366 1959//2366 1957//2366
f 1861//2365 1957//2365 1864//2365
f 1864//2365 1957//2365 1955//2365
f 1864//2364 1955//2364 1866//2364
f 1866//2364 1955//2364 1953//2364
f 1866//2363 1953//2363 1868//2363
f 1868//2363 1953//2363 1951//2363
f 1868//2362 1951//2362 1870//2362
f 1870//2362 1951//2362 1949//2362
f 1870//2361 1949//2361 1873//2361
f 1873//2361 1949//2361 1947//2361
f 1873//2360 1947//2360 1875//2360
f 1875//2360 1947//2360 1945//2360
f 1875//2359 1945//2359 1877//2359
f 1877//2359 1945//2359 1943//2359
f 1877//2358 1943//2358 1880//2358
f 1880//2358 1943//2358 1941//2358
f 1880//2357 1941//2357 1882//2357
f 1882//2357 1941//2357 1939//2357
f 1882//2356 1939//2356 1884//2356
f 1884//2356 1939//2356 1937//2356
f 1884//2355 1937//2355 1886//2355
f 1886//2355 1937//2355 1935//2355
f 1886//2354 1935//2354 1889//2354
f 1889//2354 1935//2354 1933//2354
f 1889//2353 1933//2353 1891//2353
f 1891//2353 1933//2353 1931//2353
f 1891//2352 1931//2352 1893//2352
f 1893//2352 1931//2352 1929//2352
f 1893//2351 1929//2351 1896//2351
f 1896//2351 1929//2351 1927//2351
f 1896//2350 1927//2350 1898//2350
f 1898//2350 1927//2350 1925//2350
f 1898//2349 1925//2349 1900//2349
f 1900//2349 1925//2349 1923//2349
f 1900//2348 1923//2348 1902//2348
f 1902//2348 1923//2348 1921//2348
f 1902//2347 1921//2347 1905//2347
f 1905//2347 1921//2347 1919//2347
f 1905//2346 1919//2346 1907//2346
f 1907//2346 1919//2346 1917//2346
f 1792//2374 1968//2374 1790//2374
f 1790//2375 1968//2375 1969//2375
f 1790//2376 1969//2376 1970//2376
f 1968//2377 1792//2377 1971//2377
f 1971//2378 1792//2378 1794//2378
f 1971//2379 1794//2379 1972//2379
f 1972//2380 1794//2380 1796//2380
f 1972//2381 1796//2381 1973//2381
f 1973//2382 1796//2382 1974//2382
f 1974//2383 1796//2383 1798//2383
f 1974//2384 1798//2384 1975//2384
f 1975//2385 1798//2385 1800//2385
f 1975//2386 1800//2386 1976//2386
f 1976//2387 1800//2387 1802//2387
f 1976//2388 1802//2388 1977//2388
f 1977//2389 1802//2389 1978//2389
f 1978//2390 1802//2390 1804//2390
f 1978//2391 1804//2391 1979//2391
f 1979//2392 1804//2392 1806//2392
f 1979//2393 1806//2393 1980//2393
f 1980//2394 1806//2394 1981//2394
f 1981//2395 1806//2395 1808//2395
f 1981//2396 1808//2396 1982//2396
f 1982//2397 1808//2397 1810//2397
f 1982//2398 1810//2398 1983//2398
f 1983//2399 1810//2399 1812//2399
f 1983//2400 1812//2400 1984//2400
f 1984//2401 1812//2401 1985//2401
f 1985//2402 1812//2402 1814//2402
f 1985//2403 1814//2403 1986//2403
f 1986//2404 1814//2404 1816//2404
f 1986//2405 1816//2405 1987//2405
f 1987//2406 1816//2406 1818//2406
f 1987//2407 1818//2407 1988//2407
f 1988//2408 1818//2408 1989//2408
f 1989//2409 1818//2409 1820//2409
f 1989//2410 1820//2410 1990//2410
f 1990//2411 1820//2411 1822//2411
f 1990//2412 1822//2412 1991//2412
f 1991//2413 1822//2413 1824//2413
f 1991//2414 1824//2414 1992//2414
f 1992//2415 1824//2415 1993//2415
f 1993//2416 1824//2416 1826//2416
f 1993//2417 1826//2417 1994//2417
f 1994//2418 1826//2418 1828//2418
f 1994//2419 1828//2419 1995//2419
f 1995//2420 1828//2420 1830//2420
f 1995//2421 1830//2421 1996//2421
f 1996//2422 1830//2422 1997//2422
f 1997//2423 1830//2423 1832//2423
f 1997//2424 1832//2424 1998//2424
f 1998//2425 1832//2425 1834//2425
f 1998//2426 1834//2426 1999//2426
f 1999//2427 1834//2427 2000//2427
f 2000//2428 1834//2428 1836//2428
f 2000//2429 1836//2429 2001//2429
f 2001//2430 1836//2430 1838//2430
f 2001//2431 1838//2431 2002//2431
f 2002//2432 1838//2432 1840//2432
f 2002//2433 1840//2433 2003//2433
f 2003//2434 1840//2434 2004//2434
f 2004//2435 1840//2435 1842//2435
f 2004//2436 1842//2436 2005//2436
f 2005//2437 1842//2437 1788//2437
f 2005//2438 1788//2438 1970//2438
f 1970//2439 1788//2439 1790//2439
f 1575//2440 1574//2440 2006//2440
f 2006//2441 1574//2441 1573//2441
f 2006//2442 1573//2442 2007//2442
f 2007//2443 1573//2443 1595//2443
f 2007//2444 1595//2444 2008//2444
f 2008//2445 1595//2445 1594//2445
f 2008//2446 1594//2446 1593//2446
f 2008//2447 1593//2447 2009//2447
f 2009//2448 1593//2448 1592//2448
f 2009//2449 1592//2449 2010//2449
f 2010//2450 1592//2450 1591//2450
f 2010//2451 1591//2451 2011//2451
f 2011//2452 1591//2452 1590//2452
f 2011//2453 1590//2453 1589//2453
f 1588//2454 2012//2454 1589//2454
f 1589//2455 2012//2455 2013//2455
f 1589//2456 2013//2456 2011//2456
f 2011//2457 2013//2457 2014//2457
f 2011//2457 2014//2457 2015//2457
f 2015//2458 2014//2458 2016//2458
f 2015//2458 2016//2458 2017//2458
f 2017//2459 2016//2459 2018//2459
f 2017//2459 2018//2459 2019//2459
f 2019//2460 2018//2460 2020//2460
f 2019//2460 2020//2460 2021//2460
f 2021//2461 2020//2461 2022//2461
f 2021//2461 2022//2461 2023//2461
f 2023//2462 2022//2462 2024//2462
f 2023//2462 2024//2462 2025//2462
f 2025//2463 2024//2463 2026//2463
f 2025//2463 2026//2463 2027//2463
f 2027//2464 2026//2464 2028//2464
f 2027//2464 2028//2464 2029//2464
f 2029//2465 2028//2465 2030//2465
f 2029//2465 2030//2465 2031//2465
f 2031//2466 2030//2466 2032//2466
f 2031//2466 2032//2466 2033//2466
f 2033//2467 2032//2467 2034//2467
f 2033//2468 2034//2468 2035//2468
f 1588//2469 1587//2469 2012//2469
f 2012//2470 1587//2470 1586//2470
f 2012//2471 1586//2471 2036//2471
f 2036//2472 1586//2472 2037//2472
f 2036//2473 2037//2473 2038//2473
f 2038//2473 2037//2473 2039//2473
f 2038//2474 2039//2474 2040//2474
f 2040//2474 2039//2474 2041//2474
f 2040//2475 2041//2475 2042//2475
f 2042//2475 2041//2475 2043//2475
f 2042//2476 2043//2476 2044//2476
f 2044//2476 2043//2476 2045//2476
f 2044//2477 2045//2477 2046//2477
f 2046//2477 2045//2477 2047//2477
f 2046//2478 2047//2478 2048//2478
f 2048//2478 2047//2478 2049//2478
f 2048//2479 2049//2479 2050//2479
f 2050//2479 2049//2479 2051//2479
f 2050//2480 2051//2480 2052//2480
f 2052//2480 2051//2480 2053//2480
f 2052//2481 2053//2481 2054//2481
f 2054//2481 2053//2481 2055//2481
f 2054//2482 2055//2482 2056//2482
f 2056//2482 2055//2482 2057//2482
f 2056//2483 2057//2483 2058//2483
f 2058//2483 2057//2483 2059//2483
f 2058//2484 2059//2484 2060//2484
f 2060//2484 2059//2484 2061//2484
f 2060//2485 2061//2485 2062//2485
f 2062//2486 2061//2486 2063//2486
f 2062//2487 2063//2487 2064//2487
f 2064//2488 2063//2488 2065//2488
f 2064//2489 2065//2489 2066//2489
f 2066//2490 2065//2490 2067//2490
f 2066//2491 2067//2491 2068//2491
f 2068//2492 2067//2492 2069//2492
f 2068//2492 2069//2492 2070//2492
f 2070//2493 2069//2493 2071//2493
f 2070//2493 2071//2493 2072//2493
f 2072//2494 2071//2494 2073//2494
f 2072//2494 2073//2494 2074//2494
f 2074//2495 2073//2495 2075//2495
f 2074//2495 2075//2495 2076//2495
f 2076//2496 2075//2496 2077//2496
f 2076//2496 2077//2496 2078//2496
f 2078//2497 2077//2497 2079//2497
f 2078//2497 2079//2497 2080//2497
f 2080//2498 2079//2498 2081//2498
f 1586//2499 1585//2499 2037//2499
f 2037//2500 1585//2500 2082//2500
f 2037//2501 2082//2501 2039//2501
f 2039//2501 2082//2501 2083//2501
f 2039//2502 2083//2502 2041//2502
f 2041//2502 2083//2502 2084//2502
f 2041//2503 2084//2503 2043//2503
f 2043//2503 2084//2503 2085//2503
f 2043//2504 2085//2504 2045//2504
f 2045//2504 2085//2504 2086//2504
f 2045//2505 2086//2505 2047//2505
f 2047//2505 2086//2505 2087//2505
f 2047//2506 2087//2506 2049//2506
f 2049//2506 2087//2506 2088//2506
f 2049//2507 2088//2507 2051//2507
f 2051//2507 2088//2507 2089//2507
f 2051//2508 2089//2508 2053//2508
f 2053//2508 2089//2508 2090//2508
f 2053//2509 2090//2509 2055//2509
f 2055//2509 2090//2509 2091//2509
f 2055//2510 2091//2510 2057//2510
f 2057//2510 2091//2510 2092//2510
f 2057//2511 2092//2511 2059//2511
f 2059//2511 2092//2511 2093//2511
f 2059//2512 2093//2512 2061//2512
f 2061//2512 2093//2512 2094//2512
f 2061//2513 2094//2513 2063//2513
f 2063//2513 2094//2513 2095//2513
f 2063//2514 2095//2514 2065//2514
f 2065//2514 2095//2514 2067//2514
f 1585//2515 1584//2515 2082//2515
f 2082//2516 1584//2516 1583//2516
f 2082//2517 1583//2517 2096//2517
f 2096//2518 1583//2518 2097//2518
f 2096//2519 2097//2519 2098//2519
f 2098//2520 2097//2520 2099//2520
f 2098//2521 2099//2521 2100//2521
f 2100//2522 2099//2522 2101//2522
f 2100//2523 2101//2523 2102//2523
f 2102//2524 2101//2524 2103//2524
f 2102//2525 2103//2525 2104//2525
f 2104//2526 2103//2526 2105//2526
f 2104//2527 2105//2527 2106//2527
f 2106//2528 2105//2528 2107//2528
f 2106//2529 2107//2529 2108//2529
f 2108//2530 2107//2530 2109//2530
f 2108//2531 2109//2531 2110//2531
f 2110//2532 2109//2532 2111//2532
f 2110//2533 2111//2533 2081//2533
f 1583//2534 1582//2534 2097//2534
f 2097//2535 1582//2535 2112//2535
f 2097//2520 2112//2520 2099//2520
f 2099//2536 2112//2536 1580//2536
f 2099//2537 1580//2537 2113//2537
f 2113//2538 1580//2538 2114//2538
f 2113//2539 2114//2539 2115//2539
f 2115//2539 2114//2539 2116//2539
f 2115//2540 2116//2540 2117//2540
f 2117//2541 2116//2541 1577//2541
f 2117//2542 1577//2542 1576//2542
f 1582//2543 1581//2543 2112//2543
f 2112//2544 1581//2544 1580//2544
f 1580//2545 1579//2545 2114//2545
f 2114//2546 1579//2546 2116//2546
f 1579//2547 1578//2547 2116//2547
f 2116//2548 1578//2548 1577//2548
f 1575//2549 2118//2549 1576//2549
f 1576//2550 2118//2550 2119//2550
f 1576//2551 2119//2551 2120//2551
f 2120//2552 2119//2552 2121//2552
f 2120//2553 2121//2553 2122//2553
f 2122//2554 2121//2554 2123//2554
f 2122//2555 2123//2555 2124//2555
f 2124//2556 2123//2556 2125//2556
f 2124//2557 2125//2557 2126//2557
f 2126//2558 2125//2558 2127//2558
f 2126//2559 2127//2559 2128//2559
f 2128//2560 2127//2560 2129//2560
f 2128//2561 2129//2561 2130//2561
f 2130//2562 2129//2562 2131//2562
f 2130//2563 2131//2563 2081//2563
f 1552//2564 2132//2564 1551//2564
f 1551//2565 2132//2565 2133//2565
f 1551//2566 2133//2566 1550//2566
f 1550//2567 2133//2567 1572//2567
f 1572//2568 2133//2568 2134//2568
f 1572//2569 2134//2569 2135//2569
f 2135//2570 2134//2570 2136//2570
f 2135//2571 2136//2571 2137//2571
f 2137//2572 2136//2572 2138//2572
f 2137//2573 2138//2573 2139//2573
f 2139//2574 2138//2574 2140//2574
f 2139//2575 2140//2575 2141//2575
f 2141//2576 2140//2576 2142//2576
f 2141//2577 2142//2577 2143//2577
f 2143//2578 2142//2578 2144//2578
f 2143//2579 2144//2579 2145//2579
f 2145//2580 2144//2580 2146//2580
f 2145//2581 2146//2581 2147//2581
f 2147//2582 2146//2582 2148//2582
f 2147//2583 2148//2583 2149//2583
f 2149//2584 2148//2584 2150//2584
f 2149//2585 2150//2585 2151//2585
f 2151//2586 2150//2586 2152//2586
f 2152//2587 2150//2587 2153//2587
f 2152//2588 2153//2588 2154//2588
f 2154//2589 2153//2589 2155//2589
f 2155//2590 2153//2590 2156//2590
f 2155//2591 2156//2591 2157//2591
f 2157//2592 2156//2592 2158//2592
f 2157//2593 2158//2593 2159//2593
f 2159//2594 2158//2594 2160//2594
f 2159//2595 2160//2595 2161//2595
f 2161//2596 2160//2596 2162//2596
f 2162//2597 2160//2597 2163//2597
f 2162//2598 2163//2598 2164//2598
f 2164//2599 2163//2599 2165//2599
f 2164//2600 2165//2600 2166//2600
f 2166//2601 2165//2601 2167//2601
f 2166//2602 2167//2602 2168//2602
f 2168//2603 2167//2603 2169//2603
f 2168//2604 2169//2604 2170//2604
f 2170//2605 2169//2605 2171//2605
f 2170//2606 2171//2606 2172//2606
f 2172//2607 2171//2607 2173//2607
f 2172//2608 2173//2608 2174//2608
f 2174//2609 2173//2609 2175//2609
f 2174//2610 2175//2610 2176//2610
f 2176//2611 2175//2611 2177//2611
f 2176//2612 2177//2612 2178//2612
f 2178//2613 2177//2613 2179//2613
f 2178//2614 2179//2614 2048//2614
f 2048//2615 2179//2615 2046//2615
f 1553//2616 2180//2616 1552//2616
f 1552//2617 2180//2617 2181//2617
f 1552//2618 2181//2618 2132//2618
f 2132//2619 2181//2619 1994//2619
f 2132//2620 1994//2620 2182//2620
f 2182//2621 1994//2621 1995//2621
f 2182//2622 1995//2622 1996//2622
f 1553//2623 1554//2623 2180//2623
f 2180//2624 1554//2624 2183//2624
f 2180//2625 2183//2625 2184//2625
f 2184//2626 2183//2626 1555//2626
f 2184//2627 1555//2627 2185//2627
f 2185//2628 1555//2628 1556//2628
f 2185//2629 1556//2629 2186//2629
f 2186//2630 1556//2630 1557//2630
f 2186//2631 1557//2631 1558//2631
f 1554//2632 1555//2632 2183//2632
f 2186//2633 1558//2633 2187//2633
f 2187//2634 1558//2634 1559//2634
f 2187//2635 1559//2635 2188//2635
f 2188//2636 1559//2636 1560//2636
f 2188//2637 1560//2637 2189//2637
f 2189//2638 1560//2638 1561//2638
f 2189//2639 1561//2639 2190//2639
f 2190//2640 1561//2640 2191//2640
f 2190//2641 2191//2641 2192//2641
f 2192//2642 2191//2642 2193//2642
f 2192//2643 2193//2643 2194//2643
f 2194//2644 2193//2644 2195//2644
f 2194//2645 2195//2645 2151//2645
f 2151//2646 2195//2646 2149//2646
f 2191//2647 1561//2647 2196//2647
f 2196//2648 1561//2648 1562//2648
f 2196//2649 1562//2649 1563//2649
f 1564//2650 2197//2650 1563//2650
f 1563//2651 2197//2651 2191//2651
f 1563//2652 2191//2652 2196//2652
f 1564//2653 1565//2653 2197//2653
f 2197//2654 1565//2654 2198//2654
f 2197//2655 2198//2655 2199//2655
f 2199//2655 2198//2655 2147//2655
f 2199//2583 2147//2583 2149//2583
f 1565//2656 1566//2656 2198//2656
f 2198//2657 1566//2657 2200//2657
f 2198//2658 2200//2658 2143//2658
f 2143//2659 2200//2659 2141//2659
f 1566//2660 1567//2660 2200//2660
f 2200//2661 1567//2661 2201//2661
f 2200//2659 2201//2659 2141//2659
f 2141//2662 2201//2662 1568//2662
f 2141//2663 1568//2663 2139//2663
f 2139//2664 1568//2664 2202//2664
f 2139//2665 2202//2665 2137//2665
f 2137//2665 2202//2665 2135//2665
f 1567//2666 1568//2666 2201//2666
f 1568//2667 1569//2667 2202//2667
f 2202//2668 1569//2668 1570//2668
f 2202//2669 1570//2669 2135//2669
f 2135//2670 1570//2670 1571//2670
f 2135//2671 1571//2671 1572//2671
f 2192//2672 2203//2672 2190//2672
f 2190//2673 2203//2673 2189//2673
f 2203//2674 2204//2674 2189//2674
f 2189//2675 2204//2675 2187//2675
f 2189//2676 2187//2676 2188//2676
f 2204//2677 2205//2677 2187//2677
f 2187//2678 2205//2678 2206//2678
f 2187//2679 2206//2679 2186//2679
f 2186//2679 2206//2679 2207//2679
f 2186//2680 2207//2680 2185//2680
f 2185//2680 2207//2680 2208//2680
f 2185//2681 2208//2681 2184//2681
f 2184//2682 2208//2682 2209//2682
f 2184//2683 2209//2683 1991//2683
f 1991//2684 2209//2684 1990//2684
f 1990//2685 2209//2685 1989//2685
f 1989//2686 2209//2686 2210//2686
f 1989//2687 2210//2687 2211//2687
f 2211//2688 2210//2688 1988//2688
f 2211//2689 1988//2689 1989//2689
f 2205//2690 2212//2690 2206//2690
f 2206//2691 2212//2691 2213//2691
f 2206//2692 2213//2692 2207//2692
f 2207//2692 2213//2692 2214//2692
f 2207//2693 2214//2693 2208//2693
f 2208//2693 2214//2693 2210//2693
f 2208//2694 2210//2694 2209//2694
f 2212//2695 2215//2695 2213//2695
f 2213//2696 2215//2696 2216//2696
f 2213//2696 2216//2696 2217//2696
f 2217//2697 2216//2697 2218//2697
f 2217//2698 2218//2698 2219//2698
f 2219//2699 2218//2699 2220//2699
f 2219//2700 2220//2700 2221//2700
f 2221//2701 2220//2701 2222//2701
f 2221//2702 2222//2702 2223//2702
f 2223//2703 2222//2703 2224//2703
f 2223//2704 2224//2704 2225//2704
f 2225//2705 2224//2705 2226//2705
f 2225//2706 2226//2706 2227//2706
f 2227//2707 2226//2707 2228//2707
f 2227//2708 2228//2708 2229//2708
f 2229//2709 2228//2709 2230//2709
f 2229//2710 2230//2710 2231//2710
f 2231//2711 2230//2711 2232//2711
f 2231//2712 2232//2712 2233//2712
f 2233//2713 2232//2713 2234//2713
f 2233//2714 2234//2714 2235//2714
f 2235//2715 2234//2715 2072//2715
f 2235//2716 2072//2716 2074//2716
f 2222//2717 2236//2717 2224//2717
f 2224//2718 2236//2718 2226//2718
f 2230//2719 2237//2719 2232//2719
f 2232//2720 2237//2720 2238//2720
f 2232//2713 2238//2713 2234//2713
f 2234//2721 2238//2721 2070//2721
f 2234//2715 2070//2715 2072//2715
f 2237//2722 2239//2722 2238//2722
f 2238//2723 2239//2723 2068//2723
f 2238//2721 2068//2721 2070//2721
f 2239//2724 2240//2724 2068//2724
f 2068//2725 2240//2725 2066//2725
f 2062//2726 2241//2726 2060//2726
f 2060//2727 2241//2727 2242//2727
f 2060//2728 2242//2728 2058//2728
f 2058//2729 2242//2729 2243//2729
f 2058//2730 2243//2730 2056//2730
f 2056//2730 2243//2730 2244//2730
f 2056//2731 2244//2731 2054//2731
f 2054//2731 2244//2731 2245//2731
f 2054//2732 2245//2732 2052//2732
f 2052//2732 2245//2732 2246//2732
f 2052//2733 2246//2733 2050//2733
f 2050//2733 2246//2733 2178//2733
f 2050//2614 2178//2614 2048//2614
f 2242//2734 2247//2734 2243//2734
f 2243//2735 2247//2735 2248//2735
f 2243//2736 2248//2736 2244//2736
f 2244//2736 2248//2736 2249//2736
f 2244//2737 2249//2737 2245//2737
f 2245//2737 2249//2737 2250//2737
f 2245//2738 2250//2738 2246//2738
f 2246//2738 2250//2738 2176//2738
f 2246//2612 2176//2612 2178//2612
f 2247//2739 2251//2739 2248//2739
f 2248//2740 2251//2740 2252//2740
f 2248//2741 2252//2741 2249//2741
f 2249//2741 2252//2741 2253//2741
f 2249//2742 2253//2742 2250//2742
f 2250//2742 2253//2742 2174//2742
f 2250//2610 2174//2610 2176//2610
f 2251//2743 2254//2743 2252//2743
f 2252//2744 2254//2744 2255//2744
f 2252//2744 2255//2744 2256//2744
f 2256//2745 2255//2745 2257//2745
f 2256//2746 2257//2746 2258//2746
f 2258//2747 2257//2747 2255//2747
f 2168//2748 2259//2748 2258//2748
f 2258//2749 2259//2749 2170//2749
f 2258//2750 2170//2750 2256//2750
f 2256//2606 2170//2606 2172//2606
f 2256//2751 2172//2751 2253//2751
f 2253//2608 2172//2608 2174//2608
f 2166//2752 2260//2752 2164//2752
f 2164//2753 2260//2753 2162//2753
f 2161//2754 2157//2754 2159//2754
f 2261//2755 2262//2755 2263//2755
f 2263//2756 2262//2756 2264//2756
f 2263//2757 2264//2757 2265//2757
f 2265//2758 2264//2758 2266//2758
f 2265//2758 2266//2758 2267//2758
f 2267//2759 2266//2759 2268//2759
f 2267//2759 2268//2759 2269//2759
f 2269//2760 2268//2760 2270//2760
f 2269//2760 2270//2760 2271//2760
f 2271//2761 2270//2761 2272//2761
f 2271//2761 2272//2761 2273//2761
f 2273//2762 2272//2762 2274//2762
f 2273//2762 2274//2762 2275//2762
f 2275//2763 2274//2763 2276//2763
f 2275//2763 2276//2763 2277//2763
f 2277//2764 2276//2764 2278//2764
f 2277//2764 2278//2764 2279//2764
f 2279//2765 2278//2765 2280//2765
f 2279//2765 2280//2765 2281//2765
f 2281//2766 2280//2766 2282//2766
f 2281//2766 2282//2766 2283//2766
f 2283//2767 2282//2767 2284//2767
f 2283//2767 2284//2767 2285//2767
f 2285//2768 2284//2768 2286//2768
f 2285//2768 2286//2768 2287//2768
f 2287//2769 2286//2769 2288//2769
f 2287//2769 2288//2769 2289//2769
f 2289//2770 2288//2770 2290//2770
f 2289//2770 2290//2770 2291//2770
f 2291//2771 2290//2771 2292//2771
f 2291//2771 2292//2771 2293//2771
f 2293//2772 2292//2772 2294//2772
f 2293//2772 2294//2772 2295//2772
f 2295//2773 2294//2773 2296//2773
f 2295//2773 2296//2773 2125//2773
f 2125//2558 2296//2558 2127//2558
f 2262//2774 2261//2774 2297//2774
f 2297//2775 2261//2775 2298//2775
f 2297//2776 2298//2776 2299//2776
f 2299//2777 2298//2777 2300//2777
f 2299//2778 2300//2778 2301//2778
f 2301//2779 2300//2779 2302//2779
f 2301//2780 2302//2780 2303//2780
f 2303//2781 2302//2781 2304//2781
f 2303//2782 2304//2782 2305//2782
f 2305//2783 2304//2783 2306//2783
f 2305//2784 2306//2784 2307//2784
f 2307//2785 2306//2785 2308//2785
f 2307//2786 2308//2786 2309//2786
f 2309//2787 2308//2787 2310//2787
f 2309//2788 2310//2788 2311//2788
f 2311//2789 2310//2789 2001//2789
f 2311//2790 2001//2790 2002//2790
f 2300//2791 2312//2791 2302//2791
f 2302//2792 2312//2792 2313//2792
f 2302//2781 2313//2781 2304//2781
f 2304//2793 2313//2793 2314//2793
f 2304//2783 2314//2783 2306//2783
f 2306//2794 2314//2794 2315//2794
f 2306//2785 2315//2785 2308//2785
f 2308//2795 2315//2795 2316//2795
f 2308//2796 2316//2796 2310//2796
f 2310//2797 2316//2797 2317//2797
f 2310//2798 2317//2798 2318//2798
f 2318//2799 2317//2799 2000//2799
f 2318//2800 2000//2800 2001//2800
f 2312//2801 2319//2801 2313//2801
f 2313//2802 2319//2802 2320//2802
f 2313//2793 2320//2793 2314//2793
f 2314//2803 2320//2803 2321//2803
f 2314//2794 2321//2794 2315//2794
f 2315//2804 2321//2804 2322//2804
f 2315//2805 2322//2805 2316//2805
f 2316//2806 2322//2806 2323//2806
f 2316//2807 2323//2807 2317//2807
f 2317//2808 2323//2808 2324//2808
f 2317//2809 2324//2809 2000//2809
f 2000//2810 2324//2810 1999//2810
f 1999//2811 2324//2811 2325//2811
f 1999//2812 2325//2812 1998//2812
f 1998//2813 2325//2813 2326//2813
f 1998//2813 2326//2813 1997//2813
f 1997//2814 2326//2814 1996//2814
f 1996//2815 2326//2815 2327//2815
f 1996//2816 2327//2816 2328//2816
f 2328//2817 2327//2817 2329//2817
f 2328//2817 2329//2817 2330//2817
f 2330//2818 2329//2818 2331//2818
f 2330//2818 2331//2818 2332//2818
f 2332//2819 2331//2819 2333//2819
f 2332//2820 2333//2820 2334//2820
f 2319//2821 2335//2821 2320//2821
f 2320//2822 2335//2822 2336//2822
f 2320//2803 2336//2803 2321//2803
f 2321//2823 2336//2823 2337//2823
f 2321//2824 2337//2824 2322//2824
f 2322//2825 2337//2825 2338//2825
f 2322//2826 2338//2826 2323//2826
f 2323//2827 2338//2827 2339//2827
f 2323//2808 2339//2808 2324//2808
f 2324//2828 2339//2828 2325//2828
f 2336//2829 2335//2829 2337//2829
f 2337//2830 2335//2830 2340//2830
f 2337//2831 2340//2831 2338//2831
f 2338//2832 2340//2832 2341//2832
f 2338//2833 2341//2833 2342//2833
f 2342//2834 2341//2834 2343//2834
f 2342//2835 2343//2835 2344//2835
f 2344//2836 2343//2836 2345//2836
f 2344//2836 2345//2836 2346//2836
f 2346//2837 2345//2837 2331//2837
f 2346//2838 2331//2838 2329//2838
f 2345//2839 2333//2839 2331//2839
f 2332//2840 2334//2840 2136//2840
f 2136//2841 2334//2841 2138//2841
f 2144//2842 2347//2842 2146//2842
f 2146//2843 2347//2843 2348//2843
f 2146//2582 2348//2582 2148//2582
f 2148//2844 2348//2844 2349//2844
f 2148//2584 2349//2584 2150//2584
f 2150//2845 2349//2845 2153//2845
f 2347//2846 2350//2846 2348//2846
f 2348//2847 2350//2847 2351//2847
f 2348//2844 2351//2844 2349//2844
f 2349//2848 2351//2848 2352//2848
f 2349//2845 2352//2845 2153//2845
f 2153//2849 2352//2849 2156//2849
f 2350//2850 2353//2850 2351//2850
f 2351//2851 2353//2851 2354//2851
f 2351//2848 2354//2848 2352//2848
f 2352//2852 2354//2852 2355//2852
f 2352//2849 2355//2849 2156//2849
f 2156//2853 2355//2853 2158//2853
f 2354//2854 2353//2854 2356//2854
f 2356//2855 2353//2855 2357//2855
f 2356//2856 2357//2856 2358//2856
f 2358//2857 2357//2857 2359//2857
f 2358//2858 2359//2858 2360//2858
f 2360//2859 2359//2859 2361//2859
f 2360//2860 2361//2860 2362//2860
f 2362//2861 2361//2861 2363//2861
f 2362//2862 2363//2862 2364//2862
f 2364//2863 2363//2863 2365//2863
f 2364//2864 2365//2864 2366//2864
f 2366//2865 2365//2865 2367//2865
f 2366//2866 2367//2866 2368//2866
f 2368//2867 2367//2867 2369//2867
f 2368//2868 2369//2868 2370//2868
f 2370//2869 2369//2869 2371//2869
f 2370//2870 2371//2870 2372//2870
f 2372//2871 2371//2871 2373//2871
f 2372//2872 2373//2872 2374//2872
f 2374//2873 2373//2873 2375//2873
f 2374//2874 2375//2874 2376//2874
f 2376//2875 2375//2875 2377//2875
f 2376//2876 2377//2876 2378//2876
f 2378//2877 2377//2877 2379//2877
f 2378//2878 2379//2878 2380//2878
f 2380//2879 2379//2879 2381//2879
f 2380//2880 2381//2880 2382//2880
f 2382//2881 2381//2881 2383//2881
f 2382//2882 2383//2882 2040//2882
f 2040//2883 2383//2883 2038//2883
f 2361//2884 2384//2884 2363//2884
f 2363//2885 2384//2885 2385//2885
f 2363//2886 2385//2886 2365//2886
f 2365//2887 2385//2887 2386//2887
f 2365//2865 2386//2865 2367//2865
f 2367//2888 2386//2888 2387//2888
f 2367//2867 2387//2867 2369//2867
f 2369//2889 2387//2889 2388//2889
f 2369//2869 2388//2869 2371//2869
f 2371//2890 2388//2890 2389//2890
f 2371//2871 2389//2871 2373//2871
f 2373//2891 2389//2891 2390//2891
f 2373//2873 2390//2873 2375//2873
f 2375//2892 2390//2892 2391//2892
f 2375//2875 2391//2875 2377//2875
f 2377//2893 2391//2893 2392//2893
f 2377//2877 2392//2877 2379//2877
f 2379//229 2392//229 2393//229
f 2379//2879 2393//2879 2381//2879
f 2381//2894 2393//2894 2394//2894
f 2381//2881 2394//2881 2383//2881
f 2383//2895 2394//2895 2395//2895
f 2383//2883 2395//2883 2038//2883
f 2038//2896 2395//2896 2036//2896
f 2385//2897 2384//2897 2396//2897
f 2396//2898 2384//2898 2397//2898
f 2396//2899 2397//2899 2398//2899
f 2398//2900 2397//2900 2399//2900
f 2398//2901 2399//2901 2400//2901
f 2400//2902 2399//2902 2401//2902
f 2400//2903 2401//2903 2402//2903
f 2402//2904 2401//2904 2403//2904
f 2402//2905 2403//2905 2404//2905
f 2404//2906 2403//2906 2405//2906
f 2404//2907 2405//2907 2406//2907
f 2406//2908 2405//2908 2407//2908
f 2406//2909 2407//2909 2408//2909
f 2408//2910 2407//2910 2409//2910
f 2408//2911 2409//2911 2410//2911
f 2410//2912 2409//2912 2411//2912
f 2410//2913 2411//2913 2412//2913
f 2412//2914 2411//2914 2413//2914
f 2412//2915 2413//2915 2414//2915
f 2414//2916 2413//2916 2415//2916
f 2414//2917 2415//2917 2416//2917
f 2416//2918 2415//2918 2016//2918
f 2416//2919 2016//2919 2014//2919
f 2399//2920 2417//2920 2401//2920
f 2401//2921 2417//2921 2418//2921
f 2401//2904 2418//2904 2403//2904
f 2403//2922 2418//2922 2419//2922
f 2403//2906 2419//2906 2405//2906
f 2405//2923 2419//2923 2420//2923
f 2405//2908 2420//2908 2407//2908
f 2407//2924 2420//2924 2421//2924
f 2407//2910 2421//2910 2409//2910
f 2409//2925 2421//2925 2422//2925
f 2409//2912 2422//2912 2411//2912
f 2411//2926 2422//2926 2423//2926
f 2411//2914 2423//2914 2413//2914
f 2413//2927 2423//2927 2424//2927
f 2413//2916 2424//2916 2415//2916
f 2415//2928 2424//2928 2018//2928
f 2415//2918 2018//2918 2016//2918
f 2417//2929 2425//2929 2418//2929
f 2418//2930 2425//2930 2426//2930
f 2418//2922 2426//2922 2419//2922
f 2419//2931 2426//2931 2427//2931
f 2419//2923 2427//2923 2420//2923
f 2420//2932 2427//2932 2428//2932
f 2420//2924 2428//2924 2421//2924
f 2421//2933 2428//2933 2429//2933
f 2421//2925 2429//2925 2422//2925
f 2422//2934 2429//2934 2430//2934
f 2422//2926 2430//2926 2423//2926
f 2423//2935 2430//2935 2431//2935
f 2423//2927 2431//2927 2424//2927
f 2424//2936 2431//2936 2020//2936
f 2424//2928 2020//2928 2018//2928
f 2425//2937 2432//2937 2426//2937
f 2426//2938 2432//2938 2433//2938
f 2426//2931 2433//2931 2427//2931
f 2427//2939 2433//2939 2434//2939
f 2427//2932 2434//2932 2428//2932
f 2428//2940 2434//2940 2435//2940
f 2428//2933 2435//2933 2429//2933
f 2429//2941 2435//2941 2436//2941
f 2429//2934 2436//2934 2430//2934
f 2430//2942 2436//2942 2437//2942
f 2430//2935 2437//2935 2431//2935
f 2431//2943 2437//2943 2022//2943
f 2431//2936 2022//2936 2020//2936
f 2432//2944 2438//2944 2433//2944
f 2433//2944 2438//2944 2439//2944
f 2433//2939 2439//2939 2434//2939
f 2434//2945 2439//2945 2440//2945
f 2434//2940 2440//2940 2435//2940
f 2435//2946 2440//2946 2441//2946
f 2435//2941 2441//2941 2436//2941
f 2436//2947 2441//2947 2442//2947
f 2436//2942 2442//2942 2437//2942
f 2437//2948 2442//2948 2024//2948
f 2437//2943 2024//2943 2022//2943
f 2439//2949 2438//2949 2443//2949
f 2443//2950 2438//2950 2444//2950
f 2443//2951 2444//2951 2445//2951
f 2445//2952 2444//2952 2446//2952
f 2445//2953 2446//2953 2447//2953
f 2447//2954 2446//2954 2034//2954
f 2447//2955 2034//2955 2032//2955
f 2033//2956 2035//2956 2448//2956
f 2448//2957 2035//2957 2449//2957
f 2448//2958 2449//2958 2450//2958
f 2450//2959 2449//2959 2451//2959
f 2450//2960 2451//2960 2452//2960
f 2452//2961 2451//2961 2453//2961
f 2452//2962 2453//2962 2454//2962
f 2454//2963 2453//2963 2455//2963
f 2454//2964 2455//2964 2456//2964
f 2456//2965 2455//2965 2269//2965
f 2456//2966 2269//2966 2271//2966
f 2451//2967 2457//2967 2453//2967
f 2453//2968 2457//2968 2458//2968
f 2453//2963 2458//2963 2455//2963
f 2455//2969 2458//2969 2267//2969
f 2455//2965 2267//2965 2269//2965
f 2457//2970 2459//2970 2458//2970
f 2458//2971 2459//2971 2265//2971
f 2458//2969 2265//2969 2267//2969
f 2459//2972 2263//2972 2265//2972
f 1968//2973 2460//2973 1969//2973
f 1969//2974 2460//2974 2461//2974
f 1969//2975 2461//2975 1970//2975
f 1970//2976 2461//2976 2462//2976
f 1970//2977 2462//2977 2005//2977
f 2005//2978 2462//2978 2463//2978
f 2005//2979 2463//2979 2464//2979
f 2464//2980 2463//2980 2465//2980
f 2464//2980 2465//2980 2309//2980
f 2309//2786 2465//2786 2307//2786
f 2460//2981 1968//2981 2466//2981
f 2466//2982 1968//2982 1971//2982
f 2466//2983 1971//2983 1972//2983
f 1973//2984 2467//2984 1972//2984
f 1972//2985 2467//2985 2468//2985
f 1972//2986 2468//2986 2466//2986
f 2466//2987 2468//2987 2469//2987
f 2466//2988 2469//2988 2470//2988
f 2470//2989 2469//2989 2471//2989
f 2470//2990 2471//2990 2472//2990
f 2472//2991 2471//2991 2473//2991
f 2472//2992 2473//2992 2474//2992
f 2474//2993 2473//2993 2475//2993
f 2474//2994 2475//2994 2476//2994
f 2476//2995 2475//2995 2477//2995
f 2476//2996 2477//2996 2478//2996
f 2478//2997 2477//2997 2479//2997
f 2478//2998 2479//2998 2480//2998
f 2480//2999 2479//2999 2270//2999
f 2480//3000 2270//3000 2268//3000
f 1974//3001 2481//3001 1973//3001
f 1973//3002 2481//3002 2482//3002
f 1973//3003 2482//3003 2467//3003
f 2467//3004 2482//3004 2468//3004
f 1974//3005 1975//3005 2481//3005
f 2481//3006 1975//3006 2483//3006
f 2481//3007 2483//3007 2482//3007
f 2482//3008 2483//3008 2484//3008
f 2482//3009 2484//3009 2485//3009
f 2485//3009 2484//3009 2486//3009
f 2485//3010 2486//3010 2487//3010
f 2487//3010 2486//3010 2488//3010
f 2487//3011 2488//3011 2489//3011
f 2489//3011 2488//3011 2490//3011
f 2489//3012 2490//3012 2491//3012
f 2491//3012 2490//3012 2492//3012
f 2491//3013 2492//3013 2493//3013
f 2493//3013 2492//3013 2494//3013
f 2493//3014 2494//3014 2495//3014
f 2495//3014 2494//3014 2496//3014
f 2495//3015 2496//3015 2497//3015
f 2497//3015 2496//3015 2498//3015
f 2497//3016 2498//3016 2286//3016
f 2286//3016 2498//3016 2288//3016
f 2483//3017 1975//3017 2499//3017
f 2499//3018 1975//3018 1976//3018
f 2499//3019 1976//3019 1977//3019
f 1978//3020 2500//3020 1977//3020
f 1977//3021 2500//3021 2501//3021
f 1977//3022 2501//3022 2499//3022
f 2499//3023 2501//3023 2502//3023
f 2499//3024 2502//3024 2483//3024
f 2483//3025 2502//3025 2503//3025
f 2483//3026 2503//3026 2484//3026
f 2484//3027 2503//3027 2504//3027
f 2484//3028 2504//3028 2486//3028
f 2486//3028 2504//3028 2505//3028
f 2486//3029 2505//3029 2488//3029
f 2488//3029 2505//3029 2506//3029
f 2488//3030 2506//3030 2490//3030
f 2490//3030 2506//3030 2507//3030
f 2490//3031 2507//3031 2492//3031
f 2492//3031 2507//3031 2508//3031
f 2492//3032 2508//3032 2494//3032
f 2494//3032 2508//3032 2509//3032
f 2494//3033 2509//3033 2496//3033
f 2496//3033 2509//3033 2510//3033
f 2496//3034 2510//3034 2498//3034
f 2498//3034 2510//3034 2511//3034
f 2498//3035 2511//3035 2288//3035
f 2288//3035 2511//3035 2290//3035
f 2500//3036 1978//3036 2512//3036
f 2512//3036 1978//3036 1979//3036
f 2512//3037 1979//3037 1980//3037
f 2512//3038 1980//3038 2513//3038
f 2513//3039 1980//3039 1981//3039
f 2513//3040 1981//3040 2514//3040
f 2514//3041 1981//3041 2515//3041
f 2514//3042 2515//3042 2516//3042
f 2516//3043 2515//3043 1982//3043
f 2516//3044 1982//3044 2517//3044
f 2517//3045 1982//3045 1983//3045
f 2517//3046 1983//3046 1984//3046
f 1981//3047 1982//3047 2515//3047
f 1985//3048 2518//3048 1984//3048
f 1984//3049 2518//3049 2519//3049
f 1984//3050 2519//3050 2517//3050
f 2517//3051 2519//3051 2516//3051
f 1985//3052 1986//3052 2518//3052
f 2518//3053 1986//3053 2520//3053
f 2518//3054 2520//3054 2521//3054
f 2521//3055 2520//3055 2522//3055
f 2521//3056 2522//3056 2523//3056
f 2523//3057 2522//3057 2524//3057
f 2523//3058 2524//3058 2525//3058
f 2525//3059 2524//3059 2526//3059
f 2525//3060 2526//3060 2527//3060
f 2527//3061 2526//3061 2528//3061
f 2527//3062 2528//3062 2529//3062
f 2529//3063 2528//3063 2530//3063
f 2529//3064 2530//3064 2531//3064
f 2531//3065 2530//3065 2532//3065
f 2531//3066 2532//3066 2533//3066
f 2533//3067 2532//3067 2534//3067
f 2533//3068 2534//3068 2535//3068
f 2535//3069 2534//3069 2078//3069
f 2535//3070 2078//3070 2080//3070
f 2520//3071 1986//3071 2536//3071
f 2536//3072 1986//3072 1987//3072
f 2536//3073 1987//3073 2537//3073
f 2537//3074 1987//3074 1988//3074
f 2537//3075 1988//3075 2210//3075
f 2184//3076 1991//3076 2538//3076
f 2538//3077 1991//3077 1992//3077
f 2538//3078 1992//3078 2180//3078
f 2180//3079 1992//3079 2181//3079
f 1992//3080 1993//3080 2181//3080
f 2181//3081 1993//3081 1994//3081
f 2002//3082 2003//3082 2311//3082
f 2311//3083 2003//3083 2309//3083
f 2309//3084 2003//3084 2464//3084
f 2464//3085 2003//3085 2004//3085
f 2464//3086 2004//3086 2005//3086
f 2539//3087 2081//3087 2540//3087
f 2540//3088 2081//3088 2111//3088
f 2110//3089 2081//3089 2541//3089
f 2542//3090 2081//3090 2543//3090
f 2543//3091 2081//3091 2544//3091
f 2544//3092 2081//3092 2545//3092
f 2545//3093 2081//3093 2546//3093
f 2546//3094 2081//3094 2547//3094
f 2547//3095 2081//3095 2548//3095
f 2548//3096 2081//3096 2549//3096
f 2549//3097 2081//3097 2550//3097
f 2550//3098 2081//3098 2551//3098
f 2551//3099 2081//3099 2552//3099
f 2552//3100 2081//3100 2553//3100
f 2554//3101 2081//3101 2555//3101
f 2555//3102 2081//3102 2556//3102
f 2556//3103 2081//3103 2557//3103
f 2557//3104 2081//3104 2558//3104
f 2558//3105 2081//3105 2559//3105
f 2559//3106 2081//3106 2079//3106
f 2080//3107 2081//3107 2560//3107
f 2560//3108 2081//3108 2561//3108
f 2561//3109 2081//3109 2562//3109
f 2562//3110 2081//3110 2563//3110
f 2563//3111 2081//3111 2564//3111
f 2564//3112 2081//3112 2565//3112
f 2565//3113 2081//3113 2566//3113
f 2566//3114 2081//3114 2567//3114
f 2567//3115 2081//3115 2568//3115
f 2569//3116 2081//3116 2570//3116
f 2570//3117 2081//3117 2571//3117
f 2571//3118 2081//3118 2572//3118
f 2572//3119 2081//3119 2573//3119
f 2573//3120 2081//3120 2574//3120
f 2574//3121 2081//3121 2575//3121
f 2575//3122 2081//3122 2576//3122
f 2576//3123 2081//3123 2577//3123
f 2577//3124 2081//3124 2578//3124
f 2578//3125 2081//3125 2579//3125
f 2579//3126 2081//3126 2580//3126
f 2580//3127 2081//3127 2581//3127
f 2581//3128 2081//3128 2131//3128
f 2130//3129 2081//3129 2539//3129
f 2266//3130 2264//3130 2582//3130
f 2582//3130 2264//3130 2262//3130
f 2582//3131 2262//3131 2583//3131
f 2583//3131 2262//3131 2297//3131
f 2583//3132 2297//3132 2584//3132
f 2584//3132 2297//3132 2299//3132
f 2584//3133 2299//3133 2585//3133
f 2585//3133 2299//3133 2301//3133
f 2585//2780 2301//2780 2303//2780
f 2268//3134 2266//3134 2586//3134
f 2586//3134 2266//3134 2582//3134
f 2586//3135 2582//3135 2587//3135
f 2587//3135 2582//3135 2583//3135
f 2587//3136 2583//3136 2588//3136
f 2588//3136 2583//3136 2584//3136
f 2588//3137 2584//3137 2589//3137
f 2589//3137 2584//3137 2585//3137
f 2589//3138 2585//3138 2590//3138
f 2590//3138 2585//3138 2303//3138
f 2590//2782 2303//2782 2305//2782
f 2270//2999 2479//2999 2272//2999
f 2272//3139 2479//3139 2591//3139
f 2272//3139 2591//3139 2274//3139
f 2274//3140 2591//3140 2592//3140
f 2274//3140 2592//3140 2276//3140
f 2276//3141 2592//3141 2593//3141
f 2276//3141 2593//3141 2278//3141
f 2278//3142 2593//3142 2594//3142
f 2278//3142 2594//3142 2280//3142
f 2280//3143 2594//3143 2595//3143
f 2280//3143 2595//3143 2282//3143
f 2282//3144 2595//3144 2596//3144
f 2282//3144 2596//3144 2284//3144
f 2284//3145 2596//3145 2497//3145
f 2284//3145 2497//3145 2286//3145
f 2292//3146 2290//3146 2597//3146
f 2597//3146 2290//3146 2511//3146
f 2597//3147 2511//3147 2598//3147
f 2598//3147 2511//3147 2510//3147
f 2598//3148 2510//3148 2599//3148
f 2599//3148 2510//3148 2509//3148
f 2599//3149 2509//3149 2600//3149
f 2600//3149 2509//3149 2508//3149
f 2600//3150 2508//3150 2601//3150
f 2601//3150 2508//3150 2507//3150
f 2601//3151 2507//3151 2602//3151
f 2602//3151 2507//3151 2506//3151
f 2602//3152 2506//3152 2603//3152
f 2603//3152 2506//3152 2505//3152
f 2603//3153 2505//3153 2604//3153
f 2604//3153 2505//3153 2504//3153
f 2604//3154 2504//3154 2605//3154
f 2605//3155 2504//3155 2503//3155
f 2605//3156 2503//3156 2606//3156
f 2606//3157 2503//3157 2502//3157
f 2606//3158 2502//3158 2607//3158
f 2607//3158 2502//3158 2501//3158
f 2607//3159 2501//3159 2608//3159
f 2608//3159 2501//3159 2500//3159
f 2608//3160 2500//3160 2609//3160
f 2609//3160 2500//3160 2512//3160
f 2609//3161 2512//3161 2610//3161
f 2610//3161 2512//3161 2513//3161
f 2610//3162 2513//3162 2611//3162
f 2611//3162 2513//3162 2514//3162
f 2611//3163 2514//3163 2612//3163
f 2612//3164 2514//3164 2516//3164
f 2612//3165 2516//3165 2613//3165
f 2613//3166 2516//3166 2519//3166
f 2613//3167 2519//3167 2614//3167
f 2614//3167 2519//3167 2521//3167
f 2614//3056 2521//3056 2523//3056
f 2294//3168 2292//3168 2615//3168
f 2615//3168 2292//3168 2597//3168
f 2615//3169 2597//3169 2616//3169
f 2616//3169 2597//3169 2598//3169
f 2616//3170 2598//3170 2617//3170
f 2617//3170 2598//3170 2599//3170
f 2617//3171 2599//3171 2618//3171
f 2618//3171 2599//3171 2600//3171
f 2618//3172 2600//3172 2619//3172
f 2619//3172 2600//3172 2601//3172
f 2619//3173 2601//3173 2620//3173
f 2620//3173 2601//3173 2602//3173
f 2620//3174 2602//3174 2621//3174
f 2621//3174 2602//3174 2603//3174
f 2621//3175 2603//3175 2622//3175
f 2622//3175 2603//3175 2604//3175
f 2622//3176 2604//3176 2623//3176
f 2623//3177 2604//3177 2605//3177
f 2623//3178 2605//3178 2624//3178
f 2624//3179 2605//3179 2606//3179
f 2624//3180 2606//3180 2625//3180
f 2625//3180 2606//3180 2607//3180
f 2625//3181 2607//3181 2626//3181
f 2626//3181 2607//3181 2608//3181
f 2626//3182 2608//3182 2627//3182
f 2627//3182 2608//3182 2609//3182
f 2627//3183 2609//3183 2628//3183
f 2628//3183 2609//3183 2610//3183
f 2628//3184 2610//3184 2629//3184
f 2629//3184 2610//3184 2611//3184
f 2629//3185 2611//3185 2630//3185
f 2630//3186 2611//3186 2612//3186
f 2630//3187 2612//3187 2631//3187
f 2631//3188 2612//3188 2613//3188
f 2631//3189 2613//3189 2632//3189
f 2632//3189 2613//3189 2614//3189
f 2632//3190 2614//3190 2633//3190
f 2633//3190 2614//3190 2523//3190
f 2633//3058 2523//3058 2525//3058
f 2296//3191 2294//3191 2634//3191
f 2634//3191 2294//3191 2615//3191
f 2634//3192 2615//3192 2635//3192
f 2635//3192 2615//3192 2616//3192
f 2635//3193 2616//3193 2636//3193
f 2636//3193 2616//3193 2617//3193
f 2636//3194 2617//3194 2637//3194
f 2637//3194 2617//3194 2618//3194
f 2637//3195 2618//3195 2638//3195
f 2638//3195 2618//3195 2619//3195
f 2638//3196 2619//3196 2639//3196
f 2639//3196 2619//3196 2620//3196
f 2639//3197 2620//3197 2640//3197
f 2640//3197 2620//3197 2621//3197
f 2640//3198 2621//3198 2641//3198
f 2641//3198 2621//3198 2622//3198
f 2641//3199 2622//3199 2642//3199
f 2642//3200 2622//3200 2623//3200
f 2642//3201 2623//3201 2643//3201
f 2643//3202 2623//3202 2624//3202
f 2643//3203 2624//3203 2644//3203
f 2644//3203 2624//3203 2625//3203
f 2644//3204 2625//3204 2645//3204
f 2645//3204 2625//3204 2626//3204
f 2645//3205 2626//3205 2646//3205
f 2646//3205 2626//3205 2627//3205
f 2646//3206 2627//3206 2647//3206
f 2647//3206 2627//3206 2628//3206
f 2647//3207 2628//3207 2648//3207
f 2648//3207 2628//3207 2629//3207
f 2648//3208 2629//3208 2649//3208
f 2649//3209 2629//3209 2630//3209
f 2649//3210 2630//3210 2650//3210
f 2650//3211 2630//3211 2631//3211
f 2650//3212 2631//3212 2651//3212
f 2651//3212 2631//3212 2632//3212
f 2651//3213 2632//3213 2652//3213
f 2652//3213 2632//3213 2633//3213
f 2652//3214 2633//3214 2653//3214
f 2653//3214 2633//3214 2525//3214
f 2653//3060 2525//3060 2527//3060
f 2127//3215 2296//3215 2654//3215
f 2654//3215 2296//3215 2634//3215
f 2654//3216 2634//3216 2655//3216
f 2655//3216 2634//3216 2635//3216
f 2655//3217 2635//3217 2656//3217
f 2656//3217 2635//3217 2636//3217
f 2656//3218 2636//3218 2657//3218
f 2657//3218 2636//3218 2637//3218
f 2657//3219 2637//3219 2658//3219
f 2658//3219 2637//3219 2638//3219
f 2658//3220 2638//3220 2659//3220
f 2659//3220 2638//3220 2639//3220
f 2659//3221 2639//3221 2660//3221
f 2660//3221 2639//3221 2640//3221
f 2660//3222 2640//3222 2661//3222
f 2661//3222 2640//3222 2641//3222
f 2661//3223 2641//3223 2662//3223
f 2662//3224 2641//3224 2642//3224
f 2662//3225 2642//3225 2663//3225
f 2663//3226 2642//3226 2643//3226
f 2663//3227 2643//3227 2664//3227
f 2664//3227 2643//3227 2644//3227
f 2664//3228 2644//3228 2665//3228
f 2665//3228 2644//3228 2645//3228
f 2665//3229 2645//3229 2666//3229
f 2666//3229 2645//3229 2646//3229
f 2666//3230 2646//3230 2667//3230
f 2667//3230 2646//3230 2647//3230
f 2667//3231 2647//3231 2668//3231
f 2668//3231 2647//3231 2648//3231
f 2668//3232 2648//3232 2669//3232
f 2669//3233 2648//3233 2649//3233
f 2669//3234 2649//3234 2670//3234
f 2670//3235 2649//3235 2650//3235
f 2670//3236 2650//3236 2671//3236
f 2671//3236 2650//3236 2651//3236
f 2671//3237 2651//3237 2672//3237
f 2672//3237 2651//3237 2652//3237
f 2672//3238 2652//3238 2673//3238
f 2673//3238 2652//3238 2653//3238
f 2673//3239 2653//3239 2674//3239
f 2674//3239 2653//3239 2527//3239
f 2674//3062 2527//3062 2529//3062
f 2128//3240 2539//3240 2675//3240
f 2675//3240 2539//3240 2540//3240
f 2675//3241 2540//3241 2676//3241
f 2676//3241 2540//3241 2111//3241
f 2676//2532 2111//2532 2109//2532
f 2539//2561 2128//2561 2130//2561
f 2081//3242 2677//3242 2541//3242
f 2541//3243 2677//3243 2108//3243
f 2541//2531 2108//2531 2110//2531
f 2677//3244 2081//3244 2542//3244
f 2553//3245 2081//3245 2554//3245
f 2198//2658 2143//2658 2145//2658
f 2081//3246 2678//3246 2568//3246
f 2568//3247 2678//3247 2679//3247
f 2568//3248 2679//3248 2567//3248
f 2567//3248 2679//3248 2680//3248
f 2567//3249 2680//3249 2566//3249
f 2566//3249 2680//3249 2681//3249
f 2566//3250 2681//3250 2565//3250
f 2565//3250 2681//3250 2682//3250
f 2565//3251 2682//3251 2564//3251
f 2564//3251 2682//3251 2683//3251
f 2564//3252 2683//3252 2563//3252
f 2563//3252 2683//3252 2684//3252
f 2563//3253 2684//3253 2562//3253
f 2562//3253 2684//3253 2685//3253
f 2562//3254 2685//3254 2561//3254
f 2561//3254 2685//3254 2686//3254
f 2561//3255 2686//3255 2560//3255
f 2560//3255 2686//3255 2535//3255
f 2560//3070 2535//3070 2080//3070
f 2678//3256 2081//3256 2569//3256
f 2452//3257 2687//3257 2450//3257
f 2450//3257 2687//3257 2688//3257
f 2450//3258 2688//3258 2448//3258
f 2448//3258 2688//3258 2689//3258
f 2448//3259 2689//3259 2033//3259
f 2033//3259 2689//3259 2031//3259
f 2687//3260 2690//3260 2688//3260
f 2688//3260 2690//3260 2691//3260
f 2688//3261 2691//3261 2689//3261
f 2689//3261 2691//3261 2692//3261
f 2689//3262 2692//3262 2031//3262
f 2031//3262 2692//3262 2029//3262
f 2452//2962 2454//2962 2687//2962
f 2687//3263 2454//3263 2693//3263
f 2687//3263 2693//3263 2690//3263
f 2690//3264 2693//3264 2694//3264
f 2690//3264 2694//3264 2695//3264
f 2695//3265 2694//3265 2696//3265
f 2695//3265 2696//3265 2697//3265
f 2697//3266 2696//3266 2698//3266
f 2697//3266 2698//3266 2699//3266
f 2699//3267 2698//3267 2700//3267
f 2699//3267 2700//3267 2701//3267
f 2701//3268 2700//3268 2702//3268
f 2701//3268 2702//3268 2703//3268
f 2703//3269 2702//3269 2704//3269
f 2703//3269 2704//3269 2705//3269
f 2705//3270 2704//3270 2706//3270
f 2705//3270 2706//3270 2707//3270
f 2707//3271 2706//3271 2708//3271
f 2707//3271 2708//3271 2709//3271
f 2709//3272 2708//3272 2710//3272
f 2709//3272 2710//3272 2007//3272
f 2007//3273 2710//3273 2711//3273
f 2007//3273 2711//3273 2006//3273
f 2006//3274 2711//3274 2712//3274
f 2006//3274 2712//3274 2119//3274
f 2119//2552 2712//2552 2121//2552
f 2690//3275 2695//3275 2691//3275
f 2691//3275 2695//3275 2713//3275
f 2691//3276 2713//3276 2692//3276
f 2692//3276 2713//3276 2714//3276
f 2692//3277 2714//3277 2029//3277
f 2029//3277 2714//3277 2027//3277
f 2695//3278 2697//3278 2713//3278
f 2713//3278 2697//3278 2715//3278
f 2713//3279 2715//3279 2714//3279
f 2714//3279 2715//3279 2716//3279
f 2714//3280 2716//3280 2027//3280
f 2027//3280 2716//3280 2025//3280
f 2697//3281 2699//3281 2715//3281
f 2715//3281 2699//3281 2717//3281
f 2715//3282 2717//3282 2716//3282
f 2716//3282 2717//3282 2718//3282
f 2716//3283 2718//3283 2025//3283
f 2025//3283 2718//3283 2023//3283
f 2699//3284 2701//3284 2717//3284
f 2717//3284 2701//3284 2719//3284
f 2717//3285 2719//3285 2718//3285
f 2718//3285 2719//3285 2720//3285
f 2718//3286 2720//3286 2023//3286
f 2023//3286 2720//3286 2021//3286
f 2701//3287 2703//3287 2719//3287
f 2719//3287 2703//3287 2721//3287
f 2719//3288 2721//3288 2720//3288
f 2720//3288 2721//3288 2722//3288
f 2720//3289 2722//3289 2021//3289
f 2021//3289 2722//3289 2019//3289
f 2703//3290 2705//3290 2721//3290
f 2721//3290 2705//3290 2723//3290
f 2721//3291 2723//3291 2722//3291
f 2722//3291 2723//3291 2724//3291
f 2722//3292 2724//3292 2019//3292
f 2019//3292 2724//3292 2017//3292
f 2705//3293 2707//3293 2723//3293
f 2723//3293 2707//3293 2725//3293
f 2723//3294 2725//3294 2724//3294
f 2724//3294 2725//3294 2726//3294
f 2724//3295 2726//3295 2017//3295
f 2017//3295 2726//3295 2015//3295
f 2707//3296 2709//3296 2725//3296
f 2725//3296 2709//3296 2009//3296
f 2725//3297 2009//3297 2726//3297
f 2726//3297 2009//3297 2010//3297
f 2726//3298 2010//3298 2015//3298
f 2015//3298 2010//3298 2011//3298
f 2008//3299 2009//3299 2007//3299
f 2007//3299 2009//3299 2709//3299
f 2118//3300 1575//3300 2119//3300
f 2119//3301 1575//3301 2006//3301
f 2117//3302 1576//3302 2120//3302
f 2120//3303 2727//3303 2728//3303
f 2728//3304 2727//3304 2729//3304
f 2728//3305 2729//3305 2730//3305
f 2730//3306 2729//3306 2103//3306
f 2730//2524 2103//2524 2101//2524
f 2727//3307 2731//3307 2729//3307
f 2729//3308 2731//3308 2105//3308
f 2729//3309 2105//3309 2103//3309
f 2120//2553 2122//2553 2727//2553
f 2727//3310 2122//3310 2732//3310
f 2727//3310 2732//3310 2731//3310
f 2731//3311 2732//3311 2733//3311
f 2731//3311 2733//3311 2107//3311
f 2107//2530 2733//2530 2109//2530
f 2731//3312 2107//3312 2105//3312
f 2106//3313 2108//3313 2677//3313
f 2106//3314 2677//3314 2542//3314
f 2104//3315 2106//3315 2542//3315
f 2115//3316 2117//3316 2728//3316
f 2728//3317 2117//3317 2120//3317
f 2115//3318 2728//3318 2730//3318
f 2013//3319 2012//3319 2734//3319
f 2734//3319 2012//3319 2036//3319
f 2734//2896 2036//2896 2395//2896
f 2014//3320 2013//3320 2735//3320
f 2735//3320 2013//3320 2734//3320
f 2735//3321 2734//3321 2736//3321
f 2736//3321 2734//3321 2395//3321
f 2736//2895 2395//2895 2394//2895
f 2024//2948 2442//2948 2026//2948
f 2026//3322 2442//3322 2737//3322
f 2026//3322 2737//3322 2028//3322
f 2028//3323 2737//3323 2738//3323
f 2028//3323 2738//3323 2030//3323
f 2030//3324 2738//3324 2447//3324
f 2030//3324 2447//3324 2032//3324
f 2546//3325 2739//3325 2545//3325
f 2545//3325 2739//3325 2740//3325
f 2545//3326 2740//3326 2544//3326
f 2544//3326 2740//3326 2741//3326
f 2544//3327 2741//3327 2543//3327
f 2543//3327 2741//3327 2742//3327
f 2543//3328 2742//3328 2542//3328
f 2542//3328 2742//3328 2104//3328
f 2739//3329 2743//3329 2740//3329
f 2740//3329 2743//3329 2744//3329
f 2740//3330 2744//3330 2741//3330
f 2741//3330 2744//3330 2745//3330
f 2741//3331 2745//3331 2742//3331
f 2742//3331 2745//3331 2102//3331
f 2742//2525 2102//2525 2104//2525
f 2739//3332 2546//3332 2746//3332
f 2746//3332 2546//3332 2547//3332
f 2746//3333 2547//3333 2747//3333
f 2747//3333 2547//3333 2548//3333
f 2747//3334 2548//3334 2748//3334
f 2748//3334 2548//3334 2549//3334
f 2748//3335 2549//3335 2749//3335
f 2749//3335 2549//3335 2550//3335
f 2749//3336 2550//3336 2750//3336
f 2750//3336 2550//3336 2551//3336
f 2750//3337 2551//3337 2751//3337
f 2751//3337 2551//3337 2552//3337
f 2751//3338 2552//3338 2752//3338
f 2752//3338 2552//3338 2553//3338
f 2752//3339 2553//3339 2753//3339
f 2753//3339 2553//3339 2554//3339
f 2753//3340 2554//3340 2754//3340
f 2754//3340 2554//3340 2555//3340
f 2754//3341 2555//3341 2755//3341
f 2755//3341 2555//3341 2556//3341
f 2755//3342 2556//3342 2756//3342
f 2756//3342 2556//3342 2557//3342
f 2756//3343 2557//3343 2757//3343
f 2757//3343 2557//3343 2558//3343
f 2757//3344 2558//3344 2758//3344
f 2758//3344 2558//3344 2559//3344
f 2758//3345 2559//3345 2077//3345
f 2077//3345 2559//3345 2079//3345
f 2743//3346 2759//3346 2744//3346
f 2744//3346 2759//3346 2760//3346
f 2744//3347 2760//3347 2745//3347
f 2745//3347 2760//3347 2100//3347
f 2745//2523 2100//2523 2102//2523
f 2743//3348 2739//3348 2761//3348
f 2761//3348 2739//3348 2746//3348
f 2761//3349 2746//3349 2762//3349
f 2762//3349 2746//3349 2747//3349
f 2762//3350 2747//3350 2763//3350
f 2763//3350 2747//3350 2748//3350
f 2763//3351 2748//3351 2764//3351
f 2764//3351 2748//3351 2749//3351
f 2764//3352 2749//3352 2765//3352
f 2765//3352 2749//3352 2750//3352
f 2765//3353 2750//3353 2766//3353
f 2766//3353 2750//3353 2751//3353
f 2766//3354 2751//3354 2767//3354
f 2767//3354 2751//3354 2752//3354
f 2767//3355 2752//3355 2768//3355
f 2768//3355 2752//3355 2753//3355
f 2768//3356 2753//3356 2769//3356
f 2769//3356 2753//3356 2754//3356
f 2769//3357 2754//3357 2770//3357
f 2770//3357 2754//3357 2755//3357
f 2770//3358 2755//3358 2771//3358
f 2771//3358 2755//3358 2756//3358
f 2771//3359 2756//3359 2772//3359
f 2772//3359 2756//3359 2757//3359
f 2772//3360 2757//3360 2773//3360
f 2773//3360 2757//3360 2758//3360
f 2773//3361 2758//3361 2075//3361
f 2075//3361 2758//3361 2077//3361
f 2759//3362 2774//3362 2760//3362
f 2760//3362 2774//3362 2098//3362
f 2760//2521 2098//2521 2100//2521
f 2759//3363 2743//3363 2775//3363
f 2775//3363 2743//3363 2761//3363
f 2775//3364 2761//3364 2776//3364
f 2776//3364 2761//3364 2762//3364
f 2776//3365 2762//3365 2777//3365
f 2777//3365 2762//3365 2763//3365
f 2777//3366 2763//3366 2778//3366
f 2778//3366 2763//3366 2764//3366
f 2778//3367 2764//3367 2779//3367
f 2779//3367 2764//3367 2765//3367
f 2779//3368 2765//3368 2780//3368
f 2780//3368 2765//3368 2766//3368
f 2780//3369 2766//3369 2781//3369
f 2781//3369 2766//3369 2767//3369
f 2781//3370 2767//3370 2782//3370
f 2782//3370 2767//3370 2768//3370
f 2782//3371 2768//3371 2783//3371
f 2783//3371 2768//3371 2769//3371
f 2783//3372 2769//3372 2784//3372
f 2784//3372 2769//3372 2770//3372
f 2784//3373 2770//3373 2785//3373
f 2785//3373 2770//3373 2771//3373
f 2785//3374 2771//3374 2786//3374
f 2786//3374 2771//3374 2772//3374
f 2786//3375 2772//3375 2787//3375
f 2787//3375 2772//3375 2773//3375
f 2787//3376 2773//3376 2073//3376
f 2073//3376 2773//3376 2075//3376
f 2098//2519 2774//2519 2096//2519
f 2096//3377 2774//3377 2788//3377
f 2096//3378 2788//3378 2083//3378
f 2083//3379 2788//3379 2084//3379
f 2774//3380 2759//3380 2789//3380
f 2789//3380 2759//3380 2775//3380
f 2789//3381 2775//3381 2790//3381
f 2790//3381 2775//3381 2776//3381
f 2790//3382 2776//3382 2791//3382
f 2791//3382 2776//3382 2777//3382
f 2791//3383 2777//3383 2792//3383
f 2792//3383 2777//3383 2778//3383
f 2792//3384 2778//3384 2793//3384
f 2793//3384 2778//3384 2779//3384
f 2793//3385 2779//3385 2794//3385
f 2794//3385 2779//3385 2780//3385
f 2794//3386 2780//3386 2795//3386
f 2795//3386 2780//3386 2781//3386
f 2795//3387 2781//3387 2796//3387
f 2796//3387 2781//3387 2782//3387
f 2796//3388 2782//3388 2797//3388
f 2797//3388 2782//3388 2783//3388
f 2797//3389 2783//3389 2798//3389
f 2798//3389 2783//3389 2784//3389
f 2798//3390 2784//3390 2799//3390
f 2799//3390 2784//3390 2785//3390
f 2799//3391 2785//3391 2800//3391
f 2800//3391 2785//3391 2786//3391
f 2800//3392 2786//3392 2801//3392
f 2801//3392 2786//3392 2787//3392
f 2801//3393 2787//3393 2071//3393
f 2071//3393 2787//3393 2073//3393
f 2083//3378 2082//3378 2096//3378
f 2014//2919 2735//2919 2416//2919
f 2416//3394 2735//3394 2802//3394
f 2416//2917 2802//2917 2414//2917
f 2414//3395 2802//3395 2803//3395
f 2414//2915 2803//2915 2412//2915
f 2412//3396 2803//3396 2804//3396
f 2412//2913 2804//2913 2410//2913
f 2410//3397 2804//3397 2805//3397
f 2410//2911 2805//2911 2408//2911
f 2408//3398 2805//3398 2806//3398
f 2408//2909 2806//2909 2406//2909
f 2406//3399 2806//3399 2807//3399
f 2406//2907 2807//2907 2404//2907
f 2404//3400 2807//3400 2808//3400
f 2404//2905 2808//2905 2402//2905
f 2402//3401 2808//3401 2809//3401
f 2402//2903 2809//2903 2400//2903
f 2400//3402 2809//3402 2398//3402
f 2802//3394 2735//3394 2736//3394
f 2442//2947 2441//2947 2737//2947
f 2737//3403 2441//3403 2810//3403
f 2737//3403 2810//3403 2738//3403
f 2738//3404 2810//3404 2445//3404
f 2738//3404 2445//3404 2447//3404
f 2730//3405 2101//3405 2113//3405
f 2113//2522 2101//2522 2099//2522
f 2730//3405 2113//3405 2115//3405
f 2133//3406 2132//3406 2328//3406
f 2328//3407 2132//3407 2182//3407
f 2328//3408 2182//3408 1996//3408
f 2332//3409 2136//3409 2134//3409
f 2328//3410 2330//3410 2133//3410
f 2133//3411 2330//3411 2134//3411
f 2330//3412 2332//3412 2134//3412
f 2184//3413 2538//3413 2180//3413
f 2679//3414 2811//3414 2680//3414
f 2680//3414 2811//3414 2812//3414
f 2680//3415 2812//3415 2681//3415
f 2681//3415 2812//3415 2813//3415
f 2681//3416 2813//3416 2682//3416
f 2682//3416 2813//3416 2814//3416
f 2682//3417 2814//3417 2683//3417
f 2683//3417 2814//3417 2815//3417
f 2683//3418 2815//3418 2684//3418
f 2684//3418 2815//3418 2816//3418
f 2684//3419 2816//3419 2685//3419
f 2685//3419 2816//3419 2817//3419
f 2685//3420 2817//3420 2686//3420
f 2686//3420 2817//3420 2533//3420
f 2686//3068 2533//3068 2535//3068
f 2811//3421 2818//3421 2812//3421
f 2812//3421 2818//3421 2819//3421
f 2812//3422 2819//3422 2813//3422
f 2813//3422 2819//3422 2820//3422
f 2813//3423 2820//3423 2814//3423
f 2814//3423 2820//3423 2821//3423
f 2814//3424 2821//3424 2815//3424
f 2815//3424 2821//3424 2822//3424
f 2815//3425 2822//3425 2816//3425
f 2816//3425 2822//3425 2823//3425
f 2816//3426 2823//3426 2817//3426
f 2817//3426 2823//3426 2531//3426
f 2817//3066 2531//3066 2533//3066
f 2811//3427 2679//3427 2824//3427
f 2824//3428 2679//3428 2678//3428
f 2824//3429 2678//3429 2569//3429
f 2818//3430 2670//3430 2819//3430
f 2819//3430 2670//3430 2671//3430
f 2819//3431 2671//3431 2820//3431
f 2820//3431 2671//3431 2672//3431
f 2820//3432 2672//3432 2821//3432
f 2821//3432 2672//3432 2673//3432
f 2821//3433 2673//3433 2822//3433
f 2822//3433 2673//3433 2674//3433
f 2822//3434 2674//3434 2823//3434
f 2823//3434 2674//3434 2529//3434
f 2823//3064 2529//3064 2531//3064
f 2818//3435 2811//3435 2825//3435
f 2825//3436 2811//3436 2824//3436
f 2825//3437 2824//3437 2826//3437
f 2826//3438 2824//3438 2569//3438
f 2826//3439 2569//3439 2827//3439
f 2827//3439 2569//3439 2570//3439
f 2827//3440 2570//3440 2828//3440
f 2828//3440 2570//3440 2571//3440
f 2828//3441 2571//3441 2829//3441
f 2829//3441 2571//3441 2572//3441
f 2829//3442 2572//3442 2830//3442
f 2830//3442 2572//3442 2573//3442
f 2830//3443 2573//3443 2831//3443
f 2831//3443 2573//3443 2574//3443
f 2831//3444 2574//3444 2832//3444
f 2832//3445 2574//3445 2575//3445
f 2832//3446 2575//3446 2833//3446
f 2833//3447 2575//3447 2576//3447
f 2833//3448 2576//3448 2834//3448
f 2834//3448 2576//3448 2577//3448
f 2834//3449 2577//3449 2835//3449
f 2835//3449 2577//3449 2578//3449
f 2835//3450 2578//3450 2836//3450
f 2836//3450 2578//3450 2579//3450
f 2836//3451 2579//3451 2837//3451
f 2837//3451 2579//3451 2580//3451
f 2837//3452 2580//3452 2838//3452
f 2838//3452 2580//3452 2581//3452
f 2838//3453 2581//3453 2839//3453
f 2839//3453 2581//3453 2131//3453
f 2839//2562 2131//2562 2129//2562
f 2670//3454 2818//3454 2669//3454
f 2669//3455 2818//3455 2825//3455
f 2669//3456 2825//3456 2668//3456
f 2668//3457 2825//3457 2826//3457
f 2668//3458 2826//3458 2667//3458
f 2667//3458 2826//3458 2827//3458
f 2667//3459 2827//3459 2666//3459
f 2666//3459 2827//3459 2828//3459
f 2666//3460 2828//3460 2665//3460
f 2665//3460 2828//3460 2829//3460
f 2665//3461 2829//3461 2664//3461
f 2664//3461 2829//3461 2830//3461
f 2664//3462 2830//3462 2663//3462
f 2663//3462 2830//3462 2831//3462
f 2663//3463 2831//3463 2662//3463
f 2662//3464 2831//3464 2832//3464
f 2662//3465 2832//3465 2661//3465
f 2661//3466 2832//3466 2833//3466
f 2661//3467 2833//3467 2660//3467
f 2660//3467 2833//3467 2834//3467
f 2660//3468 2834//3468 2659//3468
f 2659//3468 2834//3468 2835//3468
f 2659//3469 2835//3469 2658//3469
f 2658//3469 2835//3469 2836//3469
f 2658//3470 2836//3470 2657//3470
f 2657//3470 2836//3470 2837//3470
f 2657//3471 2837//3471 2656//3471
f 2656//3471 2837//3471 2838//3471
f 2656//3472 2838//3472 2655//3472
f 2655//3472 2838//3472 2839//3472
f 2655//3473 2839//3473 2654//3473
f 2654//3473 2839//3473 2129//3473
f 2654//2560 2129//2560 2127//2560
f 2519//3054 2518//3054 2521//3054
f 2537//3474 2210//3474 2840//3474
f 2840//3474 2210//3474 2214//3474
f 2840//3475 2214//3475 2217//3475
f 2217//3475 2214//3475 2213//3475
f 2536//3476 2537//3476 2841//3476
f 2841//3476 2537//3476 2840//3476
f 2841//3477 2840//3477 2219//3477
f 2219//3477 2840//3477 2217//3477
f 2520//3478 2536//3478 2842//3478
f 2842//3478 2536//3478 2841//3478
f 2842//3479 2841//3479 2221//3479
f 2221//3479 2841//3479 2219//3479
f 2520//3055 2842//3055 2522//3055
f 2522//3480 2842//3480 2223//3480
f 2522//3057 2223//3057 2524//3057
f 2524//2704 2223//2704 2225//2704
f 2524//3059 2225//3059 2526//3059
f 2526//3481 2225//3481 2843//3481
f 2526//3061 2843//3061 2528//3061
f 2528//3482 2843//3482 2844//3482
f 2528//3063 2844//3063 2530//3063
f 2530//3483 2844//3483 2845//3483
f 2530//3065 2845//3065 2532//3065
f 2532//3484 2845//3484 2846//3484
f 2532//3067 2846//3067 2534//3067
f 2534//3485 2846//3485 2076//3485
f 2534//3069 2076//3069 2078//3069
f 2223//3480 2842//3480 2221//3480
f 2147//2581 2198//2581 2145//2581
f 2193//3486 2191//3486 2197//3486
f 2193//3486 2197//3486 2199//3486
f 2355//2852 2354//2852 2356//2852
f 2199//3487 2149//3487 2195//3487
f 2193//3487 2199//3487 2195//3487
f 2225//3481 2227//3481 2843//3481
f 2843//3488 2227//3488 2231//3488
f 2843//3482 2231//3482 2844//3482
f 2844//2712 2231//2712 2233//2712
f 2844//3483 2233//3483 2845//3483
f 2845//2714 2233//2714 2235//2714
f 2845//3484 2235//3484 2846//3484
f 2846//2716 2235//2716 2074//2716
f 2846//3485 2074//3485 2076//3485
f 2229//3488 2231//3488 2227//3488
f 2801//3489 2071//3489 2069//3489
f 2069//3490 2067//3490 2847//3490
f 2847//3490 2067//3490 2095//3490
f 2847//3491 2095//3491 2848//3491
f 2848//3491 2095//3491 2094//3491
f 2848//3492 2094//3492 2849//3492
f 2849//3492 2094//3492 2093//3492
f 2849//3493 2093//3493 2850//3493
f 2850//3493 2093//3493 2092//3493
f 2850//3494 2092//3494 2851//3494
f 2851//3494 2092//3494 2091//3494
f 2851//3495 2091//3495 2852//3495
f 2852//3495 2091//3495 2090//3495
f 2852//3496 2090//3496 2853//3496
f 2853//3496 2090//3496 2089//3496
f 2853//3497 2089//3497 2854//3497
f 2854//3497 2089//3497 2088//3497
f 2854//3498 2088//3498 2855//3498
f 2855//3498 2088//3498 2087//3498
f 2855//3499 2087//3499 2856//3499
f 2856//3499 2087//3499 2086//3499
f 2856//3500 2086//3500 2857//3500
f 2857//3500 2086//3500 2085//3500
f 2857//3501 2085//3501 2858//3501
f 2858//3501 2085//3501 2084//3501
f 2858//3379 2084//3379 2788//3379
f 2800//3502 2801//3502 2847//3502
f 2847//3489 2801//3489 2069//3489
f 2800//3502 2847//3502 2848//3502
f 2799//3503 2800//3503 2848//3503
f 2799//3503 2848//3503 2849//3503
f 2366//3504 2859//3504 2860//3504
f 2860//3505 2859//3505 2861//3505
f 2860//3506 2861//3506 2862//3506
f 2862//3507 2861//3507 2163//3507
f 2862//3508 2163//3508 2863//3508
f 2863//3508 2163//3508 2160//3508
f 2863//2594 2160//2594 2158//2594
f 2859//3509 2864//3509 2861//3509
f 2861//3510 2864//3510 2165//3510
f 2861//3511 2165//3511 2163//3511
f 2366//2866 2368//2866 2859//2866
f 2859//3512 2368//3512 2865//3512
f 2859//3512 2865//3512 2864//3512
f 2864//3513 2865//3513 2866//3513
f 2864//3513 2866//3513 2169//3513
f 2169//2605 2866//2605 2171//2605
f 2167//3514 2165//3514 2169//3514
f 2169//3515 2165//3515 2864//3515
f 2259//3516 2168//3516 2170//3516
f 2253//2751 2252//2751 2256//2751
f 2798//3517 2799//3517 2849//3517
f 2798//3517 2849//3517 2850//3517
f 2366//3518 2860//3518 2364//3518
f 2364//3519 2860//3519 2867//3519
f 2364//3520 2867//3520 2362//3520
f 2362//3521 2867//3521 2360//3521
f 2867//3522 2860//3522 2862//3522
f 2867//3523 2862//3523 2868//3523
f 2868//3523 2862//3523 2863//3523
f 2868//3524 2863//3524 2869//3524
f 2869//3524 2863//3524 2158//3524
f 2869//2853 2158//2853 2355//2853
f 2358//3525 2360//3525 2868//3525
f 2868//3521 2360//3521 2867//3521
f 2358//3525 2868//3525 2869//3525
f 2356//3526 2358//3526 2869//3526
f 2356//3526 2869//3526 2355//3526
f 2268//3000 2586//3000 2480//3000
f 2480//3527 2586//3527 2870//3527
f 2480//2998 2870//2998 2478//2998
f 2478//3528 2870//3528 2871//3528
f 2478//2996 2871//2996 2476//2996
f 2476//3529 2871//3529 2872//3529
f 2476//2994 2872//2994 2474//2994
f 2474//3530 2872//3530 2873//3530
f 2474//2992 2873//2992 2472//2992
f 2472//3531 2873//3531 2874//3531
f 2472//2990 2874//2990 2470//2990
f 2470//3532 2874//3532 2460//3532
f 2470//2988 2460//2988 2466//2988
f 2870//3527 2586//3527 2587//3527
f 2479//2997 2477//2997 2591//2997
f 2591//3533 2477//3533 2875//3533
f 2591//3533 2875//3533 2592//3533
f 2592//3534 2875//3534 2876//3534
f 2592//3534 2876//3534 2593//3534
f 2593//3535 2876//3535 2877//3535
f 2593//3535 2877//3535 2594//3535
f 2594//3536 2877//3536 2878//3536
f 2594//3536 2878//3536 2595//3536
f 2595//3537 2878//3537 2879//3537
f 2595//3537 2879//3537 2596//3537
f 2596//3538 2879//3538 2495//3538
f 2596//3538 2495//3538 2497//3538
f 2870//3539 2587//3539 2880//3539
f 2880//3539 2587//3539 2588//3539
f 2880//3540 2588//3540 2881//3540
f 2881//3540 2588//3540 2589//3540
f 2881//3541 2589//3541 2882//3541
f 2882//3541 2589//3541 2590//3541
f 2882//3542 2590//3542 2883//3542
f 2883//3542 2590//3542 2305//3542
f 2883//2784 2305//2784 2307//2784
f 2477//2995 2475//2995 2875//2995
f 2875//3543 2475//3543 2884//3543
f 2875//3543 2884//3543 2876//3543
f 2876//3544 2884//3544 2885//3544
f 2876//3544 2885//3544 2877//3544
f 2877//3545 2885//3545 2886//3545
f 2877//3545 2886//3545 2878//3545
f 2878//3546 2886//3546 2887//3546
f 2878//3546 2887//3546 2879//3546
f 2879//3547 2887//3547 2493//3547
f 2879//3547 2493//3547 2495//3547
f 2870//3528 2880//3528 2871//3528
f 2871//3548 2880//3548 2888//3548
f 2871//3529 2888//3529 2872//3529
f 2872//3549 2888//3549 2889//3549
f 2872//3530 2889//3530 2873//3530
f 2873//3550 2889//3550 2890//3550
f 2873//3531 2890//3531 2874//3531
f 2874//3551 2890//3551 2461//3551
f 2874//3532 2461//3532 2460//3532
f 2888//3548 2880//3548 2881//3548
f 2475//2993 2473//2993 2884//2993
f 2884//3552 2473//3552 2891//3552
f 2884//3552 2891//3552 2885//3552
f 2885//3553 2891//3553 2892//3553
f 2885//3553 2892//3553 2886//3553
f 2886//3554 2892//3554 2893//3554
f 2886//3554 2893//3554 2887//3554
f 2887//3555 2893//3555 2491//3555
f 2887//3555 2491//3555 2493//3555
f 2888//3556 2881//3556 2894//3556
f 2894//3556 2881//3556 2882//3556
f 2894//3557 2882//3557 2895//3557
f 2895//3557 2882//3557 2883//3557
f 2895//3558 2883//3558 2465//3558
f 2465//3558 2883//3558 2307//3558
f 2473//2991 2471//2991 2891//2991
f 2891//3559 2471//3559 2896//3559
f 2891//3559 2896//3559 2892//3559
f 2892//3560 2896//3560 2897//3560
f 2892//3560 2897//3560 2893//3560
f 2893//3561 2897//3561 2489//3561
f 2893//3561 2489//3561 2491//3561
f 2895//3562 2898//3562 2894//3562
f 2894//3562 2898//3562 2889//3562
f 2894//3549 2889//3549 2888//3549
f 2889//3550 2898//3550 2890//3550
f 2890//3563 2898//3563 2462//3563
f 2890//3551 2462//3551 2461//3551
f 2465//3564 2463//3564 2895//3564
f 2895//3564 2463//3564 2898//3564
f 2463//3563 2462//3563 2898//3563
f 2896//2989 2471//2989 2469//2989
f 2897//3565 2896//3565 2899//3565
f 2899//3565 2896//3565 2469//3565
f 2899//2987 2469//2987 2468//2987
f 2489//3566 2897//3566 2487//3566
f 2487//3566 2897//3566 2899//3566
f 2487//3567 2899//3567 2485//3567
f 2485//3567 2899//3567 2468//3567
f 2485//3004 2468//3004 2482//3004
f 2001//3568 2310//3568 2318//3568
f 2338//2827 2342//2827 2339//2827
f 2339//3569 2342//3569 2900//3569
f 2339//2828 2900//2828 2325//2828
f 2325//3570 2900//3570 2326//3570
f 2342//3569 2344//3569 2900//3569
f 2900//3571 2344//3571 2901//3571
f 2900//3570 2901//3570 2326//3570
f 2326//3572 2901//3572 2327//3572
f 2346//2838 2329//2838 2901//2838
f 2901//3572 2329//3572 2327//3572
f 2344//3571 2346//3571 2901//3571
f 2385//2887 2396//2887 2386//2887
f 2386//3573 2396//3573 2902//3573
f 2386//2888 2902//2888 2387//2888
f 2387//3574 2902//3574 2903//3574
f 2387//2889 2903//2889 2388//2889
f 2388//3575 2903//3575 2904//3575
f 2388//2890 2904//2890 2389//2890
f 2389//3576 2904//3576 2905//3576
f 2389//2891 2905//2891 2390//2891
f 2390//3577 2905//3577 2906//3577
f 2390//2892 2906//2892 2391//2892
f 2391//3578 2906//3578 2907//3578
f 2391//2893 2907//2893 2392//2893
f 2392//3579 2907//3579 2908//3579
f 2392//229 2908//229 2393//229
f 2393//3580 2908//3580 2909//3580
f 2393//2894 2909//2894 2394//2894
f 2394//3581 2909//3581 2736//3581
f 2368//2868 2370//2868 2865//2868
f 2865//3582 2370//3582 2910//3582
f 2865//3582 2910//3582 2866//3582
f 2866//3583 2910//3583 2911//3583
f 2866//3583 2911//3583 2171//3583
f 2171//2607 2911//2607 2173//2607
f 2797//3584 2798//3584 2850//3584
f 2797//3584 2850//3584 2851//3584
f 2396//3573 2398//3573 2902//3573
f 2902//3402 2398//3402 2809//3402
f 2902//3574 2809//3574 2903//3574
f 2903//3401 2809//3401 2808//3401
f 2903//3575 2808//3575 2904//3575
f 2904//3400 2808//3400 2807//3400
f 2904//3576 2807//3576 2905//3576
f 2905//3399 2807//3399 2806//3399
f 2905//3577 2806//3577 2906//3577
f 2906//3398 2806//3398 2805//3398
f 2906//3578 2805//3578 2907//3578
f 2907//3397 2805//3397 2804//3397
f 2907//3579 2804//3579 2908//3579
f 2908//3396 2804//3396 2803//3396
f 2908//3580 2803//3580 2909//3580
f 2909//3395 2803//3395 2802//3395
f 2909//3581 2802//3581 2736//3581
f 2370//2870 2372//2870 2910//2870
f 2910//3585 2372//3585 2912//3585
f 2910//3585 2912//3585 2911//3585
f 2911//3586 2912//3586 2913//3586
f 2911//3586 2913//3586 2173//3586
f 2173//2609 2913//2609 2175//2609
f 2796//3587 2797//3587 2851//3587
f 2796//3587 2851//3587 2852//3587
f 2372//2872 2374//2872 2912//2872
f 2912//3588 2374//3588 2914//3588
f 2912//3588 2914//3588 2913//3588
f 2913//3589 2914//3589 2915//3589
f 2913//3589 2915//3589 2175//3589
f 2175//2611 2915//2611 2177//2611
f 2795//3590 2796//3590 2852//3590
f 2795//3590 2852//3590 2853//3590
f 2914//2874 2374//2874 2376//2874
f 2915//3591 2914//3591 2916//3591
f 2916//3591 2914//3591 2376//3591
f 2916//2876 2376//2876 2378//2876
f 2177//3592 2915//3592 2917//3592
f 2917//3592 2915//3592 2916//3592
f 2917//3593 2916//3593 2918//3593
f 2918//3593 2916//3593 2378//3593
f 2918//2878 2378//2878 2380//2878
f 2177//2613 2917//2613 2179//2613
f 2179//3594 2917//3594 2919//3594
f 2179//2615 2919//2615 2046//2615
f 2046//3595 2919//3595 2044//3595
f 2919//3594 2917//3594 2918//3594
f 2795//3596 2853//3596 2794//3596
f 2794//3596 2853//3596 2854//3596
f 2794//3597 2854//3597 2793//3597
f 2793//3597 2854//3597 2855//3597
f 2793//3598 2855//3598 2792//3598
f 2792//3598 2855//3598 2856//3598
f 2792//3599 2856//3599 2791//3599
f 2791//3599 2856//3599 2857//3599
f 2791//3600 2857//3600 2790//3600
f 2790//3600 2857//3600 2858//3600
f 2790//3601 2858//3601 2789//3601
f 2789//3601 2858//3601 2788//3601
f 2789//3377 2788//3377 2774//3377
f 2919//3602 2918//3602 2920//3602
f 2920//3602 2918//3602 2380//3602
f 2920//2880 2380//2880 2382//2880
f 2042//3603 2044//3603 2920//3603
f 2920//3595 2044//3595 2919//3595
f 2042//3603 2920//3603 2382//3603
f 2439//2945 2443//2945 2440//2945
f 2440//3604 2443//3604 2810//3604
f 2440//2946 2810//2946 2441//2946
f 2445//3604 2810//3604 2443//3604
f 2042//2882 2382//2882 2040//2882
f 2454//2964 2456//2964 2693//2964
f 2693//3605 2456//3605 2921//3605
f 2693//3605 2921//3605 2694//3605
f 2694//3606 2921//3606 2922//3606
f 2694//3606 2922//3606 2696//3606
f 2696//3607 2922//3607 2923//3607
f 2696//3607 2923//3607 2698//3607
f 2698//3608 2923//3608 2924//3608
f 2698//3608 2924//3608 2700//3608
f 2700//3609 2924//3609 2925//3609
f 2700//3609 2925//3609 2702//3609
f 2702//3610 2925//3610 2926//3610
f 2702//3610 2926//3610 2704//3610
f 2704//3611 2926//3611 2927//3611
f 2704//3611 2927//3611 2706//3611
f 2706//3612 2927//3612 2928//3612
f 2706//3612 2928//3612 2708//3612
f 2708//3613 2928//3613 2929//3613
f 2708//3613 2929//3613 2710//3613
f 2710//3614 2929//3614 2930//3614
f 2710//3614 2930//3614 2711//3614
f 2711//3615 2930//3615 2931//3615
f 2711//3615 2931//3615 2712//3615
f 2712//3616 2931//3616 2932//3616
f 2712//3616 2932//3616 2121//3616
f 2121//2554 2932//2554 2123//2554
f 2122//2555 2124//2555 2732//2555
f 2732//3617 2124//3617 2933//3617
f 2732//3617 2933//3617 2733//3617
f 2733//3618 2933//3618 2676//3618
f 2733//3618 2676//3618 2109//3618
f 2456//2966 2271//2966 2921//2966
f 2921//3619 2271//3619 2273//3619
f 2921//3619 2273//3619 2922//3619
f 2922//3620 2273//3620 2275//3620
f 2922//3620 2275//3620 2923//3620
f 2923//3621 2275//3621 2277//3621
f 2923//3621 2277//3621 2924//3621
f 2924//3622 2277//3622 2279//3622
f 2924//3622 2279//3622 2925//3622
f 2925//3623 2279//3623 2281//3623
f 2925//3623 2281//3623 2926//3623
f 2926//3624 2281//3624 2283//3624
f 2926//3624 2283//3624 2927//3624
f 2927//3625 2283//3625 2285//3625
f 2927//3625 2285//3625 2928//3625
f 2928//3626 2285//3626 2287//3626
f 2928//3626 2287//3626 2929//3626
f 2929//3627 2287//3627 2289//3627
f 2929//3627 2289//3627 2930//3627
f 2930//3628 2289//3628 2291//3628
f 2930//3628 2291//3628 2931//3628
f 2931//3629 2291//3629 2293//3629
f 2931//3629 2293//3629 2932//3629
f 2932//3630 2293//3630 2295//3630
f 2932//3630 2295//3630 2123//3630
f 2123//2556 2295//2556 2125//2556
f 2675//3631 2676//3631 2933//3631
f 2675//3631 2933//3631 2126//3631
f 2126//2557 2933//2557 2124//2557
f 2128//2559 2675//2559 2126//2559
f 1668//3632 2152//3632 1666//3632
f 1666//3633 2152//3633 2154//3633
f 1666//3634 2154//3634 2155//3634
f 2152//3635 1668//3635 2151//3635
f 2151//3636 1668//3636 1670//3636
f 2151//3637 1670//3637 2194//3637
f 2194//3638 1670//3638 1672//3638
f 2194//3639 1672//3639 2192//3639
f 2192//3640 1672//3640 2203//3640
f 2203//3641 1672//3641 1674//3641
f 2203//3642 1674//3642 2204//3642
f 2204//3643 1674//3643 1676//3643
f 2204//3644 1676//3644 2205//3644
f 2205//3645 1676//3645 1678//3645
f 2205//3646 1678//3646 2212//3646
f 2212//3647 1678//3647 2215//3647
f 2215//3648 1678//3648 1680//3648
f 2215//3649 1680//3649 2216//3649
f 2216//3650 1680//3650 1682//3650
f 2216//3651 1682//3651 2218//3651
f 2218//3652 1682//3652 2220//3652
f 2220//3653 1682//3653 1684//3653
f 2220//3654 1684//3654 2222//3654
f 2222//3655 1684//3655 1686//3655
f 2222//3656 1686//3656 2236//3656
f 2236//3657 1686//3657 1688//3657
f 2236//3658 1688//3658 2226//3658
f 2226//3659 1688//3659 2228//3659
f 2228//3660 1688//3660 1690//3660
f 2228//3661 1690//3661 2230//3661
f 2230//3662 1690//3662 1692//3662
f 2230//3663 1692//3663 2237//3663
f 2237//3664 1692//3664 1694//3664
f 2237//3665 1694//3665 2239//3665
f 2239//3666 1694//3666 2240//3666
f 2240//3667 1694//3667 1696//3667
f 2240//3668 1696//3668 2066//3668
f 2066//3669 1696//3669 1698//3669
f 2066//3670 1698//3670 2064//3670
f 2064//3671 1698//3671 1700//3671
f 2064//3672 1700//3672 2062//3672
f 2062//3673 1700//3673 2241//3673
f 2241//3674 1700//3674 1702//3674
f 2241//3675 1702//3675 2242//3675
f 2242//3676 1702//3676 1704//3676
f 2242//3677 1704//3677 2247//3677
f 2247//3678 1704//3678 1706//3678
f 2247//3679 1706//3679 2251//3679
f 2251//3680 1706//3680 2254//3680
f 2254//3681 1706//3681 1708//3681
f 2254//3682 1708//3682 2255//3682
f 2255//3683 1708//3683 1710//3683
f 2255//3684 1710//3684 2258//3684
f 2258//3685 1710//3685 2168//3685
f 2168//3686 1710//3686 1712//3686
f 2168//3687 1712//3687 2166//3687
f 2166//3688 1712//3688 1714//3688
f 2166//3689 1714//3689 2260//3689
f 2260//3690 1714//3690 1716//3690
f 2260//3691 1716//3691 2162//3691
f 2162//3692 1716//3692 2161//3692
f 2161//3693 1716//3693 1718//3693
f 2161//3694 1718//3694 2157//3694
f 2157//3695 1718//3695 1664//3695
f 2157//3696 1664//3696 2155//3696
f 2155//3697 1664//3697 1666//3697
f 1916//3698 2261//3698 1914//3698
f 1914//3699 2261//3699 2263//3699
f 1914//3700 2263//3700 2459//3700
f 2261//3701 1916//3701 2298//3701
f 2298//3702 1916//3702 1918//3702
f 2298//3703 1918//3703 2300//3703
f 2300//3704 1918//3704 1920//3704
f 2300//3705 1920//3705 2312//3705
f 2312//3706 1920//3706 2319//3706
f 2319//3707 1920//3707 1922//3707
f 2319//3708 1922//3708 2335//3708
f 2335//3709 1922//3709 1924//3709
f 2335//3710 1924//3710 2340//3710
f 2340//3711 1924//3711 1926//3711
f 2340//3712 1926//3712 2341//3712
f 2341//3713 1926//3713 2343//3713
f 2343//3714 1926//3714 1928//3714
f 2343//3715 1928//3715 2345//3715
f 2345//3716 1928//3716 1930//3716
f 2345//3717 1930//3717 2333//3717
f 2333//3718 1930//3718 2334//3718
f 2334//3719 1930//3719 1932//3719
f 2334//3720 1932//3720 2138//3720
f 2138//3721 1932//3721 1934//3721
f 2138//3722 1934//3722 2140//3722
f 2140//3723 1934//3723 1936//3723
f 2140//3724 1936//3724 2142//3724
f 2142//3725 1936//3725 2144//3725
f 2144//3726 1936//3726 1938//3726
f 2144//3727 1938//3727 2347//3727
f 2347//3728 1938//3728 1940//3728
f 2347//3729 1940//3729 2350//3729
f 2350//3730 1940//3730 1942//3730
f 2350//3731 1942//3731 2353//3731
f 2353//3732 1942//3732 2357//3732
f 2357//3733 1942//3733 1944//3733
f 2357//3734 1944//3734 2359//3734
f 2359//3735 1944//3735 1946//3735
f 2359//3736 1946//3736 2361//3736
f 2361//3737 1946//3737 1948//3737
f 2361//3738 1948//3738 2384//3738
f 2384//3739 1948//3739 2397//3739
f 2397//3740 1948//3740 1950//3740
f 2397//3741 1950//3741 2399//3741
f 2399//3742 1950//3742 1952//3742
f 2399//3743 1952//3743 2417//3743
f 2417//3744 1952//3744 1954//3744
f 2417//3745 1954//3745 2425//3745
f 2425//3746 1954//3746 2432//3746
f 2432//3747 1954//3747 1956//3747
f 2432//3748 1956//3748 2438//3748
f 2438//3749 1956//3749 1958//3749
f 2438//3750 1958//3750 2444//3750
f 2444//3751 1958//3751 2446//3751
f 2446//3752 1958//3752 1960//3752
f 2446//3753 1960//3753 2034//3753
f 2034//3754 1960//3754 1962//3754
f 2034//3755 1962//3755 2035//3755
f 2035//3756 1962//3756 1964//3756
f 2035//3757 1964//3757 2449//3757
f 2449//3758 1964//3758 2451//3758
f 2451//3759 1964//3759 1966//3759
f 2451//3760 1966//3760 2457//3760
f 2457//3761 1966//3761 1912//3761
f 2457//3762 1912//3762 2459//3762
f 2459//3763 1912//3763 1914//3763
f 2934//3764 2935//3764 2936//3764
f 2936//3764 2935//3764 2937//3764
f 2936//574 2937//574 2938//574
f 2938//574 2937//574 2939//574
f 2940//3765 2938//3765 2941//3765
f 2941//3765 2938//3765 2939//3765
f 2940//3766 2941//3766 2942//3766
f 2942//3766 2941//3766 2943//3766
f 2944//3767 2942//3767 2945//3767
f 2945//33 2942//33 2943//33
f 2946//3768 2944//3768 2947//3768
f 2947//3768 2944//3768 2945//3768
f 2946//3769 2947//3769 2948//3769
f 2948//3769 2947//3769 2949//3769
f 2948//33 2949//33 2950//33
f 2950//33 2949//33 2951//33
f 2952//3770 2950//3770 2953//3770
f 2953//3770 2950//3770 2951//3770
f 2952//3771 2953//3771 2954//3771
f 2954//3771 2953//3771 2955//3771
f 2956//574 2954//574 2957//574
f 2957//574 2954//574 2955//574
f 2934//3772 2956//3772 2935//3772
f 2935//3772 2956//3772 2957//3772
f 2936//3773 2940//3773 2934//3773
f 2934//35 2940//35 2946//35
f 2934//35 2946//35 2952//35
f 2952//3774 2946//3774 2948//3774
f 2952//3775 2948//3775 2950//3775
f 2936//3776 2938//3776 2940//3776
f 2942//3777 2944//3777 2940//3777
f 2940//3778 2944//3778 2946//3778
f 2954//3779 2956//3779 2952//3779
f 2952//3780 2956//3780 2934//3780
f 2958//3781 2959//3781 2960//3781
f 2960//3781 2959//3781 2961//3781
f 2960//1842 2961//1842 2962//1842
f 2962//1842 2961//1842 2963//1842
f 2964//3782 2962//3782 2965//3782
f 2965//3782 2962//3782 2963//3782
f 2964//3783 2965//3783 2966//3783
f 2966//3783 2965//3783 2967//3783
f 2968//3784 2966//3784 2969//3784
f 2969//1786 2966//1786 2967//1786
f 2970//3785 2968//3785 2971//3785
f 2971//3785 2968//3785 2969//3785
f 2970//3786 2971//3786 2972//3786
f 2972//3786 2971//3786 2973//3786
f 2972//1786 2973//1786 2974//1786
f 2974//1786 2973//1786 2975//1786
f 2976//3787 2974//3787 2977//3787
f 2977//3787 2974//3787 2975//3787
f 2976//3788 2977//3788 2978//3788
f 2978//3788 2977//3788 2979//3788
f 2980//1842 2978//1842 2981//1842
f 2981//1842 2978//1842 2979//1842
f 2958//3789 2980//3789 2959//3789
f 2959//3789 2980//3789 2981//3789
f 2960//3790 2964//3790 2958//3790
f 2958//247 2964//247 2970//247
f 2958//247 2970//247 2976//247
f 2976//3791 2970//3791 2972//3791
f 2976//3792 2972//3792 2974//3792
f 2960//3793 2962//3793 2964//3793
f 2966//3794 2968//3794 2964//3794
f 2964//3795 2968//3795 2970//3795
f 2978//3796 2980//3796 2976//3796
f 2976//3797 2980//3797 2958//3797
f 2982//3798 2983//3798 2984//3798
f 2984//3798 2983//3798 2985//3798
f 2984//581 2985//581 2986//581
f 2986//581 2985//581 2987//581
f 2988//3799 2986//3799 2989//3799
f 2989//3799 2986//3799 2987//3799
f 2988//3800 2989//3800 2990//3800
f 2990//3800 2989//3800 2991//3800
f 2992//3801 2990//3801 2993//3801
f 2993//586 2990//586 2991//586
f 2994//3802 2992//3802 2995//3802
f 2995//3802 2992//3802 2993//3802
f 2994//3803 2995//3803 2996//3803
f 2996//3803 2995//3803 2997//3803
f 2996//586 2997//586 2998//586
f 2998//586 2997//586 2999//586
f 3000//3804 2998//3804 3001//3804
f 3001//3804 2998//3804 2999//3804
f 3000//3805 3001//3805 3002//3805
f 3002//3805 3001//3805 3003//3805
f 3004//581 3002//581 3005//581
f 3005//581 3002//581 3003//581
f 2982//3806 3004//3806 2983//3806
f 2983//3806 3004//3806 3005//3806
f 2984//229 2988//229 2982//229
f 2982//229 2988//229 2994//229
f 2982//229 2994//229 3000//229
f 3000//229 2994//229 2996//229
f 3000//229 2996//229 2998//229
f 2984//229 2986//229 2988//229
f 2990//229 2992//229 2988//229
f 2988//229 2992//229 2994//229
f 3002//229 3004//229 3000//229
f 3000//229 3004//229 2982//229
f 3006//3807 3007//3807 3008//3807
f 3008//3807 3007//3807 3009//3807
f 3008//1882 3009//1882 3010//1882
f 3010//1882 3009//1882 3011//1882
f 3012//3808 3010//3808 3013//3808
f 3013//3808 3010//3808 3011//3808
f 3012//3809 3013//3809 3014//3809
f 3014//3809 3013//3809 3015//3809
f 3016//3810 3014//3810 3017//3810
f 3017//3811 3014//3811 3015//3811
f 3018//3812 3016//3812 3019//3812
f 3019//3812 3016//3812 3017//3812
f 3018//3813 3019//3813 3020//3813
f 3020//3813 3019//3813 3021//3813
f 3020//3811 3021//3811 3022//3811
f 3022//3811 3021//3811 3023//3811
f 3024//3814 3022//3814 3025//3814
f 3025//3814 3022//3814 3023//3814
f 3024//3815 3025//3815 3026//3815
f 3026//3815 3025//3815 3027//3815
f 3028//1882 3026//1882 3029//1882
f 3029//1882 3026//1882 3027//1882
f 3006//3816 3028//3816 3007//3816
f 3007//3816 3028//3816 3029//3816
f 3008//1 3012//1 3006//1
f 3006//1 3012//1 3018//1
f 3006//1 3018//1 3024//1
f 3024//1 3018//1 3020//1
f 3024//1 3020//1 3022//1
f 3008//1 3010//1 3012//1
f 3014//1 3016//1 3012//1
f 3012//1 3016//1 3018//1
f 3026//1 3028//1 3024//1
f 3024//1 3028//1 3006//1
f 3030//82 3031//82 3032//82
f 3032//82 3031//82 3033//82
f 3030//3817 3032//3817 3034//3817
f 3034//3817 3032//3817 3035//3817
f 3034//574 3035//574 3036//574
f 3036//574 3035//574 3037//574
f 3038//82 3036//82 3039//82
f 3039//82 3036//82 3037//82
f 3040//33 3038//33 3041//33
f 3041//33 3038//33 3039//33
f 3042//3818 3040//3818 3043//3818
f 3043//119 3040//119 3041//119
f 3042//3819 3043//3819 3044//3819
f 3044//3819 3043//3819 3045//3819
f 3044//33 3045//33 3046//33
f 3046//3820 3045//3820 3047//3820
f 3048//119 3046//119 3049//119
f 3049//119 3046//119 3047//119
f 3031//574 3048//574 3033//574
f 3033//3821 3048//3821 3049//3821
f 3031//35 3030//35 3048//35
f 3048//35 3030//35 3046//35
f 3046//35 3030//35 3044//35
f 3044//3822 3030//3822 3042//3822
f 3042//3823 3030//3823 3034//3823
f 3042//35 3034//35 3036//35
f 3036//35 3038//35 3042//35
f 3042//35 3038//35 3040//35
f 1909//35 3045//35 1894//35
f 1894//35 3045//35 3050//35
f 1894//3824 3050//3824 3041//3824
f 3041//3824 3050//3824 3043//3824
f 3043//3825 3050//3825 3045//3825
f 3045//3826 1909//3826 3047//3826
f 3047//3827 1909//3827 3051//3827
f 3047//3827 3051//3827 3049//3827
f 3049//3827 3051//3827 3052//3827
f 3049//3828 3052//3828 3033//3828
f 3033//35 3052//35 3053//35
f 3033//3829 3053//3829 3035//3829
f 3035//3830 3053//3830 3054//3830
f 3035//3830 3054//3830 3037//3830
f 3037//3831 3054//3831 3055//3831
f 3037//3831 3055//3831 3039//3831
f 3039//3831 3055//3831 1908//3831
f 3039//3832 1908//3832 3041//3832
f 3041//3832 1908//3832 1894//3832
f 3032//3833 3033//3833 3035//3833
f 3056//75 3057//75 3058//75
f 3058//75 3057//75 3059//75
f 3056//3834 3058//3834 3060//3834
f 3060//3834 3058//3834 3061//3834
f 3060//3835 3061//3835 3062//3835
f 3062//3835 3061//3835 3063//3835
f 3064//75 3062//75 3065//75
f 3065//75 3062//75 3063//75
f 3066//3836 3064//3836 3067//3836
f 3067//3836 3064//3836 3065//3836
f 3068//3837 3066//3837 3069//3837
f 3069//3838 3066//3838 3067//3838
f 3068//3839 3069//3839 3070//3839
f 3070//3839 3069//3839 3071//3839
f 3070//3836 3071//3836 3072//3836
f 3072//3836 3071//3836 3073//3836
f 3074//3838 3072//3838 3075//3838
f 3075//3838 3072//3838 3073//3838
f 3057//3835 3074//3835 3059//3835
f 3059//3835 3074//3835 3075//3835
f 3057//65 3056//65 3074//65
f 3074//65 3056//65 3072//65
f 3072//65 3056//65 3070//65
f 3070//3840 3056//3840 3068//3840
f 3068//3841 3056//3841 3060//3841
f 3068//65 3060//65 3062//65
f 3062//65 3064//65 3068//65
f 3068//65 3064//65 3066//65
f 1908//65 3071//65 1878//65
f 1878//65 3071//65 3076//65
f 1878//3842 3076//3842 3067//3842
f 3067//3842 3076//3842 3069//3842
f 3069//3843 3076//3843 3071//3843
f 3071//65 1908//65 3073//65
f 3073//65 1908//65 3055//65
f 3073//65 3055//65 3075//65
f 3075//65 3055//65 3054//65
f 3075//65 3054//65 3059//65
f 3059//65 3054//65 3077//65
f 3059//3844 3077//3844 3061//3844
f 3061//3845 3077//3845 3078//3845
f 3061//3845 3078//3845 3063//3845
f 3063//3846 3078//3846 3079//3846
f 3063//3846 3079//3846 3065//3846
f 3065//3846 3079//3846 1911//3846
f 3065//3847 1911//3847 3067//3847
f 3067//3847 1911//3847 1878//3847
f 3058//3848 3059//3848 3061//3848
f 3080//90 3081//90 3082//90
f 3082//90 3081//90 3083//90
f 3080//3849 3082//3849 3084//3849
f 3084//3849 3082//3849 3085//3849
f 3084//586 3085//586 3086//586
f 3086//586 3085//586 3087//586
f 3088//90 3086//90 3089//90
f 3089//90 3086//90 3087//90
f 3090//581 3088//581 3091//581
f 3091//581 3088//581 3089//581
f 3092//3850 3090//3850 3093//3850
f 3093//156 3090//156 3091//156
f 3092//3851 3093//3851 3094//3851
f 3094//3851 3093//3851 3095//3851
f 3094//581 3095//581 3096//581
f 3096//581 3095//581 3097//581
f 3098//156 3096//156 3099//156
f 3099//156 3096//156 3097//156
f 3081//586 3098//586 3083//586
f 3083//586 3098//586 3099//586
f 3081//229 3080//229 3098//229
f 3098//229 3080//229 3096//229
f 3096//229 3080//229 3094//229
f 3094//229 3080//229 3092//229
f 3092//229 3080//229 3084//229
f 3092//229 3084//229 3086//229
f 3086//229 3088//229 3092//229
f 3092//229 3088//229 3090//229
f 1911//229 3095//229 1862//229
f 1862//229 3095//229 3100//229
f 1862//229 3100//229 3091//229
f 3091//229 3100//229 3093//229
f 3093//229 3100//229 3095//229
f 3095//229 1911//229 3097//229
f 3097//229 1911//229 3079//229
f 3097//229 3079//229 3099//229
f 3099//229 3079//229 3078//229
f 3099//229 3078//229 3083//229
f 3083//229 3078//229 3101//229
f 3083//229 3101//229 3085//229
f 3085//229 3101//229 3102//229
f 3085//229 3102//229 3087//229
f 3087//229 3102//229 3103//229
f 3087//229 3103//229 3089//229
f 3089//229 3103//229 1910//229
f 3089//229 1910//229 3091//229
f 3091//229 1910//229 1862//229
f 3082//229 3083//229 3085//229
f 3104//85 3105//85 3106//85
f 3106//85 3105//85 3107//85
f 3104//3852 3106//3852 3108//3852
f 3108//3852 3106//3852 3109//3852
f 3108//1866 3109//1866 3110//1866
f 3110//1866 3109//1866 3111//1866
f 3112//85 3110//85 3113//85
f 3113//85 3110//85 3111//85
f 3114//1848 3112//1848 3115//1848
f 3115//1848 3112//1848 3113//1848
f 3116//3853 3114//3853 3117//3853
f 3117//136 3114//136 3115//136
f 3116//3854 3117//3854 3118//3854
f 3118//3854 3117//3854 3119//3854
f 3118//1848 3119//1848 3120//1848
f 3120//1848 3119//1848 3121//1848
f 3122//136 3120//136 3123//136
f 3123//136 3120//136 3121//136
f 3105//1866 3122//1866 3107//1866
f 3107//1866 3122//1866 3123//1866
f 3105//41 3104//41 3122//41
f 3122//41 3104//41 3120//41
f 3120//41 3104//41 3118//41
f 3118//41 3104//41 3116//41
f 3116//41 3104//41 3108//41
f 3116//41 3108//41 3110//41
f 3110//41 3112//41 3116//41
f 3116//41 3112//41 3114//41
f 3124//3855 3125//3855 3126//3855
f 3126//3855 3125//3855 3127//3855
f 3128//3856 3126//3856 3129//3856
f 3129//3857 3126//3857 3127//3857
f 3130//3858 3128//3858 3131//3858
f 3131//3858 3128//3858 3129//3858
f 3130//3859 3131//3859 3132//3859
f 3132//3859 3131//3859 3133//3859
f 3132//1842 3133//1842 3134//1842
f 3134//1842 3133//1842 3135//1842
f 3136//3860 3134//3860 3137//3860
f 3137//3860 3134//3860 3135//3860
f 3136//3861 3137//3861 3138//3861
f 3138//1802 3137//1802 3139//1802
f 3140//1786 3138//1786 3141//1786
f 3141//1786 3138//1786 3139//1786
f 3124//3862 3140//3862 3125//3862
f 3125//1797 3140//1797 3141//1797
f 3126//3863 3128//3863 3124//3863
f 3124//3864 3128//3864 3130//3864
f 3124//247 3130//247 3136//247
f 3136//3865 3130//3865 3132//3865
f 3136//3866 3132//3866 3134//3866
f 3136//247 3138//247 3124//247
f 3124//247 3138//247 3140//247
f 3142//3867 3143//3867 3144//3867
f 3144//3867 3143//3867 3145//3867
f 3146//3868 3144//3868 3147//3868
f 3147//3838 3144//3838 3145//3838
f 3148//3869 3146//3869 3149//3869
f 3149//3869 3146//3869 3147//3869
f 3148//3870 3149//3870 3150//3870
f 3150//3870 3149//3870 3151//3870
f 3150//3838 3151//3838 3152//3838
f 3152//3871 3151//3871 3153//3871
f 3154//3872 3152//3872 3155//3872
f 3155//3872 3152//3872 3153//3872
f 3154//3873 3155//3873 3156//3873
f 3156//3835 3155//3835 3157//3835
f 3158//75 3156//75 3159//75
f 3159//75 3156//75 3157//75
f 3142//3874 3158//3874 3143//3874
f 3143//3836 3158//3836 3159//3836
f 3144//3875 3146//3875 3142//3875
f 3142//3876 3146//3876 3148//3876
f 3142//65 3148//65 3154//65
f 3154//3877 3148//3877 3150//3877
f 3154//3878 3150//3878 3152//3878
f 3154//65 3156//65 3142//65
f 3142//65 3156//65 3158//65
f 3160//3879 3161//3879 3162//3879
f 3162//3879 3161//3879 3163//3879
f 3164//3880 3162//3880 3165//3880
f 3165//3811 3162//3811 3163//3811
f 3166//3881 3164//3881 3167//3881
f 3167//3881 3164//3881 3165//3881
f 3166//3882 3167//3882 3168//3882
f 3168//3882 3167//3882 3169//3882
f 3168//3811 3169//3811 3170//3811
f 3170//3811 3169//3811 3171//3811
f 3172//3883 3170//3883 3173//3883
f 3173//3883 3170//3883 3171//3883
f 3172//3884 3173//3884 3174//3884
f 3174//1810 3173//1810 3175//1810
f 3176//1882 3174//1882 3177//1882
f 3177//1882 3174//1882 3175//1882
f 3160//3885 3176//3885 3161//3885
f 3161//1805 3176//1805 3177//1805
f 3162//1 3164//1 3160//1
f 3160//1 3164//1 3166//1
f 3160//1 3166//1 3172//1
f 3172//1 3166//1 3168//1
f 3172//1 3168//1 3170//1
f 3172//1 3174//1 3160//1
f 3160//1 3174//1 3176//1
f 3178//3886 3179//3886 3180//3886
f 3180//3886 3179//3886 3181//3886
f 3182//3887 3180//3887 3183//3887
f 3183//85 3180//85 3181//85
f 3184//3888 3182//3888 3185//3888
f 3185//3888 3182//3888 3183//3888
f 3184//3889 3185//3889 3186//3889
f 3186//3889 3185//3889 3187//3889
f 3186//85 3187//85 3188//85
f 3188//85 3187//85 3189//85
f 3190//3890 3188//3890 3191//3890
f 3191//3890 3188//3890 3189//3890
f 3190//3891 3191//3891 3192//3891
f 3192//1848 3191//1848 3193//1848
f 3194//136 3192//136 3195//136
f 3195//136 3192//136 3193//136
f 3178//3892 3194//3892 3179//3892
f 3179//1866 3194//1866 3195//1866
f 3180//41 3182//41 3178//41
f 3178//41 3182//41 3184//41
f 3178//41 3184//41 3190//41
f 3190//41 3184//41 3186//41
f 3190//41 3186//41 3188//41
f 3190//41 3192//41 3178//41
f 3178//41 3192//41 3194//41
f 3106//41 3107//41 3109//41
f 3109//41 3107//41 3196//41
f 3109//41 3196//41 3052//41
f 3196//41 3107//41 3102//41
f 3102//41 3107//41 3123//41
f 3102//41 3123//41 3103//41
f 3103//41 3123//41 3121//41
f 3103//41 3121//41 1910//41
f 1910//41 3121//41 3119//41
f 1910//41 3119//41 1847//41
f 1847//41 3119//41 3197//41
f 1847//41 3197//41 3115//41
f 3115//41 3197//41 3117//41
f 3117//41 3197//41 3119//41
f 1847//41 3115//41 1909//41
f 1909//41 3115//41 3113//41
f 1909//41 3113//41 3051//41
f 3051//41 3113//41 3111//41
f 3051//41 3111//41 3052//41
f 3052//41 3111//41 3109//41
f 30//1 3101//1 32//1
f 32//1 3101//1 3078//1
f 32//1 3078//1 3077//1
f 52//1 3196//1 30//1
f 30//1 3196//1 3102//1
f 30//1 3102//1 3101//1
f 42//1 3053//1 52//1
f 52//1 3053//1 3052//1
f 52//1 3052//1 3196//1
f 32//1 3077//1 42//1
f 42//1 3077//1 3054//1
f 42//1 3054//1 3053//1
f 2959//247 3198//247 2961//247
f 2961//247 3198//247 3199//247
f 2961//247 3199//247 2963//247
f 2963//247 3199//247 3200//247
f 2963//247 3200//247 2965//247
f 2965//3893 3200//3893 2967//3893
f 2967//3894 3200//3894 3201//3894
f 2967//3895 3201//3895 2969//3895
f 2969//3895 3201//3895 3202//3895
f 2969//3896 3202//3896 2971//3896
f 2971//3897 3202//3897 2973//3897
f 2973//3895 3202//3895 1663//3895
f 2973//3895 1663//3895 2975//3895
f 2975//3898 1663//3898 1630//3898
f 2975//3899 1630//3899 3203//3899
f 3203//247 1630//247 2979//247
f 3203//247 2979//247 2977//247
f 2959//247 2981//247 3198//247
f 3198//247 2981//247 1660//247
f 1660//247 2981//247 2979//247
f 1660//247 2979//247 1630//247
f 2977//3900 2975//3900 3203//3900
f 2983//229 3202//229 2985//229
f 2985//229 3202//229 3201//229
f 2985//229 3201//229 2987//229
f 2987//229 3201//229 3204//229
f 2987//229 3204//229 2989//229
f 2989//229 3204//229 2991//229
f 2991//229 3204//229 3205//229
f 2991//229 3205//229 2993//229
f 2993//229 3205//229 3206//229
f 2993//229 3206//229 2995//229
f 2995//229 3206//229 2997//229
f 2997//229 3206//229 1662//229
f 2997//229 1662//229 2999//229
f 2999//229 1662//229 1614//229
f 2999//229 1614//229 3207//229
f 3207//229 1614//229 3003//229
f 3207//229 3003//229 3001//229
f 2983//229 3005//229 3202//229
f 3202//229 3005//229 1663//229
f 1663//229 3005//229 3003//229
f 1663//229 3003//229 1614//229
f 3001//229 2999//229 3207//229
f 3007//1 3206//1 3009//1
f 3009//1 3206//1 3205//1
f 3009//1 3205//1 3011//1
f 3011//1 3205//1 3208//1
f 3011//1 3208//1 3013//1
f 3013//1 3208//1 3015//1
f 3015//1 3208//1 3209//1
f 3015//1 3209//1 3017//1
f 3017//1 3209//1 3210//1
f 3017//1 3210//1 3019//1
f 3019//1 3210//1 3021//1
f 3021//1 3210//1 1661//1
f 3021//1 1661//1 3023//1
f 3023//1 1661//1 1599//1
f 3023//1 1599//1 3211//1
f 3211//1 1599//1 3027//1
f 3211//1 3027//1 3025//1
f 3007//1 3029//1 3206//1
f 3206//1 3029//1 1662//1
f 1662//1 3029//1 3027//1
f 1662//1 3027//1 1599//1
f 3025//1 3023//1 3211//1
f 2935//3901 3210//3901 2937//3901
f 2937//3902 3210//3902 3209//3902
f 2937//3902 3209//3902 2939//3902
f 2939//3903 3209//3903 3212//3903
f 2939//3904 3212//3904 2941//3904
f 2941//3905 3212//3905 2943//3905
f 2943//3906 3212//3906 3199//3906
f 2943//3907 3199//3907 2945//3907
f 2945//3907 3199//3907 3198//3907
f 2945//3908 3198//3908 2947//3908
f 2947//3909 3198//3909 2949//3909
f 2949//3907 3198//3907 1660//3907
f 2949//3907 1660//3907 2951//3907
f 2951//3910 1660//3910 1646//3910
f 2951//3911 1646//3911 3213//3911
f 3213//3912 1646//3912 2955//3912
f 3213//3913 2955//3913 2953//3913
f 2935//3914 2957//3914 3210//3914
f 3210//3902 2957//3902 1661//3902
f 1661//3902 2957//3902 2955//3902
f 1661//3915 2955//3915 1646//3915
f 2953//3916 2951//3916 3213//3916
f 9//65 3204//65 8//65
f 8//65 3204//65 3201//65
f 8//65 3201//65 3200//65
f 18//65 3208//65 9//65
f 9//65 3208//65 3205//65
f 9//65 3205//65 3204//65
f 14//65 3212//65 18//65
f 18//65 3212//65 3209//65
f 18//65 3209//65 3208//65
f 8//65 3200//65 14//65
f 14//65 3200//65 3199//65
f 14//65 3199//65 3212//65
f 3179//41 3214//41 3181//41
f 3181//41 3214//41 3215//41
f 3181//41 3215//41 3183//41
f 3183//41 3215//41 3216//41
f 3183//41 3216//41 3185//41
f 3185//41 3216//41 3187//41
f 3187//41 3216//41 3217//41
f 3187//41 3217//41 3189//41
f 3189//41 3217//41 3218//41
f 3189//41 3218//41 3191//41
f 3191//41 3218//41 1785//41
f 3191//41 1785//41 3193//41
f 3193//41 1785//41 1723//41
f 3193//41 1723//41 3195//41
f 3195//41 1723//41 1786//41
f 3195//41 1786//41 3179//41
f 3179//41 1786//41 3214//41
f 3125//3917 3218//3917 3127//3917
f 3127//247 3218//247 3217//247
f 3127//3918 3217//3918 3129//3918
f 3129//3919 3217//3919 3219//3919
f 3129//3920 3219//3920 3131//3920
f 3131//3921 3219//3921 3133//3921
f 3133//3922 3219//3922 3220//3922
f 3133//3922 3220//3922 3135//3922
f 3135//3923 3220//3923 3221//3923
f 3135//3924 3221//3924 3137//3924
f 3137//3925 3221//3925 1784//3925
f 3137//3925 1784//3925 3139//3925
f 3139//3926 1784//3926 1770//3926
f 3139//3926 1770//3926 3141//3926
f 3141//3926 1770//3926 1785//3926
f 3141//3927 1785//3927 3125//3927
f 3125//3927 1785//3927 3218//3927
f 3143//65 3221//65 3145//65
f 3145//65 3221//65 3220//65
f 3145//65 3220//65 3147//65
f 3147//65 3220//65 3222//65
f 3147//65 3222//65 3149//65
f 3149//65 3222//65 3151//65
f 3151//65 3222//65 3223//65
f 3151//3928 3223//3928 3153//3928
f 3153//3929 3223//3929 3224//3929
f 3153//3930 3224//3930 3155//3930
f 3155//65 3224//65 1787//65
f 3155//65 1787//65 3157//65
f 3157//65 1787//65 1754//65
f 3157//65 1754//65 3159//65
f 3159//65 1754//65 1784//65
f 3159//65 1784//65 3143//65
f 3143//65 1784//65 3221//65
f 3161//3931 3224//3931 3163//3931
f 3163//3932 3224//3932 3223//3932
f 3163//3933 3223//3933 3165//3933
f 3165//3933 3223//3933 3225//3933
f 3165//3934 3225//3934 3167//3934
f 3167//3935 3225//3935 3169//3935
f 3169//3933 3225//3933 3215//3933
f 3169//3933 3215//3933 3171//3933
f 3171//3936 3215//3936 3214//3936
f 3171//3937 3214//3937 3173//3937
f 3173//3938 3214//3938 1786//3938
f 3173//3938 1786//3938 3175//3938
f 3175//3939 1786//3939 1738//3939
f 3175//3939 1738//3939 3177//3939
f 3177//3939 1738//3939 1787//3939
f 3177//3940 1787//3940 3161//3940
f 3161//3940 1787//3940 3224//3940
f 1364//35 1363//35 1306//35
f 1306//35 1363//35 3215//35
f 1306//35 3215//35 3225//35
f 1488//35 1360//35 1363//35
f 1363//35 1360//35 3215//35
f 3215//35 1360//35 3216//35
f 3216//35 1360//35 1362//35
f 3216//35 1362//35 3217//35
f 3217//35 1362//35 1478//35
f 3217//35 1478//35 1354//35
f 1354//35 1478//35 1476//35
f 1362//35 1485//35 1478//35
f 3217//35 1354//35 3219//35
f 3219//35 1354//35 1356//35
f 3219//35 1356//35 3220//35
f 3220//35 1356//35 1352//35
f 3220//35 1352//35 1301//35
f 1301//35 1352//35 1348//35
f 1356//35 1473//35 1352//35
f 3220//35 1301//35 3222//35
f 3222//35 1301//35 1303//35
f 3222//35 1303//35 3223//35
f 3223//35 1303//35 1343//35
f 3223//35 1343//35 1304//35
f 1304//35 1343//35 1368//35
f 1303//35 1344//35 1343//35
f 3223//35 1304//35 3225//35
f 3225//35 1304//35 1306//35
#6462 polygons

